{
    "name": "HOOH",
    "geometry": [
        1.848671612718783,
        1.4723466699847623,
        0.6446435664312682,
        1.3127881568370925,
        -0.1304193792618355,
        -0.2118922703584585,
        -1.3127927010942337,
        0.1334187339129038,
        -0.21189641512867613,
        -1.8386801669381663,
        -1.482348324549995,
        0.6446369709610646
    ],
    "symbols": [
        "H",
        "O",
        "O",
        "H"
    ],
    "connectivity": [
        [
            0,
            1,
            1
        ],
        [
            1,
            2,
            1
        ],
        [
            2,
            3,
            1
        ]
    ]
}