{
    "comment": "Water from Water Dimer", 
    "real": [
        true, 
        true, 
        true
    ], 
    "name": "S22-2-monoA-unCP", 
    "geometry": [
        [
            -0.060070970883475995, 
            -0.10915501049032443, 
            0.0
        ], 
        [
            -0.7843122907641645, 
            1.548178271751441, 
            0.0
        ], 
        [
            1.7376821911146227, 
            0.1841909565697797, 
            0.0
        ]
    ], 
    "multiplicity": 1, 
    "masses": [
        15.99491461956, 
        1.00782503207, 
        1.00782503207
    ], 
    "symbols": [
        "O", 
        "H", 
        "H"
    ], 
    "charge": 0, 
    "fragment_multiplicities": [
        1
    ], 
    "fragments": [
        [
            0, 
            1, 
            2
        ]
    ], 
    "fragment_charges": [
        0
    ]
}