{
    "comment": "Phenol from Phenol Dimer", 
    "real": [
        true, 
        true, 
        true, 
        true, 
        true, 
        true, 
        true, 
        true, 
        true, 
        true, 
        true, 
        true, 
        true
    ], 
    "name": "S22-22-monoA-unCP", 
    "geometry": [
        [
            0.8532149863104649, 
            1.4733158633624877, 
            -0.36858422848637823
        ], 
        [
            2.0222018397848833, 
            3.676748628554398, 
            -1.0012072790746651
        ], 
        [
            3.656233475999876, 
            3.7425103420883654, 
            -0.17604003280666009
        ], 
        [
            1.881273056780964, 
            -0.2572157716639895, 
            1.3384883463264572
        ], 
        [
            0.58775892032778, 
            -2.4825523524621773, 
            1.8928861836439423
        ], 
        [
            -1.7304473064080061, 
            -2.9996443502999144, 
            0.7613535131507043
        ], 
        [
            -2.7509974949525504, 
            -1.2624414151065109, 
            -0.9369229534313879
        ], 
        [
            -1.4710423324754345, 
            0.9614173998557606, 
            -1.504804175679626
        ], 
        [
            3.6811043506073964, 
            0.13692232917322292, 
            2.2252674675406126
        ], 
        [
            1.405000088276623, 
            -3.8103415856231875, 
            3.214700480717995
        ], 
        [
            -2.7284978486965734, 
            -4.72731475098859, 
            1.1963841536678825
        ], 
        [
            -4.551340148670543, 
            -1.6374375350806583, 
            -1.8289286791838784
        ], 
        [
            -2.2384914844941, 
            2.3229151898299576, 
            -2.820330220073888
        ]
    ], 
    "multiplicity": 1, 
    "masses": [
        12, 
        15.99491461956, 
        1.00782503207, 
        12, 
        12, 
        12, 
        12, 
        12, 
        1.00782503207, 
        1.00782503207, 
        1.00782503207, 
        1.00782503207, 
        1.00782503207
    ], 
    "symbols": [
        "C", 
        "O", 
        "H", 
        "C", 
        "C", 
        "C", 
        "C", 
        "C", 
        "H", 
        "H", 
        "H", 
        "H", 
        "H"
    ], 
    "charge": 0, 
    "fragment_multiplicities": [
        1
    ], 
    "fragments": [
        [
            0, 
            1, 
            2, 
            3, 
            4, 
            5, 
            6, 
            7, 
            8, 
            9, 
            10, 
            11, 
            12
        ]
    ], 
    "fragment_charges": [
        0
    ]
}