{
    "comment": "Benzene from Benzene Dimer T-Shape", 
    "real": [
        true, 
        true, 
        true, 
        true, 
        true, 
        true, 
        true, 
        true, 
        true, 
        true, 
        true, 
        true
    ], 
    "name": "S22-20-monoA-unCP", 
    "geometry": [
        [
            -3.4841363310028213e-34, 
            0.0, 
            -2.6367084133325647
        ], 
        [
            6.977503484797337e-17, 
            -2.279025589959602, 
            -1.3164722265520856
        ], 
        [
            6.984262821897548e-17, 
            -2.2812333570006516, 
            1.3176478326131784
        ], 
        [
            -3.4841363310028213e-34, 
            0.0, 
            2.6347578454520253
        ], 
        [
            -6.984262821897548e-17, 
            2.2812333570006516, 
            1.3176478326131784
        ], 
        [
            -6.977503484797337e-17, 
            2.279025589959602, 
            -1.3164722265520856
        ], 
        [
            -3.4841363310028213e-34, 
            0.0, 
            -4.678776330201691
        ], 
        [
            1.2390702662126434e-16, 
            -4.047110618589237, 
            -2.343070672557544
        ], 
        [
            1.2401851547337515e-16, 
            -4.0507521208473065, 
            2.3407546316429033
        ], 
        [
            -3.4841363310028213e-34, 
            0.0, 
            4.678638009682588
        ], 
        [
            -1.2401851547337515e-16, 
            4.0507521208473065, 
            2.3407546316429033
        ], 
        [
            -1.2390702662126434e-16, 
            4.047110618589237, 
            -2.343070672557544
        ]
    ], 
    "multiplicity": 1, 
    "masses": [
        12, 
        12, 
        12, 
        12, 
        12, 
        12, 
        1.00782503207, 
        1.00782503207, 
        1.00782503207, 
        1.00782503207, 
        1.00782503207, 
        1.00782503207
    ], 
    "symbols": [
        "C", 
        "C", 
        "C", 
        "C", 
        "C", 
        "C", 
        "H", 
        "H", 
        "H", 
        "H", 
        "H", 
        "H"
    ], 
    "charge": 0, 
    "fragment_multiplicities": [
        1
    ], 
    "fragments": [
        [
            0, 
            1, 
            2, 
            3, 
            4, 
            5, 
            6, 
            7, 
            8, 
            9, 
            10, 
            11
        ]
    ], 
    "fragment_charges": [
        0
    ]
}