{
    "comment": "Ethene-Ethine Complex", 
    "real": [
        true, 
        true, 
        true, 
        true, 
        true, 
        true, 
        true, 
        true, 
        true, 
        true
    ], 
    "name": "S22-16-dimer", 
    "geometry": [
        [
            3.86235105939066e-17, 
            -1.2615395923395314, 
            -4.021632563049252
        ], 
        [
            -3.86235105939066e-17, 
            1.2615395923395314, 
            -4.021632563049252
        ], 
        [
            1.7453907405819704, 
            -2.328620696426732, 
            -4.024516285128035
        ], 
        [
            -1.7453907405819702, 
            -2.328620696426732, 
            -4.024516285128035
        ], 
        [
            -1.7453907405819704, 
            2.328620696426732, 
            -4.024516285128035
        ], 
        [
            1.7453907405819702, 
            2.328620696426732, 
            -4.024516285128035
        ], 
        [
            0.0, 
            0.0, 
            5.4745473903346324
        ], 
        [
            0.0, 
            0.0, 
            3.193150949968712
        ], 
        [
            0.0, 
            0.0, 
            1.1789145416394995
        ], 
        [
            0.0, 
            0.0, 
            7.48413129292468
        ]
    ], 
    "multiplicity": 1, 
    "masses": [
        12, 
        12, 
        1.00782503207, 
        1.00782503207, 
        1.00782503207, 
        1.00782503207, 
        12, 
        12, 
        1.00782503207, 
        1.00782503207
    ], 
    "symbols": [
        "C", 
        "C", 
        "H", 
        "H", 
        "H", 
        "H", 
        "C", 
        "C", 
        "H", 
        "H"
    ], 
    "charge": 0, 
    "fragment_multiplicities": [
        1, 
        1
    ], 
    "fragments": [
        [
            0, 
            1, 
            2, 
            3, 
            4, 
            5
        ], 
        [
            6, 
            7, 
            8, 
            9
        ]
    ], 
    "fragment_charges": [
        0, 
        0
    ]
}