{
    "comment": "Ethene from Ethene Dimer", 
    "real": [
        true, 
        true, 
        true, 
        true, 
        true, 
        true
    ], 
    "name": "S22-9-monoB-unCP", 
    "geometry": [
        [
            -1.2612083902882056, 
            -3.861337045560592e-17, 
            -0.0001645564491354566
        ], 
        [
            1.2612083902882056, 
            3.861337045560592e-17, 
            -0.0001645564491354566
        ], 
        [
            -2.3315271415419665, 
            -7.138243127536368e-17, 
            -1.7443553209367235
        ], 
        [
            2.3315271415419665, 
            7.138243127536368e-17, 
            -1.7443553209367235
        ], 
        [
            -2.326294432895315, 
            -7.122222577798887e-17, 
            1.7463146663853772
        ], 
        [
            2.326294432895315, 
            7.122222577798887e-17, 
            1.7463146663853772
        ]
    ], 
    "multiplicity": 1, 
    "masses": [
        12, 
        12, 
        1.00782503207, 
        1.00782503207, 
        1.00782503207, 
        1.00782503207
    ], 
    "symbols": [
        "C", 
        "C", 
        "H", 
        "H", 
        "H", 
        "H"
    ], 
    "charge": 0, 
    "fragment_multiplicities": [
        1
    ], 
    "fragments": [
        [
            0, 
            1, 
            2, 
            3, 
            4, 
            5
        ]
    ], 
    "fragment_charges": [
        0
    ]
}