{
    "comment": "Ammonia from Benzene-Ammonia Complex", 
    "real": [
        true, 
        true, 
        true, 
        true
    ], 
    "name": "S22-18-monoB-unCP", 
    "geometry": [
        [
            -0.11435399100364907, 
            -0.06829159076791615, 
            0.0
        ], 
        [
            0.9800931820769351, 
            -0.44023618098267964, 
            -1.5232570241409158
        ], 
        [
            0.9800931820769351, 
            -0.44023618098267964, 
            1.5232570241409158
        ], 
        [
            -0.3713119585667472, 
            1.829339644476814, 
            0.0
        ]
    ], 
    "multiplicity": 1, 
    "masses": [
        14.00307400478, 
        1.00782503207, 
        1.00782503207, 
        1.00782503207
    ], 
    "symbols": [
        "N", 
        "H", 
        "H", 
        "H"
    ], 
    "charge": 0, 
    "fragment_multiplicities": [
        1
    ], 
    "fragments": [
        [
            0, 
            1, 
            2, 
            3
        ]
    ], 
    "fragment_charges": [
        0
    ]
}