{
    "comment": "Uracil from Uracil Dimer Stack", 
    "real": [
        true, 
        true, 
        true, 
        true, 
        true, 
        true, 
        true, 
        true, 
        true, 
        true, 
        true, 
        true
    ], 
    "name": "S22-13-monoB-unCP", 
    "geometry": [
        [
            -0.8532383248451078, 
            2.801564493490162, 
            -0.18564161507901933
        ], 
        [
            -0.8803538161532706, 
            1.826413652479902, 
            -2.57866909140244
        ], 
        [
            -1.3940063234565423, 
            3.137655876703526, 
            -4.055004404636418
        ], 
        [
            -0.29229938949125167, 
            -0.6097169651537339, 
            -3.0474842557233472
        ], 
        [
            -0.3164211766596971, 
            -1.3634937596283585, 
            -4.936295383215447
        ], 
        [
            0.47410190938672875, 
            -2.2454051352968136, 
            -0.9840919132802873
        ], 
        [
            1.208010879190647, 
            -4.425303251229767, 
            -1.1833761951581685
        ], 
        [
            0.3457365926320728, 
            -1.077953873277978, 
            1.387938815980641
        ], 
        [
            0.9600572676781356, 
            -2.110646686061992, 
            2.878432713292652
        ], 
        [
            -0.16279324507017265, 
            1.425851427653945, 
            1.9247931917708696
        ], 
        [
            -0.002389700431186791, 
            2.3453823373402076, 
            4.0244285917165445
        ], 
        [
            -1.07642405182434, 
            4.669175728360483, 
            0.1070404911906021
        ]
    ], 
    "multiplicity": 1, 
    "masses": [
        14.00307400478, 
        12, 
        1.00782503207, 
        12, 
        1.00782503207, 
        12, 
        15.99491461956, 
        14.00307400478, 
        1.00782503207, 
        12, 
        15.99491461956, 
        1.00782503207
    ], 
    "symbols": [
        "N", 
        "C", 
        "H", 
        "C", 
        "H", 
        "C", 
        "O", 
        "N", 
        "H", 
        "C", 
        "O", 
        "H"
    ], 
    "charge": 0, 
    "fragment_multiplicities": [
        1
    ], 
    "fragments": [
        [
            0, 
            1, 
            2, 
            3, 
            4, 
            5, 
            6, 
            7, 
            8, 
            9, 
            10, 
            11
        ]
    ], 
    "fragment_charges": [
        0
    ]
}