{
    "comment": "Benzene from Indole-Benzene Complex Stack", 
    "real": [
        true, 
        true, 
        true, 
        true, 
        true, 
        true, 
        true, 
        true, 
        true, 
        true, 
        true, 
        true
    ], 
    "name": "S22-14-monoA-unCP", 
    "geometry": [
        [
            0.19615611813449352, 
            2.2627661397843153, 
            1.3307962465062864
        ], 
        [
            -2.172814388626839, 
            1.2087553264952178, 
            0.8706947983567278
        ], 
        [
            -2.3686393378458606, 
            -1.0585401664397227, 
            -0.45401399223506544
        ], 
        [
            -0.19665822954663248, 
            -2.269301305807711, 
            -1.324004219566825
        ], 
        [
            2.1725496268169913, 
            -1.2055967643747507, 
            -0.8750933516309886
        ], 
        [
            2.36948063274159, 
            1.06244460346484, 
            0.4500922168641318
        ], 
        [
            0.3495039923111243, 
            4.010198162535028, 
            2.3787227085653306
        ], 
        [
            -3.85546584365178, 
            2.1372705611350598, 
            1.5639259013693763
        ], 
        [
            -4.206715476067473, 
            -1.8822984329030483, 
            -0.8022043470142299
        ], 
        [
            -0.35048061395523084, 
            -4.0251798374545835, 
            -2.360473650027411
        ], 
        [
            3.8578007780829426, 
            -2.132634800096515, 
            -1.5708020745764633
        ], 
        [
            4.204471037160813, 
            1.8863595282245817, 
            0.8090286882705637
        ]
    ], 
    "multiplicity": 1, 
    "masses": [
        12, 
        12, 
        12, 
        12, 
        12, 
        12, 
        1.00782503207, 
        1.00782503207, 
        1.00782503207, 
        1.00782503207, 
        1.00782503207, 
        1.00782503207
    ], 
    "symbols": [
        "C", 
        "C", 
        "C", 
        "C", 
        "C", 
        "C", 
        "H", 
        "H", 
        "H", 
        "H", 
        "H", 
        "H"
    ], 
    "charge": 0, 
    "fragment_multiplicities": [
        1
    ], 
    "fragments": [
        [
            0, 
            1, 
            2, 
            3, 
            4, 
            5, 
            6, 
            7, 
            8, 
            9, 
            10, 
            11
        ]
    ], 
    "fragment_charges": [
        0
    ]
}