{
    "comment": "2-Pyridone from 2-Pyridone-2-Aminopyridine Complex", 
    "real": [
        true, 
        true, 
        true, 
        true, 
        true, 
        true, 
        true, 
        true, 
        true, 
        true, 
        true, 
        true
    ], 
    "name": "S22-6-monoA-unCP", 
    "geometry": [
        [
            2.1858723675816067, 
            -3.5754785399744757, 
            -0.6298932952088713
        ], 
        [
            2.0599529233607448, 
            0.6764422976504256, 
            0.10055426323744031
        ], 
        [
            -3.082908023450313, 
            0.6868057447357838, 
            0.1324261952220763
        ], 
        [
            -1.755413209620807, 
            2.970812274836445, 
            0.5367882813560397
        ], 
        [
            0.8246480209788374, 
            2.880849405636452, 
            0.506104987108989
        ], 
        [
            0.9013083520389961, 
            -1.6440128921561077, 
            -0.294722586567449
        ], 
        [
            -1.8165333778271804, 
            -1.5333614902258952, 
            -0.2679207897973452
        ], 
        [
            -5.127713964513376, 
            0.6888389010821554, 
            0.14196156431600399
        ], 
        [
            -2.716855977263114, 
            4.736657222108157, 
            0.8606234677893474
        ], 
        [
            2.0057846796520304, 
            4.520573841826762, 
            0.7983766448625477
        ], 
        [
            -2.807731395212678, 
            -3.2901457676082604, 
            -0.5743746532055974
        ], 
        [
            4.020975399678351, 
            0.6708296220631418, 
            0.07811130876545057
        ]
    ], 
    "multiplicity": 1, 
    "masses": [
        15.99491461956, 
        14.00307400478, 
        12, 
        12, 
        12, 
        12, 
        12, 
        1.00782503207, 
        1.00782503207, 
        1.00782503207, 
        1.00782503207, 
        1.00782503207
    ], 
    "symbols": [
        "O", 
        "N", 
        "C", 
        "C", 
        "C", 
        "C", 
        "C", 
        "H", 
        "H", 
        "H", 
        "H", 
        "H"
    ], 
    "charge": 0, 
    "fragment_multiplicities": [
        1
    ], 
    "fragments": [
        [
            0, 
            1, 
            2, 
            3, 
            4, 
            5, 
            6, 
            7, 
            8, 
            9, 
            10, 
            11
        ]
    ], 
    "fragment_charges": [
        0
    ]
}