{
    "comment": "Formamide from Formamide Dimer", 
    "real": [
        true, 
        true, 
        true, 
        true, 
        true, 
        true
    ], 
    "name": "S22-4-monoA-unCP", 
    "geometry": [
        [
            -0.7641820349592039, 
            0.1123129638628954, 
            0.0
        ], 
        [
            0.3062514432877358, 
            2.173533633034044, 
            0.0
        ], 
        [
            0.39021197537184493, 
            -2.146603294426217, 
            0.0
        ], 
        [
            -0.6620366682983363, 
            -3.7236780180781963, 
            0.0
        ], 
        [
            2.318726626861099, 
            -2.269998631451384, 
            0.0
        ], 
        [
            -2.839879896034389, 
            -0.013512560969162259, 
            0.0
        ]
    ], 
    "multiplicity": 1, 
    "masses": [
        12, 
        15.99491461956, 
        14.00307400478, 
        1.00782503207, 
        1.00782503207, 
        1.00782503207
    ], 
    "symbols": [
        "C", 
        "O", 
        "N", 
        "H", 
        "H", 
        "H"
    ], 
    "charge": 0, 
    "fragment_multiplicities": [
        1
    ], 
    "fragments": [
        [
            0, 
            1, 
            2, 
            3, 
            4, 
            5
        ]
    ], 
    "fragment_charges": [
        0
    ]
}