{
    "comment": "Phenol from Phenol Dimer", 
    "real": [
        true, 
        true, 
        true, 
        true, 
        true, 
        true, 
        true, 
        true, 
        true, 
        true, 
        true, 
        true, 
        true
    ], 
    "name": "S22-22-monoB-unCP", 
    "geometry": [
        [
            -2.0890858572367206, 
            3.632202947930944, 
            1.056351133797756
        ], 
        [
            -0.7967817124264237, 
            1.4556766703368995, 
            0.4464151902978276
        ], 
        [
            -1.2742967979179103, 
            4.407892250752057, 
            2.4876253604752367
        ], 
        [
            -1.6406806800140445, 
            0.1010863962962384, 
            -1.6454443645562487
        ], 
        [
            -0.40983761000449376, 
            -2.1224834795403145, 
            -2.3170449063614345
        ], 
        [
            1.6496439442065598, 
            -2.9909709966512033, 
            -0.9225264198864199
        ], 
        [
            2.4775639545323394, 
            -1.6173853844953894, 
            1.162800540698884
        ], 
        [
            1.2545328233835247, 
            0.6087874001166003, 
            1.8570957484969604
        ], 
        [
            -3.2391081751319515, 
            0.7948281033099925, 
            -2.7120870521806193
        ], 
        [
            -1.070467724690439, 
            -3.1769432917585854, 
            -3.937245637009837
        ], 
        [
            2.5972571290905697, 
            -4.719302045595936, 
            -1.4550569133119928
        ], 
        [
            4.072642854942774, 
            -2.2699456127034594, 
            2.260012572084493
        ], 
        [
            1.8921298221261795, 
            1.6758926926983018, 
            3.4839605983529838
        ]
    ], 
    "multiplicity": 1, 
    "masses": [
        15.99491461956, 
        12, 
        1.00782503207, 
        12, 
        12, 
        12, 
        12, 
        12, 
        1.00782503207, 
        1.00782503207, 
        1.00782503207, 
        1.00782503207, 
        1.00782503207
    ], 
    "symbols": [
        "O", 
        "C", 
        "H", 
        "C", 
        "C", 
        "C", 
        "C", 
        "C", 
        "H", 
        "H", 
        "H", 
        "H", 
        "H"
    ], 
    "charge": 0, 
    "fragment_multiplicities": [
        1
    ], 
    "fragments": [
        [
            0, 
            1, 
            2, 
            3, 
            4, 
            5, 
            6, 
            7, 
            8, 
            9, 
            10, 
            11, 
            12
        ]
    ], 
    "fragment_charges": [
        0
    ]
}