{
    "comment": "Ethine from Ethene-Ethine Complex", 
    "real": [
        true, 
        true, 
        true, 
        true
    ], 
    "name": "S22-16-monoB-unCP", 
    "geometry": [
        [
            0.0, 
            0.0, 
            1.140878454454801
        ], 
        [
            0.0, 
            0.0, 
            -1.140517985911119
        ], 
        [
            0.0, 
            0.0, 
            -3.1547543942403315
        ], 
        [
            0.0, 
            0.0, 
            3.150462357044849
        ]
    ], 
    "multiplicity": 1, 
    "masses": [
        12, 
        12, 
        1.00782503207, 
        1.00782503207
    ], 
    "symbols": [
        "C", 
        "C", 
        "H", 
        "H"
    ], 
    "charge": 0, 
    "fragment_multiplicities": [
        1
    ], 
    "fragments": [
        [
            0, 
            1, 
            2, 
            3
        ]
    ], 
    "fragment_charges": [
        0
    ]
}