{
    "comment": "Benzene from Benzene Dimer T-Shape", 
    "real": [
        true, 
        true, 
        true, 
        true, 
        true, 
        true, 
        true, 
        true, 
        true, 
        true, 
        true, 
        true
    ], 
    "name": "S22-20-monoB-unCP", 
    "geometry": [
        [
            -2.6343978489067976, 
            -8.065517233360956e-17, 
            0.000319001061680984
        ], 
        [
            -1.3172275538043126, 
            2.2813488192673708, 
            -0.0005791857692795621
        ], 
        [
            1.3172275538043123, 
            2.2813488192673708, 
            -0.0005791857692795621
        ], 
        [
            2.6343978489067976, 
            8.065517233360956e-17, 
            0.000319001061680984
        ], 
        [
            1.3172275538043126, 
            -2.2813488192673708, 
            -0.0005791857692795621
        ], 
        [
            -1.3172275538043123, 
            -2.2813488192673708, 
            -0.0005791857692795621
        ], 
        [
            -4.677827124482055, 
            -1.4321715037404038e-16, 
            0.007557219068472862
        ], 
        [
            -2.3399195579478693, 
            4.0507517429020785, 
            0.00121851070093455
        ], 
        [
            2.3399195579478693, 
            4.0507517429020785, 
            0.00121851070093455
        ], 
        [
            4.677827124482055, 
            1.4321715037404038e-16, 
            0.007557219068472862
        ], 
        [
            2.3399195579478693, 
            -4.0507517429020785, 
            0.00121851070093455
        ], 
        [
            -2.3399195579478693, 
            -4.0507517429020785, 
            0.00121851070093455
        ]
    ], 
    "multiplicity": 1, 
    "masses": [
        12, 
        12, 
        12, 
        12, 
        12, 
        12, 
        1.00782503207, 
        1.00782503207, 
        1.00782503207, 
        1.00782503207, 
        1.00782503207, 
        1.00782503207
    ], 
    "symbols": [
        "C", 
        "C", 
        "C", 
        "C", 
        "C", 
        "C", 
        "H", 
        "H", 
        "H", 
        "H", 
        "H", 
        "H"
    ], 
    "charge": 0, 
    "fragment_multiplicities": [
        1
    ], 
    "fragments": [
        [
            0, 
            1, 
            2, 
            3, 
            4, 
            5, 
            6, 
            7, 
            8, 
            9, 
            10, 
            11
        ]
    ], 
    "fragment_charges": [
        0
    ]
}