{
    "comment": "Benzene from Benzene-Ammonia Complex", 
    "real": [
        true, 
        true, 
        true, 
        true, 
        true, 
        true, 
        true, 
        true, 
        true, 
        true, 
        true, 
        true
    ], 
    "name": "S22-18-monoA-unCP", 
    "geometry": [
        [
            -1.2977877756632445, 
            -0.22527902647260076, 
            -2.2811033438427097
        ], 
        [
            -2.5957711144207027, 
            -0.45078571508824317, 
            0.0
        ], 
        [
            -1.2977877756632445, 
            -0.22527902647260076, 
            2.2811033438427097
        ], 
        [
            1.2977659966916362, 
            0.22591444165914815, 
            2.2810383372637384
        ], 
        [
            2.5956610852386883, 
            0.45101257148486074, 
            0.0
        ], 
        [
            1.2977659966916362, 
            0.22591444165914815, 
            -2.2810383372637384
        ], 
        [
            -2.304385360278241, 
            -0.4052695824789463, 
            -4.050229989516789
        ], 
        [
            -4.606583905914967, 
            -0.8123043082826502, 
            0.0
        ], 
        [
            -2.304385360278241, 
            -0.4052695824789463, 
            4.050229989516789
        ], 
        [
            2.304184246296621, 
            0.4013730564536074, 
            4.050996462436289
        ], 
        [
            4.608814869466371, 
            0.8022646605445265, 
            0.0
        ], 
        [
            2.304184246296621, 
            0.4013730564536074, 
            -4.050996462436289
        ]
    ], 
    "multiplicity": 1, 
    "masses": [
        12, 
        12, 
        12, 
        12, 
        12, 
        12, 
        1.00782503207, 
        1.00782503207, 
        1.00782503207, 
        1.00782503207, 
        1.00782503207, 
        1.00782503207
    ], 
    "symbols": [
        "C", 
        "C", 
        "C", 
        "C", 
        "C", 
        "C", 
        "H", 
        "H", 
        "H", 
        "H", 
        "H", 
        "H"
    ], 
    "charge": 0, 
    "fragment_multiplicities": [
        1
    ], 
    "fragments": [
        [
            0, 
            1, 
            2, 
            3, 
            4, 
            5, 
            6, 
            7, 
            8, 
            9, 
            10, 
            11
        ]
    ], 
    "fragment_charges": [
        0
    ]
}