{
    "comment": "Uracil from Uracil Dimer HB", 
    "real": [
        true, 
        true, 
        true, 
        true, 
        true, 
        true, 
        true, 
        true, 
        true, 
        true, 
        true, 
        true
    ], 
    "name": "S22-5-monoA-unCP", 
    "geometry": [
        [
            -2.653498562330623, 
            -3.826157990282148, 
            0.0
        ], 
        [
            -1.069558085692644, 
            -2.1214388803952082, 
            0.0
        ], 
        [
            1.479031834862536, 
            -2.548515096701231, 
            0.0
        ], 
        [
            3.21043614541718, 
            -0.6266492576379219, 
            0.0
        ], 
        [
            2.5304646837611506, 
            1.831695279660398, 
            0.0
        ], 
        [
            -0.12555314388676567, 
            2.5043973428284434, 
            0.0
        ], 
        [
            -1.7301621221579553, 
            0.38315783784116725, 
            0.0
        ], 
        [
            -1.011121139622355, 
            4.628925160259552, 
            0.0
        ], 
        [
            3.9164782688024995, 
            3.3202096888482115, 
            0.0
        ], 
        [
            2.051131681729828, 
            -4.404390187423267, 
            0.0
        ], 
        [
            -3.6053445447796832, 
            0.7473868652279719, 
            0.0
        ], 
        [
            5.161262793357415, 
            -1.2255690426461934, 
            0.0
        ]
    ], 
    "multiplicity": 1, 
    "masses": [
        15.99491461956, 
        12, 
        14.00307400478, 
        12, 
        12, 
        12, 
        14.00307400478, 
        15.99491461956, 
        1.00782503207, 
        1.00782503207, 
        1.00782503207, 
        1.00782503207
    ], 
    "symbols": [
        "O", 
        "C", 
        "N", 
        "C", 
        "C", 
        "C", 
        "N", 
        "O", 
        "H", 
        "H", 
        "H", 
        "H"
    ], 
    "charge": 0, 
    "fragment_multiplicities": [
        1
    ], 
    "fragments": [
        [
            0, 
            1, 
            2, 
            3, 
            4, 
            5, 
            6, 
            7, 
            8, 
            9, 
            10, 
            11
        ]
    ], 
    "fragment_charges": [
        0
    ]
}