{
    "comment": "2-Aminopyridine from 2-Pyridone-2-Aminopyridine Complex", 
    "real": [
        true, 
        true, 
        true, 
        true, 
        true, 
        true, 
        true, 
        true, 
        true, 
        true, 
        true, 
        true, 
        true
    ], 
    "name": "S22-6-monoB-unCP", 
    "geometry": [
        [
            -2.169963942173018, 
            0.7002622910651382, 
            -0.09503879387160546
        ], 
        [
            -0.879926523859117, 
            -1.462180235605736, 
            0.25278552095561896
        ], 
        [
            1.7814477325124638, 
            -1.5023645059310962, 
            0.22707163952021747
        ], 
        [
            3.0944882201241413, 
            0.7184187797499034, 
            -0.1642823278054145
        ], 
        [
            1.755392566537463, 
            2.9632681056784285, 
            -0.5278342663188064
        ], 
        [
            -0.8561276908867816, 
            2.838226817191518, 
            -0.47598225993117044
        ], 
        [
            2.7681909095122963, 
            -3.2683627099921853, 
            0.5165504710219844
        ], 
        [
            5.137949054125817, 
            0.7052334046303073, 
            -0.19025094432352904
        ], 
        [
            2.7023749608383154, 
            4.741367926921903, 
            -0.8453628697288347
        ], 
        [
            -1.9786741467003086, 
            4.527738922941901, 
            -0.7585324105667122
        ], 
        [
            -2.253960945971491, 
            -3.5937134567840667, 
            0.7284390372335999
        ], 
        [
            -1.344702020625755, 
            -5.243394293050712, 
            0.490756087253322
        ], 
        [
            -4.104769302986035, 
            -3.5931283975733255, 
            0.1809307634513886
        ]
    ], 
    "multiplicity": 1, 
    "masses": [
        14.00307400478, 
        12, 
        12, 
        12, 
        12, 
        12, 
        1.00782503207, 
        1.00782503207, 
        1.00782503207, 
        1.00782503207, 
        14.00307400478, 
        1.00782503207, 
        1.00782503207
    ], 
    "symbols": [
        "N", 
        "C", 
        "C", 
        "C", 
        "C", 
        "C", 
        "H", 
        "H", 
        "H", 
        "H", 
        "N", 
        "H", 
        "H"
    ], 
    "charge": 0, 
    "fragment_multiplicities": [
        1
    ], 
    "fragments": [
        [
            0, 
            1, 
            2, 
            3, 
            4, 
            5, 
            6, 
            7, 
            8, 
            9, 
            10, 
            11, 
            12
        ]
    ], 
    "fragment_charges": [
        0
    ]
}