{
    "comment": "Formic Acid Dimer", 
    "real": [
        true, 
        true, 
        true, 
        true, 
        true, 
        true, 
        true, 
        true, 
        true, 
        true
    ], 
    "name": "S22-3-dimer", 
    "geometry": [
        [
            -3.5694961335031596, 
            -0.33956866827048704, 
            0.0
        ], 
        [
            -2.821890239715473, 
            2.028978161891853, 
            0.0
        ], 
        [
            -2.2118016063440074, 
            -2.204535609363063, 
            0.0
        ], 
        [
            -5.630416336219179, 
            -0.4891159252486582, 
            0.0
        ], 
        [
            -0.9426577560457441, 
            2.0922953257003196, 
            0.0
        ], 
        [
            3.5694961335031596, 
            0.3395686682704871, 
            0.0
        ], 
        [
            2.821890239715473, 
            -2.028978161891853, 
            0.0
        ], 
        [
            2.2118016063440074, 
            2.204535609363063, 
            0.0
        ], 
        [
            5.630416336219179, 
            0.4891159252486582, 
            0.0
        ], 
        [
            0.9426577560457442, 
            -2.0922953257003196, 
            0.0
        ]
    ], 
    "multiplicity": 1, 
    "masses": [
        12, 
        15.99491461956, 
        15.99491461956, 
        1.00782503207, 
        1.00782503207, 
        12, 
        15.99491461956, 
        15.99491461956, 
        1.00782503207, 
        1.00782503207
    ], 
    "symbols": [
        "C", 
        "O", 
        "O", 
        "H", 
        "H", 
        "C", 
        "O", 
        "O", 
        "H", 
        "H"
    ], 
    "charge": 0, 
    "fragment_multiplicities": [
        1, 
        1
    ], 
    "fragments": [
        [
            0, 
            1, 
            2, 
            3, 
            4
        ], 
        [
            5, 
            6, 
            7, 
            8, 
            9
        ]
    ], 
    "fragment_charges": [
        0, 
        0
    ]
}