{
    "comment": "Formamide Dimer", 
    "real": [
        true, 
        true, 
        true, 
        true, 
        true, 
        true, 
        true, 
        true, 
        true, 
        true, 
        true, 
        true
    ], 
    "name": "S22-4-dimer", 
    "geometry": [
        [
            -3.8146937684234707, 
            0.09993438708539135, 
            0.0
        ], 
        [
            -2.744260290176531, 
            2.16115505625654, 
            0.0
        ], 
        [
            -2.660299758092422, 
            -2.1589818712037214, 
            0.0
        ], 
        [
            -3.712548401762603, 
            -3.7360565948557003, 
            0.0
        ], 
        [
            -0.7317851066031679, 
            -2.282377208228888, 
            0.0
        ], 
        [
            -5.890391629498656, 
            -0.025891137746666376, 
            0.0
        ], 
        [
            3.8146937684234707, 
            -0.09993438708539135, 
            0.0
        ], 
        [
            2.744260290176531, 
            -2.16115505625654, 
            0.0
        ], 
        [
            2.660299758092422, 
            2.1589818712037214, 
            0.0
        ], 
        [
            3.712548401762603, 
            3.7360565948557003, 
            0.0
        ], 
        [
            0.7317851066031679, 
            2.282377208228888, 
            0.0
        ], 
        [
            5.890391629498656, 
            0.025891137746666376, 
            0.0
        ]
    ], 
    "multiplicity": 1, 
    "masses": [
        12, 
        15.99491461956, 
        14.00307400478, 
        1.00782503207, 
        1.00782503207, 
        1.00782503207, 
        12, 
        15.99491461956, 
        14.00307400478, 
        1.00782503207, 
        1.00782503207, 
        1.00782503207
    ], 
    "symbols": [
        "C", 
        "O", 
        "N", 
        "H", 
        "H", 
        "H", 
        "C", 
        "O", 
        "N", 
        "H", 
        "H", 
        "H"
    ], 
    "charge": 0, 
    "fragment_multiplicities": [
        1, 
        1
    ], 
    "fragments": [
        [
            0, 
            1, 
            2, 
            3, 
            4, 
            5
        ], 
        [
            6, 
            7, 
            8, 
            9, 
            10, 
            11
        ]
    ], 
    "fragment_charges": [
        0, 
        0
    ]
}