{
    "comment": "Ethene from Ethene-Ethine Complex", 
    "real": [
        true, 
        true, 
        true, 
        true, 
        true, 
        true
    ], 
    "name": "S22-16-monoA-unCP", 
    "geometry": [
        [
            3.8623510593906606e-17, 
            -1.2615395923395316, 
            0.0004147202995552628
        ], 
        [
            -3.8623510593906606e-17, 
            1.2615395923395316, 
            0.0004147202995552628
        ], 
        [
            1.7453907405819706, 
            -2.3286206964267326, 
            -0.002469001779228229
        ], 
        [
            -1.7453907405819702, 
            -2.3286206964267326, 
            -0.002469001779228229
        ], 
        [
            -1.7453907405819706, 
            2.3286206964267326, 
            -0.002469001779228229
        ], 
        [
            1.7453907405819702, 
            2.3286206964267326, 
            -0.002469001779228229
        ]
    ], 
    "multiplicity": 1, 
    "masses": [
        12, 
        12, 
        1.00782503207, 
        1.00782503207, 
        1.00782503207, 
        1.00782503207
    ], 
    "symbols": [
        "C", 
        "C", 
        "H", 
        "H", 
        "H", 
        "H"
    ], 
    "charge": 0, 
    "fragment_multiplicities": [
        1
    ], 
    "fragments": [
        [
            0, 
            1, 
            2, 
            3, 
            4, 
            5
        ]
    ], 
    "fragment_charges": [
        0
    ]
}