{
    "comment": "Benzene from Benzene-Methane Complex", 
    "real": [
        true, 
        true, 
        true, 
        true, 
        true, 
        true, 
        true, 
        true, 
        true, 
        true, 
        true, 
        true
    ], 
    "name": "S22-10-monoA-unCP", 
    "geometry": [
        [
            2.6328000854614433, 
            0.06858064950182828, 
            -0.00020803031062706858
        ], 
        [
            1.375789410771985, 
            -2.245753339415062, 
            -0.0002484704498708213
        ], 
        [
            -1.2570074621550322, 
            -2.3143621143408346, 
            -0.00020803031062706858
        ], 
        [
            -2.632774196213423, 
            -0.06859173589514124, 
            -0.0002484704498708213
        ], 
        [
            -1.3757926233064113, 
            2.2457813703527, 
            -0.00020803031062706858
        ], 
        [
            1.2569847854414378, 
            2.31434516979651, 
            -0.0002484704498708213
        ], 
        [
            4.675699670801652, 
            0.12178985719810262, 
            0.0027329504699828582
        ], 
        [
            2.443338033104462, 
            -3.9883442617585487, 
            0.0027025258792433993
        ], 
        [
            -2.2323767555062535, 
            -4.110169614312515, 
            0.0027329504699828582
        ], 
        [
            -4.675676427170218, 
            -0.12182059674319759, 
            0.0027025258792433993
        ], 
        [
            -2.443322915295399, 
            3.988379662628105, 
            0.0027329504699828582
        ], 
        [
            2.232338394065756, 
            4.110164952988054, 
            0.0027025258792433993
        ]
    ], 
    "multiplicity": 1, 
    "masses": [
        12, 
        12, 
        12, 
        12, 
        12, 
        12, 
        1.00782503207, 
        1.00782503207, 
        1.00782503207, 
        1.00782503207, 
        1.00782503207, 
        1.00782503207
    ], 
    "symbols": [
        "C", 
        "C", 
        "C", 
        "C", 
        "C", 
        "C", 
        "H", 
        "H", 
        "H", 
        "H", 
        "H", 
        "H"
    ], 
    "charge": 0, 
    "fragment_multiplicities": [
        1
    ], 
    "fragments": [
        [
            0, 
            1, 
            2, 
            3, 
            4, 
            5, 
            6, 
            7, 
            8, 
            9, 
            10, 
            11
        ]
    ], 
    "fragment_charges": [
        0
    ]
}