{
    "comment": "Water from Water Dimer", 
    "real": [
        true, 
        true, 
        true, 
        false, 
        false, 
        false
    ], 
    "name": "S22-2-monoA-CP", 
    "geometry": [
        [
            -2.806551986722494, 
            -0.21679800676390493, 
            0.0
        ], 
        [
            -3.530793306603183, 
            1.4405352754778604, 
            0.0
        ], 
        [
            -1.008798824724395, 
            0.07654796029619922, 
            0.0
        ], 
        [
            2.6767378316947403, 
            0.21025931228078867, 
            0.0
        ], 
        [
            3.2999184877148373, 
            -0.7066547046566544, 
            -1.4334725450878665
        ], 
        [
            3.2999184877148373, 
            -0.7066547046566544, 
            1.4334725450878665
        ]
    ], 
    "multiplicity": 1, 
    "masses": [
        15.99491461956, 
        1.00782503207, 
        1.00782503207, 
        15.99491461956, 
        1.00782503207, 
        1.00782503207
    ], 
    "symbols": [
        "O", 
        "H", 
        "H", 
        "O", 
        "H", 
        "H"
    ], 
    "charge": 0, 
    "fragment_multiplicities": [
        1, 
        1
    ], 
    "fragments": [
        [
            0, 
            1, 
            2
        ], 
        [
            3, 
            4, 
            5
        ]
    ], 
    "fragment_charges": [
        0, 
        0
    ]
}