{"error": "", "output": "", "modelchem": "B3LYP/aug-cc-pVDZ", "moleucle_hash": "000c30607ca319705b3dd386d248da71a5aa3016", "args": "B3LYP/aug-cc-pVDZ", "variables": {"SCF DIPOLE X": -1.087888125075248, "SCF DIPOLE Z": 0.0, "DFT FUNCTIONAL TOTAL ENERGY": -169.92444858635446, "DFT XC ENERGY": -17.794896697688817, "SCF TOTAL ENERGY": -169.92444858635446, "ONE-ELECTRON ENERGY": -370.25758394974844, "NUCLEAR REPULSION ENERGY": 70.4665313205637, "CURRENT ENERGY": -169.92444858635446, "TWO-ELECTRON ENERGY": 147.66150074051907, "CURRENT DIPOLE X": -1.087888125075248, "CURRENT REFERENCE ENERGY": -169.92444858635446, "SCF ITERATION ENERGY": -169.92444858635446, "SCF N ITERS": 8.0, "SCF DIPOLE Y": -4.006476811959769, "CURRENT DIPOLE Y": -4.006476811959769, "DFT TOTAL ENERGY": -169.92444858635446, "CURRENT DIPOLE Z": 0.0}, "success": true, "driver": "energy", "molecule": "\n  0  1\n  GH(C)        2.04597250        -0.12844429         0.00000000\n  GH(H)        3.15473976        -0.19805169         0.00000000\n  GH(O)        1.36080054        -1.16589088         0.00000000\n  GH(N)        1.54023054         1.12707489         0.00000000\n  GH(H)        0.51870599         1.25472290         0.00000000\n  GH(H)        2.16442795         1.92321328         0.00000000\n      C       -2.04597250         0.12844429         0.00000000\n      H       -3.15473976         0.19805169         0.00000000\n      O       -1.36080054         1.16589088         0.00000000\n      N       -1.54023054        -1.12707489         0.00000000\n      H       -0.51870599        -1.25472290         0.00000000\n      H       -2.16442795        -1.92321328         0.00000000\n", "return_value": -169.92444858635446}