{"modelchem": "B3LYP/aug-cc-pVDZ", "molecule": "\n  0  1\n      C        1.74073379        -0.17985247         0.00000000\n      H        2.84248921        -0.29368574         0.00000000\n      O        1.04839226        -1.20544675         0.00000000\n      O        1.40587723         1.08303481         0.00000000\n      H        0.38948927         1.16733829         0.00000000\n      C       -1.74073379         0.17985247         0.00000000\n      H       -2.84248921         0.29368574         0.00000000\n      O       -1.04839226         1.20544675         0.00000000\n      O       -1.40587723        -1.08303481         0.00000000\n      H       -0.38948927        -1.16733829         0.00000000\n", "driver": "energy", "success": true, "return_value": -379.6079142264887, "moleucle_hash": "024f46886bbe871ab9f9878d6977bcd450470de6", "variables": {"CURRENT DIPOLE X": -4.5150482996803025e-15, "CURRENT ENERGY": -379.6079142264887, "SCF N ITERS": 9.0, "ONE-ELECTRON ENERGY": -997.7192312240185, "NUCLEAR REPULSION ENERGY": 241.31794313646685, "DFT XC ENERGY": -37.75750585152574, "SCF DIPOLE Z": 0.0, "SCF DIPOLE Y": -4.5150482996803025e-15, "SCF DIPOLE X": -4.5150482996803025e-15, "SCF ITERATION ENERGY": -379.6079142264887, "CURRENT DIPOLE Y": -4.5150482996803025e-15, "TWO-ELECTRON ENERGY": 414.5508797125887, "CURRENT DIPOLE Z": 0.0, "DFT TOTAL ENERGY": -379.6079142264887, "DFT FUNCTIONAL TOTAL ENERGY": -379.6079142264887, "SCF TOTAL ENERGY": -379.6079142264887, "CURRENT REFERENCE ENERGY": -379.6079142264887}, "args": "B3LYP/aug-cc-pVDZ", "output": "", "error": ""}