{"molecule": "\n  0  1\n      C       -1.85851203         0.15849692         0.00000000\n      H       -2.96318957         0.25525336         0.00000000\n      O       -1.17920577         1.19001178         0.00000000\n      O       -1.44984324        -1.09154980         0.00000000\n      H       -0.40704328        -1.13449846         0.00000000\n      C        1.92699581        -0.17306795         0.00000000\n      H        3.02703743        -0.26941835         0.00000000\n      N        1.13373794        -1.21065729         0.00000000\n      H        1.67232278        -2.07790126         0.00000000\n      N        1.51877490         1.11463167         0.00000000\n      H        0.51255074         1.32398473         0.00000000\n      H        2.21287037         1.84762526         0.00000000\n", "modelchem": "B3LYP/aug-cc-pVDZ", "variables": {"CURRENT REFERENCE ENERGY": -339.85671138018915, "SCF N ITERS": 10.0, "CURRENT DIPOLE Z": 0.0, "CURRENT DIPOLE X": 3.1465696392110076, "SCF DIPOLE Z": 0.0, "CURRENT ENERGY": -339.85671138018915, "DFT FUNCTIONAL TOTAL ENERGY": -339.85671138018915, "NUCLEAR REPULSION ENERGY": 234.79258573224277, "TWO-ELECTRON ENERGY": 389.2563938377286, "DFT XC ENERGY": -35.64043980496345, "CURRENT DIPOLE Y": 0.2804109195975914, "SCF ITERATION ENERGY": -339.85671138018915, "ONE-ELECTRON ENERGY": -928.265251145197, "SCF DIPOLE Y": 0.2804109195975914, "DFT TOTAL ENERGY": -339.85671138018915, "SCF TOTAL ENERGY": -339.85671138018915, "SCF DIPOLE X": 3.1465696392110076}, "success": true, "moleucle_hash": "028963560e352e9fa778c16e6f1df4433c3bf317", "error": "", "args": "B3LYP/aug-cc-pVDZ", "output": "", "return_value": -339.85671138018915, "driver": "energy"}