{"success": true, "return_value": -189.79362518317902, "modelchem": "B3LYP/aug-cc-pVDZ", "args": "B3LYP/aug-cc-pVDZ", "variables": {"SCF ITERATION ENERGY": -189.79362518317902, "DFT FUNCTIONAL TOTAL ENERGY": -189.79362518317902, "TWO-ELECTRON ENERGY": 156.24998575013902, "CURRENT REFERENCE ENERGY": -189.79362518317902, "SCF DIPOLE X": -0.33871990197362495, "ONE-ELECTRON ENERGY": -396.67820760138096, "SCF N ITERS": 8.0, "DFT TOTAL ENERGY": -189.79362518317902, "SCF TOTAL ENERGY": -189.79362518317902, "SCF DIPOLE Z": 0.0, "SCF DIPOLE Y": -1.841081409510468, "CURRENT DIPOLE Z": 0.0, "CURRENT DIPOLE X": -0.33871990197362495, "NUCLEAR REPULSION ENERGY": 69.46484388727474, "DFT XC ENERGY": -18.830247219211827, "CURRENT ENERGY": -189.79362518317902, "CURRENT DIPOLE Y": -1.841081409510468}, "driver": "energy", "error": "", "molecule": "\n  0  1\n  GH(C)        1.89005169        -0.19417983         0.00000000\n  GH(H)        2.98915191        -0.30709901         0.00000000\n  GH(O)        1.14427894        -1.17618187         0.00000000\n  GH(O)        1.52059687         1.07982181         0.00000000\n  GH(H)        0.52216282         1.12736965         0.00000000\n      C       -1.89005169         0.19417983         0.00000000\n      H       -2.98915191         0.30709901         0.00000000\n      O       -1.14427894         1.17618187         0.00000000\n      O       -1.52059687        -1.07982181         0.00000000\n      H       -0.52216282        -1.12736965         0.00000000\n", "output": "", "molecule_hash": "0583e663e7f64d3406e9f90fbb6f87ff7f78ae63"}