{"return_value": -169.92480988833157, "args": "B3LYP/aug-cc-pVDZ", "variables": {"CURRENT DIPOLE Y": -3.8965371049487825, "DFT FUNCTIONAL TOTAL ENERGY": -169.92480988833157, "SCF DIPOLE Z": 0.0, "SCF N ITERS": 9.0, "CURRENT DIPOLE X": -1.0787237559871705, "SCF DIPOLE X": -1.0787237559871705, "SCF TOTAL ENERGY": -169.92480988833157, "SCF ITERATION ENERGY": -169.92480988833157, "CURRENT DIPOLE Z": 0.0, "DFT XC ENERGY": -17.796759780593582, "CURRENT ENERGY": -169.92480988833157, "CURRENT REFERENCE ENERGY": -169.92480988833157, "NUCLEAR REPULSION ENERGY": 70.50093903981688, "TWO-ELECTRON ENERGY": 147.69416065371365, "SCF DIPOLE Y": -3.8965371049487825, "DFT TOTAL ENERGY": -169.92480988833157, "ONE-ELECTRON ENERGY": -370.3231498012685}, "molecule": "\n  0  1\n      C       -2.46891156         0.12607812         0.00000000\n      H       -3.57918367         0.18293782         0.00000000\n      O       -1.78100213         1.15283979         0.00000000\n      N       -1.94185120        -1.13321981         0.00000000\n      H       -0.92564680        -1.24163694         0.00000000\n      H       -2.53922912        -1.94924812         0.00000000\n  GH(C)        2.52454538        -0.12964879         0.00000000\n  GH(H)        3.62661434        -0.18608839         0.00000000\n  GH(N)        1.74484282        -1.17452020         0.00000000\n  GH(H)        2.32376341        -2.02083242         0.00000000\n  GH(N)        2.00367207         1.13832154         0.00000000\n  GH(H)        0.99293782         1.25860595         0.00000000\n  GH(H)        2.60169997         1.95068341         0.00000000\n", "output": "", "driver": "energy", "error": "", "success": true, "moleucle_hash": "0624378f7893202a47954fc9f5850efe1fa542ff", "modelchem": "B3LYP/aug-cc-pVDZ"}