{"success": true, "molecule": "\n  0  1\n  GH(C)       -2.63833181         0.17421223         0.00000000\n  GH(H)       -3.74182732         0.24259469         0.00000000\n  GH(O)       -1.89813960         1.14236018         0.00000000\n  GH(O)       -2.22587715        -1.11630144         0.00000000\n  GH(H)       -1.24674157        -1.10613581         0.00000000\n      C        2.75133046        -0.15977949         0.00000000\n      H        3.85338801        -0.22807284         0.00000000\n      N        1.94079641        -1.17624150         0.00000000\n      H        2.48828614        -2.04318335         0.00000000\n      N        2.27517829         1.12893018         0.00000000\n      H        1.27261881         1.28724241         0.00000000\n      H        2.90172978         1.91949574         0.00000000\n", "driver": "energy", "args": "B3LYP/aug-cc-pVDZ", "variables": {"NUCLEAR REPULSION ENERGY": 71.43623386681462, "SCF TOTAL ENERGY": -150.03438835526896, "CURRENT REFERENCE ENERGY": -150.03438835526896, "ONE-ELECTRON ENERGY": -343.4851193040011, "SCF ITERATION ENERGY": -150.03438835526896, "SCF N ITERS": 8.0, "CURRENT ENERGY": -150.03438835526896, "TWO-ELECTRON ENERGY": 138.7579591027743, "SCF DIPOLE X": 1.9912873936181252, "CURRENT DIPOLE Y": 2.1377586012666634, "CURRENT DIPOLE X": 1.9912873936181252, "DFT XC ENERGY": -16.74346202085678, "SCF DIPOLE Y": 2.1377586012666634, "CURRENT DIPOLE Z": 0.0, "DFT FUNCTIONAL TOTAL ENERGY": -150.03438835526896, "SCF DIPOLE Z": 0.0, "DFT TOTAL ENERGY": -150.03438835526896}, "return_value": -150.03438835526896, "output": "", "error": "", "modelchem": "B3LYP/aug-cc-pVDZ", "molecule_hash": "064beb417f032f2827a8879ab83dfd497d6535cb"}