{"driver": "energy", "error": "", "molecule": "\n  0  1\n      C       -3.46303289         0.16994236         0.00000000\n      H       -4.56795025         0.22032609         0.00000000\n      O       -2.71952203         1.13148929         0.00000000\n      O       -3.06229197        -1.12882028         0.00000000\n      H       -2.08723785        -1.12403398         0.00000000\n      C        3.52970200        -0.14892316         0.00000000\n      H        4.64195129        -0.19964122         0.00000000\n      O        2.81721464        -1.14975890         0.00000000\n      N        3.05992779         1.13914187         0.00000000\n      H        2.05915506         1.30417766         0.00000000\n      H        3.69489864         1.92641219         0.00000000\n", "return_value": -359.7218802962224, "success": true, "moleucle_hash": "0912b78e3a172835deac11e2f2a5928bf26f1497", "modelchem": "B3LYP/aug-cc-pVDZ", "args": "B3LYP/aug-cc-pVDZ", "variables": {"CURRENT REFERENCE ENERGY": -359.7218802962224, "SCF DIPOLE X": 0.8250205537688443, "TWO-ELECTRON ENERGY": 352.19166935297596, "SCF DIPOLE Z": 0.0, "SCF TOTAL ENERGY": -359.7218802962224, "CURRENT ENERGY": -359.7218802962224, "DFT TOTAL ENERGY": -359.7218802962225, "DFT XC ENERGY": -36.637064424482986, "CURRENT DIPOLE Z": 0.0, "SCF N ITERS": 10.0, "DFT FUNCTIONAL TOTAL ENERGY": -359.7218802962225, "CURRENT DIPOLE X": 0.8250205537688443, "SCF ITERATION ENERGY": -359.7218802962224, "ONE-ELECTRON ENERGY": -863.487741728918, "SCF DIPOLE Y": 2.311418518573939, "NUCLEAR REPULSION ENERGY": 188.21125650420254, "CURRENT DIPOLE Y": 2.311418518573939}, "output": ""}