{"args": "B3LYP/aug-cc-pVDZ", "success": true, "output": "", "variables": {"CURRENT ENERGY": -169.9221667384335, "NUCLEAR REPULSION ENERGY": 70.33739500449137, "CURRENT DIPOLE Y": -4.132522858486406, "SCF TOTAL ENERGY": -169.9221667384335, "SCF DIPOLE Y": -4.132522858486406, "TWO-ELECTRON ENERGY": 147.5128980419887, "CURRENT DIPOLE X": -1.05549745373599, "CURRENT DIPOLE Z": 0.0, "DFT FUNCTIONAL TOTAL ENERGY": -169.9221667384335, "DFT TOTAL ENERGY": -169.9221667384335, "ONE-ELECTRON ENERGY": -369.98184690177345, "SCF DIPOLE Z": 0.0, "SCF DIPOLE X": -1.05549745373599, "DFT XC ENERGY": -17.790612883140152, "SCF N ITERS": 8.0, "CURRENT REFERENCE ENERGY": -169.9221667384335, "SCF ITERATION ENERGY": -169.9221667384335}, "error": "", "driver": "energy", "modelchem": "B3LYP/aug-cc-pVDZ", "molecule": "\n  0  1\n      C       -1.87720296         0.13037316         0.00000000\n      H       -2.99024880         0.20231026         0.00000000\n      O       -1.21984382         1.18650518         0.00000000\n      N       -1.43964187        -1.13803078         0.00000000\n      H       -0.40644181        -1.33086253         0.00000000\n      H       -2.13868738        -1.87029717         0.00000000\n  GH(C)        1.91488588        -0.11471276         0.00000000\n  GH(H)        3.01882141        -0.18606105         0.00000000\n  GH(N)        1.23404120        -1.23071467         0.00000000\n  GH(H)        1.88923247        -2.01504741         0.00000000\n  GH(N)        1.43187244         1.14338561         0.00000000\n  GH(H)        0.41107420         1.29878706         0.00000000\n  GH(H)        2.08912295         1.90958573         0.00000000\n", "return_value": -169.9221667384335, "molecule_hash": "09bb25c170e6733b7a89778c6f62cf70eb04f8d5"}