{"return_value": -169.92505459749532, "args": "B3LYP/aug-cc-pVDZ", "moleucle_hash": "09ee42ce627d272b3d57f1ee08389a3f3fcea98b", "molecule": "\n  0  1\n  GH(C)       -2.46965740         0.18532900         0.00000000\n  GH(H)       -3.57215472         0.26340833         0.00000000\n  GH(O)       -1.71425854         1.14365130         0.00000000\n  GH(O)       -2.07552238        -1.10913287         0.00000000\n  GH(H)       -1.09609784        -1.11892804         0.00000000\n      C        2.51785158        -0.16788849         0.00000000\n      H        3.62685662        -0.24642870         0.00000000\n      O        1.78274154        -1.15890784         0.00000000\n      N        2.05645986         1.11912237         0.00000000\n      H        1.05236659         1.28627334         0.00000000\n      H        2.69518733         1.90341149         0.00000000\n", "modelchem": "B3LYP/aug-cc-pVDZ", "error": "", "output": "", "success": true, "driver": "energy", "variables": {"SCF DIPOLE Z": 0.0, "CURRENT DIPOLE Z": 0.0, "CURRENT DIPOLE X": 1.2627003755583162, "TWO-ELECTRON ENERGY": 147.6877115707286, "DFT XC ENERGY": -17.798169951709678, "DFT FUNCTIONAL TOTAL ENERGY": -169.92505459749532, "NUCLEAR REPULSION ENERGY": 70.50482979937429, "CURRENT REFERENCE ENERGY": -169.92505459749532, "SCF TOTAL ENERGY": -169.92505459749532, "SCF DIPOLE X": 1.2627003755583162, "DFT TOTAL ENERGY": -169.92505459749532, "CURRENT DIPOLE Y": 3.8327136704753144, "SCF ITERATION ENERGY": -169.92505459749532, "SCF DIPOLE Y": 3.8327136704753144, "ONE-ELECTRON ENERGY": -370.31942601588855, "SCF N ITERS": 8.0, "CURRENT ENERGY": -169.92505459749532}}