{"driver": "energy", "success": true, "output": "", "args": "B3LYP/aug-cc-pVDZ", "error": "", "modelchem": "B3LYP/aug-cc-pVDZ", "return_value": -169.9250975451402, "molecule": "\n  0  1\n  GH(C)        2.89633015        -0.14585783         0.00000000\n  GH(H)        4.00779084        -0.20183046         0.00000000\n  GH(O)        2.18702642        -1.15195636         0.00000000\n  GH(N)        2.41611039         1.13579344         0.00000000\n  GH(H)        1.41208234         1.29109009         0.00000000\n  GH(H)        3.04382363         1.92881894         0.00000000\n      C       -2.89633015         0.14585783         0.00000000\n      H       -4.00779084         0.20183046         0.00000000\n      O       -2.18702642         1.15195636         0.00000000\n      N       -2.41611039        -1.13579344         0.00000000\n      H       -1.41208234        -1.29109009         0.00000000\n      H       -3.04382363        -1.92881894         0.00000000\n", "variables": {"SCF DIPOLE Y": -3.8481299459408573, "SCF DIPOLE Z": 0.0, "ONE-ELECTRON ENERGY": -370.3216132229374, "CURRENT DIPOLE X": -1.1746839956243802, "DFT XC ENERGY": -17.799510062381096, "CURRENT ENERGY": -169.9250975451402, "CURRENT DIPOLE Z": 0.0, "SCF DIPOLE X": -1.1746839956243802, "SCF N ITERS": 8.0, "DFT TOTAL ENERGY": -169.9250975451402, "DFT FUNCTIONAL TOTAL ENERGY": -169.9250975451402, "NUCLEAR REPULSION ENERGY": 70.51045848602352, "CURRENT DIPOLE Y": -3.8481299459408573, "SCF TOTAL ENERGY": -169.9250975451402, "TWO-ELECTRON ENERGY": 147.68556725415476, "SCF ITERATION ENERGY": -169.9250975451402, "CURRENT REFERENCE ENERGY": -169.9250975451402}, "moleucle_hash": "0c6c16d61dbf656365a2f0e69127b35ec574965d"}