{"variables": {"SCF N ITERS": 8.0, "DFT XC ENERGY": -18.83340691143367, "DFT TOTAL ENERGY": -189.79499539934466, "DFT FUNCTIONAL TOTAL ENERGY": -189.79499539934466, "SCF DIPOLE Z": 0.0, "SCF ITERATION ENERGY": -189.79499539934466, "CURRENT REFERENCE ENERGY": -189.79499539934466, "SCF TOTAL ENERGY": -189.79499539934466, "CURRENT ENERGY": -189.79499539934466, "CURRENT DIPOLE X": -0.45661089855219067, "SCF DIPOLE X": -0.45661089855219067, "ONE-ELECTRON ENERGY": -396.6248400892933, "SCF DIPOLE Y": -1.5624393336852722, "NUCLEAR REPULSION ENERGY": 69.43719402673703, "CURRENT DIPOLE Y": -1.5624393336852722, "CURRENT DIPOLE Z": 0.0, "TWO-ELECTRON ENERGY": 156.22605757464527}, "output": "", "error": "", "return_value": -189.79499539934466, "args": "B3LYP/aug-cc-pVDZ", "modelchem": "B3LYP/aug-cc-pVDZ", "driver": "energy", "success": true, "molecule": "\n  0  1\n  GH(C)        2.29051747        -0.20864206         0.00000000\n  GH(H)        3.39063528        -0.30885122         0.00000000\n  GH(O)        1.51085984        -1.15029332         0.00000000\n  GH(O)        1.92095251         1.09113093         0.00000000\n  GH(H)        0.94036724         1.12135540         0.00000000\n      C       -2.29051747         0.20864206         0.00000000\n      H       -3.39063528         0.30885122         0.00000000\n      O       -1.51085984         1.15029332         0.00000000\n      O       -1.92095251        -1.09113093         0.00000000\n      H       -0.94036724        -1.12135540         0.00000000\n", "moleucle_hash": "0cba29f7259aedaba31d78dfbf83576d8dc0ca29"}