{"moleucle_hash": "0d4d9ed54348349cba73f8e495a7f9b8d842361d", "error": "", "return_value": -300.0702502138345, "output": "", "success": true, "args": "B3LYP/aug-cc-pVDZ", "molecule": "\n  0  1\n      C        3.49764421        -0.12840997         0.00000000\n      H        4.60176692        -0.16894593         0.00000000\n      N        2.72569862        -1.17126633         0.00000000\n      H        3.30724390        -2.01600726         0.00000000\n      N        2.98518869         1.14779235         0.00000000\n      H        1.97966414         1.27507136         0.00000000\n      H        3.58843631         1.95603470         0.00000000\n      C       -3.49764421         0.12840997         0.00000000\n      H       -4.60176692         0.16894593         0.00000000\n      N       -2.72569862         1.17126633         0.00000000\n      H       -3.30724390         2.01600726         0.00000000\n      N       -2.98518869        -1.14779235         0.00000000\n      H       -1.97966414        -1.27507136         0.00000000\n      H       -3.58843631        -1.95603470         0.00000000\n", "modelchem": "B3LYP/aug-cc-pVDZ", "variables": {"CURRENT ENERGY": -300.0702502138345, "SCF DIPOLE X": 2.0317717348561362e-14, "TWO-ELECTRON ENERGY": 325.94726647348034, "SCF ITERATION ENERGY": -300.0702502138345, "SCF TOTAL ENERGY": -300.0702502138345, "CURRENT DIPOLE X": 2.0317717348561362e-14, "SCF N ITERS": 9.0, "SCF DIPOLE Z": 0.0, "NUCLEAR REPULSION ENERGY": 191.09605908427062, "CURRENT DIPOLE Y": -5.6438103746003785e-15, "SCF DIPOLE Y": -5.6438103746003785e-15, "DFT FUNCTIONAL TOTAL ENERGY": -300.0702502138345, "DFT TOTAL ENERGY": -300.0702502138345, "DFT XC ENERGY": -33.48893282379396, "CURRENT REFERENCE ENERGY": -300.0702502138345, "ONE-ELECTRON ENERGY": -783.6246429477915, "CURRENT DIPOLE Z": 0.0}, "driver": "energy"}