{"success": true, "driver": "energy", "modelchem": "B3LYP/aug-cc-pVDZ", "args": "B3LYP/aug-cc-pVDZ", "molecule": "\n  0  1\n  GH(C)       -2.00288568         0.15766229         0.00000000\n  GH(H)       -3.10533408         0.24633212         0.00000000\n  GH(O)       -1.30161674         1.16963551         0.00000000\n  GH(O)       -1.55791984        -1.09749465         0.00000000\n  GH(H)       -0.54668214        -1.09529505         0.00000000\n      C        2.08391761        -0.17103897         0.00000000\n      H        3.18340265        -0.25947047         0.00000000\n      N        1.25831080        -1.18492468         0.00000000\n      H        1.78008989        -2.06474177         0.00000000\n      N        1.63434437         1.11404135         0.00000000\n      H        0.62635840         1.29004572         0.00000000\n      H        2.28868862         1.88235333         0.00000000\n", "error": "", "return_value": -150.03455266287565, "variables": {"CURRENT DIPOLE Z": 0.0, "CURRENT ENERGY": -150.03455266287565, "NUCLEAR REPULSION ENERGY": 71.47782411274906, "SCF DIPOLE Y": 2.1938210483060487, "CURRENT REFERENCE ENERGY": -150.03455266287565, "SCF ITERATION ENERGY": -150.03455266287565, "DFT FUNCTIONAL TOTAL ENERGY": -150.03455266287565, "SCF DIPOLE X": 2.023472982368787, "DFT XC ENERGY": -16.742839671957707, "SCF N ITERS": 8.0, "CURRENT DIPOLE X": 2.023472982368787, "ONE-ELECTRON ENERGY": -343.56979153322646, "CURRENT DIPOLE Y": 2.1938210483060487, "SCF TOTAL ENERGY": -150.03455266287565, "SCF DIPOLE Z": 0.0, "DFT TOTAL ENERGY": -150.03455266287565, "TWO-ELECTRON ENERGY": 138.8002544295595}, "molecule_hash": "0e8658fcb1fb9164deb3ce5c8b76a4b6023558d3", "output": ""}