{"driver": "energy", "success": true, "molecule_hash": "0f752f4d85ff090e7b60f4f38dfdc5154841db7a", "molecule": "\n  0  1\n  GH(C)       -1.92586862         0.12572004         0.00000000\n  GH(H)       -3.03796709         0.19311602         0.00000000\n  GH(O)       -1.25948828         1.17632094         0.00000000\n  GH(N)       -1.46411088        -1.13741671         0.00000000\n  GH(H)       -0.43144516        -1.30889080         0.00000000\n  GH(H)       -2.14076353        -1.89029703         0.00000000\n      C        1.96699000        -0.11019704         0.00000000\n      H        3.07015648        -0.17705172         0.00000000\n      N        1.27163617        -1.21778291         0.00000000\n      H        1.91584742        -2.01186499         0.00000000\n      N        1.45874144         1.14162823         0.00000000\n      H        0.43630966         1.27622061         0.00000000\n      H        2.09327641         1.92665702         0.00000000\n", "output": "", "error": "", "variables": {"CURRENT ENERGY": -150.0329309500388, "SCF N ITERS": 8.0, "SCF ITERATION ENERGY": -150.0329309500388, "SCF DIPOLE Z": 0.0, "CURRENT DIPOLE Y": 2.5523852199549983, "ONE-ELECTRON ENERGY": -343.4251044445034, "DFT TOTAL ENERGY": -150.0329309500388, "CURRENT DIPOLE X": 1.8474710854534604, "SCF DIPOLE X": 1.8474710854534604, "CURRENT REFERENCE ENERGY": -150.0329309500388, "SCF TOTAL ENERGY": -150.0329309500388, "NUCLEAR REPULSION ENERGY": 71.4188294010009, "TWO-ELECTRON ENERGY": 138.71711463899973, "CURRENT DIPOLE Z": 0.0, "DFT XC ENERGY": -16.74377054553602, "DFT FUNCTIONAL TOTAL ENERGY": -150.0329309500388, "SCF DIPOLE Y": 2.5523852199549983}, "modelchem": "B3LYP/aug-cc-pVDZ", "args": "B3LYP/aug-cc-pVDZ", "return_value": -150.0329309500388}