{"modelchem": "B3LYP/aug-cc-pVDZ", "success": true, "error": "", "return_value": -189.7916310154408, "output": "", "driver": "energy", "moleucle_hash": "0f778bc6d3852471160fe92ce16cc287363d4e91", "molecule": "\n  0  1\n      C        1.79035823        -0.18606050         0.00000000\n      H        2.89087214        -0.30042988         0.00000000\n      O        1.07568931        -1.19425943         0.00000000\n      O        1.44185816         1.08049605         0.00000000\n      H        0.43274661         1.15045330         0.00000000\n  GH(C)       -1.79035823         0.18606050         0.00000000\n  GH(H)       -2.89087214         0.30042988         0.00000000\n  GH(O)       -1.07568931         1.19425943         0.00000000\n  GH(O)       -1.44185816        -1.08049605         0.00000000\n  GH(H)       -0.43274661        -1.15045330         0.00000000\n", "variables": {"DFT TOTAL ENERGY": -189.7916310154408, "CURRENT REFERENCE ENERGY": -189.7916310154408, "DFT XC ENERGY": -18.829024027255038, "SCF DIPOLE X": 0.2202829299276115, "CURRENT DIPOLE Z": 0.0, "SCF DIPOLE Z": 0.0, "SCF N ITERS": 8.0, "ONE-ELECTRON ENERGY": -396.61852999272134, "CURRENT DIPOLE X": 0.2202829299276115, "NUCLEAR REPULSION ENERGY": 69.44436720964012, "TWO-ELECTRON ENERGY": 156.21155579489545, "SCF ITERATION ENERGY": -189.7916310154408, "CURRENT DIPOLE Y": 2.014016203202556, "SCF TOTAL ENERGY": -189.7916310154408, "DFT FUNCTIONAL TOTAL ENERGY": -189.7916310154408, "CURRENT ENERGY": -189.7916310154408, "SCF DIPOLE Y": 2.014016203202556}, "args": "B3LYP/aug-cc-pVDZ"}