{"success": true, "molecule": "\n  0  1\n      C        3.99646944        -0.16803989         0.00000000\n      H        5.10156877        -0.21450609         0.00000000\n      O        3.25414999        -1.12972545         0.00000000\n      O        3.59284622         1.13117851         0.00000000\n      H        2.61830479         1.12095879         0.00000000\n      C       -3.99646944         0.16803989         0.00000000\n      H       -5.10156877         0.21450609         0.00000000\n      O       -3.25414999         1.12972545         0.00000000\n      O       -3.59284622        -1.13117851         0.00000000\n      H       -2.61830479        -1.12095879         0.00000000\n", "error": "", "return_value": -379.5907713679734, "modelchem": "B3LYP/aug-cc-pVDZ", "driver": "energy", "output": "", "variables": {"SCF TOTAL ENERGY": -379.5907713679734, "CURRENT DIPOLE X": 2.2575241498401512e-15, "SCF N ITERS": 9.0, "SCF DIPOLE Y": -6.772572449520454e-15, "CURRENT DIPOLE Y": -6.772572449520454e-15, "CURRENT DIPOLE Z": 0.0, "SCF ITERATION ENERGY": -379.5907713679734, "CURRENT ENERGY": -379.5907713679734, "DFT XC ENERGY": -37.673010139954464, "ONE-ELECTRON ENERGY": -876.872230389214, "SCF DIPOLE X": 2.2575241498401512e-15, "TWO-ELECTRON ENERGY": 354.2412013859436, "DFT FUNCTIONAL TOTAL ENERGY": -379.5907713679734, "NUCLEAR REPULSION ENERGY": 180.7132677752515, "SCF DIPOLE Z": 0.0, "CURRENT REFERENCE ENERGY": -379.5907713679734, "DFT TOTAL ENERGY": -379.5907713679734}, "molecule_hash": "130451868595600d70f7d4e00686b563c31f536d", "args": "B3LYP/aug-cc-pVDZ"}