{"molecule_hash": "16101a7c7a73d60520fcd846cf674909d5d336ba", "return_value": -150.03405602049358, "molecule": "\n  0  1\n      C        2.39742249        -0.11120861         0.00000000\n      H        3.49964090        -0.16233693         0.00000000\n      N        1.64041315        -1.17535654         0.00000000\n      H        2.23917184        -2.00764182         0.00000000\n      N        1.84436251         1.14107385         0.00000000\n      H        0.82590336         1.23313494         0.00000000\n      H        2.42493207         1.96604670         0.00000000\n  GH(C)       -2.39742249         0.11120861         0.00000000\n  GH(H)       -3.49964090         0.16233693         0.00000000\n  GH(N)       -1.64041315         1.17535654         0.00000000\n  GH(H)       -2.23917184         2.00764182         0.00000000\n  GH(N)       -1.84436251        -1.14107385         0.00000000\n  GH(H)       -0.82590336        -1.23313494         0.00000000\n  GH(H)       -2.42493207        -1.96604670         0.00000000\n", "error": "", "output": "", "success": true, "variables": {"DFT XC ENERGY": -16.74031932321567, "ONE-ELECTRON ENERGY": -343.45228490203306, "SCF TOTAL ENERGY": -150.03405602049358, "SCF DIPOLE Z": 0.0, "SCF DIPOLE X": 1.87493964491632, "SCF N ITERS": 8.0, "TWO-ELECTRON ENERGY": 138.74350702571772, "CURRENT DIPOLE Z": 0.0, "DFT TOTAL ENERGY": -150.03405602049358, "CURRENT REFERENCE ENERGY": -150.03405602049358, "CURRENT DIPOLE X": 1.87493964491632, "CURRENT ENERGY": -150.03405602049358, "DFT FUNCTIONAL TOTAL ENERGY": -150.03405602049358, "SCF DIPOLE Y": 2.2893385349678956, "CURRENT DIPOLE Y": 2.2893385349678956, "NUCLEAR REPULSION ENERGY": 71.4150411790374, "SCF ITERATION ENERGY": -150.03405602049358}, "modelchem": "B3LYP/aug-cc-pVDZ", "args": "B3LYP/aug-cc-pVDZ", "driver": "energy"}