{"moleucle_hash": "167ac6c24fd41a24e05a38a2025dad4d6402d54a", "modelchem": "B3LYP/aug-cc-pVDZ", "args": "B3LYP/aug-cc-pVDZ", "output": "", "error": "", "success": true, "variables": {"CURRENT DIPOLE Y": 1.5624410065883858, "CURRENT DIPOLE X": 0.4566171011290499, "CURRENT ENERGY": -189.79499540033902, "SCF DIPOLE X": 0.4566171011290499, "NUCLEAR REPULSION ENERGY": 69.43719402673703, "ONE-ELECTRON ENERGY": -396.6248821977772, "DFT FUNCTIONAL TOTAL ENERGY": -189.79499540033902, "SCF TOTAL ENERGY": -189.79499540033902, "CURRENT DIPOLE Z": 0.0, "SCF DIPOLE Z": 0.0, "DFT XC ENERGY": -18.833412079152644, "SCF ITERATION ENERGY": -189.79499540033902, "SCF DIPOLE Y": 1.5624410065883858, "CURRENT REFERENCE ENERGY": -189.79499540033902, "DFT TOTAL ENERGY": -189.79499540033902, "TWO-ELECTRON ENERGY": 156.2261048498538, "SCF N ITERS": 8.0}, "return_value": -189.79499540033902, "molecule": "\n  0  1\n      C        2.29051747        -0.20864206         0.00000000\n      H        3.39063528        -0.30885122         0.00000000\n      O        1.51085984        -1.15029332         0.00000000\n      O        1.92095251         1.09113093         0.00000000\n      H        0.94036724         1.12135540         0.00000000\n  GH(C)       -2.29051747         0.20864206         0.00000000\n  GH(H)       -3.39063528         0.30885122         0.00000000\n  GH(O)       -1.51085984         1.15029332         0.00000000\n  GH(O)       -1.92095251        -1.09113093         0.00000000\n  GH(H)       -0.94036724        -1.12135540         0.00000000\n", "driver": "energy"}