{"error": "", "return_value": -189.79286594558246, "driver": "energy", "output": "", "variables": {"CURRENT DIPOLE X": -0.2862974259490215, "CURRENT ENERGY": -189.79286594558246, "DFT TOTAL ENERGY": -189.79286594558246, "CURRENT REFERENCE ENERGY": -189.79286594558246, "CURRENT DIPOLE Y": -1.9212206618138221, "SCF ITERATION ENERGY": -189.79286594558246, "SCF DIPOLE Z": 0.0, "DFT FUNCTIONAL TOTAL ENERGY": -189.79286594558246, "SCF N ITERS": 8.0, "DFT XC ENERGY": -18.829772154255856, "SCF DIPOLE X": -0.2862974259490215, "NUCLEAR REPULSION ENERGY": 69.460912440961, "ONE-ELECTRON ENERGY": -396.66208316325753, "CURRENT DIPOLE Z": 0.0, "SCF TOTAL ENERGY": -189.79286594558246, "SCF DIPOLE Y": -1.9212206618138221, "TWO-ELECTRON ENERGY": 156.23807693096992}, "molecule_hash": "17536c8d06d4ee54043ea5c3615cc7951ef1cc65", "args": "B3LYP/aug-cc-pVDZ", "success": true, "modelchem": "B3LYP/aug-cc-pVDZ", "molecule": "\n  0  1\n  GH(C)        1.84016492        -0.19051039         0.00000000\n  GH(H)        2.93982222        -0.30435679         0.00000000\n  GH(O)        1.10803623        -1.18439540         0.00000000\n  GH(O)        1.47971186         1.07967254         0.00000000\n  GH(H)        0.47644336         1.13716323         0.00000000\n      C       -1.84016492         0.19051039         0.00000000\n      H       -2.93982222         0.30435679         0.00000000\n      O       -1.10803623         1.18439540         0.00000000\n      O       -1.47971186        -1.07967254         0.00000000\n      H       -0.47644336        -1.13716323         0.00000000\n"}