{"variables": {"SCF DIPOLE Y": -3.386286224760227e-15, "DFT FUNCTIONAL TOTAL ENERGY": -300.0885866494571, "CURRENT REFERENCE ENERGY": -300.0885866494571, "DFT XC ENERGY": -33.53856514931007, "SCF N ITERS": 8.0, "SCF DIPOLE Z": 0.0, "SCF ITERATION ENERGY": -300.0885866494571, "CURRENT DIPOLE Y": -3.386286224760227e-15, "TWO-ELECTRON ENERGY": 365.9791164464208, "CURRENT DIPOLE Z": 0.0, "NUCLEAR REPULSION ENERGY": 230.7683130331784, "CURRENT DIPOLE X": 3.386286224760227e-14, "SCF DIPOLE X": 3.386286224760227e-14, "CURRENT ENERGY": -300.0885866494571, "DFT TOTAL ENERGY": -300.0885866494571, "ONE-ELECTRON ENERGY": -863.2974509797463, "SCF TOTAL ENERGY": -300.0885866494571}, "error": "", "modelchem": "B3LYP/aug-cc-pVDZ", "args": "B3LYP/aug-cc-pVDZ", "return_value": -300.0885866494571, "output": "", "success": true, "driver": "energy", "moleucle_hash": "17f9b0f8b1b6436c275dbc6b2465390d08b76d8b", "molecule": "\n  0  1\n      C        1.99727808        -0.10431489         0.00000000\n      H        3.10176903        -0.16200082         0.00000000\n      N        1.29228783        -1.20609151         0.00000000\n      H        1.93090747        -2.00517101         0.00000000\n      N        1.49059653         1.14934169         0.00000000\n      H        0.45949690         1.29156428         0.00000000\n      H        2.13289668         1.92867591         0.00000000\n      C       -1.99727808         0.10431489         0.00000000\n      H       -3.10176903         0.16200082         0.00000000\n      N       -1.29228783         1.20609151         0.00000000\n      H       -1.93090747         2.00517101         0.00000000\n      N       -1.49059653        -1.14934169         0.00000000\n      H       -0.45949690        -1.29156428         0.00000000\n      H       -2.13289668        -1.92867591         0.00000000\n"}