{"args": "B3LYP/aug-cc-pVDZ", "driver": "energy", "return_value": -189.79508766864765, "success": true, "variables": {"SCF N ITERS": 8.0, "TWO-ELECTRON ENERGY": 156.20959824304225, "SCF DIPOLE X": -0.3770735543125654, "CURRENT DIPOLE Y": -1.4950664426541687, "SCF DIPOLE Y": -1.4950664426541687, "SCF DIPOLE Z": 0.0, "DFT XC ENERGY": -18.836403281773617, "SCF ITERATION ENERGY": -189.79508766864765, "ONE-ELECTRON ENERGY": -396.60549990587884, "SCF TOTAL ENERGY": -189.79508766864765, "CURRENT ENERGY": -189.79508766864765, "CURRENT DIPOLE Z": 0.0, "NUCLEAR REPULSION ENERGY": 69.43721727596257, "CURRENT REFERENCE ENERGY": -189.79508766864765, "DFT TOTAL ENERGY": -189.79508766864765, "CURRENT DIPOLE X": -0.3770735543125654, "DFT FUNCTIONAL TOTAL ENERGY": -189.79508766864765}, "modelchem": "B3LYP/aug-cc-pVDZ", "output": "", "moleucle_hash": "183de5a85631689ea977bc9b01ee0774034f95c7", "error": "", "molecule": "\n  0  1\n      C       -3.91213194         0.16018637         0.00000000\n      H       -5.01752318         0.20105168         0.00000000\n      O       -3.17868840         1.12881552         0.00000000\n      O       -3.49736776        -1.13502496         0.00000000\n      H       -2.52261475        -1.11615900         0.00000000\n  GH(C)        4.08240815        -0.13536451         0.00000000\n  GH(H)        5.18661439        -0.17618601         0.00000000\n  GH(N)        3.30082536        -1.16974476         0.00000000\n  GH(H)        3.87167108        -2.02158353         0.00000000\n  GH(N)        3.58224397         1.14684614         0.00000000\n  GH(H)        2.57892509         1.28493460         0.00000000\n  GH(H)        4.19355750         1.94910244         0.00000000\n"}