{"modelchem": "B3LYP/aug-cc-pVDZ", "output": "", "error": "", "driver": "energy", "moleucle_hash": "18c4de91608b66eda7aa76cfc8b6a43b78284758", "args": "B3LYP/aug-cc-pVDZ", "variables": {"SCF DIPOLE Z": 0.0, "SCF TOTAL ENERGY": -169.92509460549314, "DFT FUNCTIONAL TOTAL ENERGY": -169.92509460549314, "SCF DIPOLE Y": -3.84120886727669, "DFT TOTAL ENERGY": -169.92509460549314, "DFT XC ENERGY": -17.800537338609427, "NUCLEAR REPULSION ENERGY": 70.51586616582384, "CURRENT DIPOLE X": -1.1016259386396783, "CURRENT DIPOLE Z": 0.0, "TWO-ELECTRON ENERGY": 147.68393133892252, "SCF N ITERS": 8.0, "SCF ITERATION ENERGY": -169.92509460549314, "CURRENT DIPOLE Y": -3.84120886727669, "ONE-ELECTRON ENERGY": -370.3243547716301, "CURRENT REFERENCE ENERGY": -169.92509460549314, "SCF DIPOLE X": -1.1016259386396783, "CURRENT ENERGY": -169.92509460549314}, "success": true, "molecule": "\n  0  1\n      C       -4.94051459         0.12561969         0.00000000\n      H       -6.05385655         0.15311771         0.00000000\n      O       -4.25179826         1.14206138         0.00000000\n      N       -4.44195445        -1.15218600         0.00000000\n      H       -3.43769145        -1.29256009         0.00000000\n      H       -5.05860183        -1.95380737         0.00000000\n  GH(C)        5.05643837        -0.12129136         0.00000000\n  GH(H)        6.16113003        -0.14857573         0.00000000\n  GH(N)        4.28876097        -1.16580235         0.00000000\n  GH(H)        4.87088844        -2.00997853         0.00000000\n  GH(N)        4.53935952         1.15434078         0.00000000\n  GH(H)        3.53425488         1.27830661         0.00000000\n  GH(H)        5.13978851         1.96474473         0.00000000\n", "return_value": -169.92509460549314}