{"molecule": "\n  0  1\n      C       -2.86735875         0.18206412         0.00000000\n      H       -3.97126829         0.24767419         0.00000000\n      O       -2.11347561         1.13744992         0.00000000\n      O       -2.47888370        -1.11819686         0.00000000\n      H       -1.50260023        -1.12749792         0.00000000\n      C        2.92242523        -0.16204751         0.00000000\n      H        4.03336881        -0.22807565         0.00000000\n      O        2.19639756        -1.15519802         0.00000000\n      N        2.46432498         1.12882796         0.00000000\n      H        1.46400695         1.30306213         0.00000000\n      H        3.10628291         1.91044267         0.00000000\n", "output": "", "args": "B3LYP/aug-cc-pVDZ", "error": "", "moleucle_hash": "1a4c74c55a4d8801e569237cf947bf827abccaab", "driver": "energy", "success": true, "variables": {"SCF ITERATION ENERGY": -359.72442403168947, "SCF DIPOLE X": 0.8791275974319285, "SCF N ITERS": 10.0, "SCF DIPOLE Y": 2.2926277772951353, "ONE-ELECTRON ENERGY": -885.6606379596556, "DFT XC ENERGY": -36.63624994896867, "NUCLEAR REPULSION ENERGY": 199.28928967184135, "TWO-ELECTRON ENERGY": 363.2831742050935, "SCF DIPOLE Z": 0.0, "CURRENT ENERGY": -359.72442403168947, "CURRENT DIPOLE Z": 0.0, "CURRENT DIPOLE X": 0.8791275974319285, "DFT FUNCTIONAL TOTAL ENERGY": -359.72442403168947, "SCF TOTAL ENERGY": -359.72442403168947, "CURRENT DIPOLE Y": 2.2926277772951353, "CURRENT REFERENCE ENERGY": -359.72442403168947, "DFT TOTAL ENERGY": -359.72442403168947}, "return_value": -359.72442403168947, "modelchem": "B3LYP/aug-cc-pVDZ"}