{"output": "", "success": true, "error": "", "variables": {"SCF N ITERS": 8.0, "SCF DIPOLE Z": 0.0, "CURRENT ENERGY": -169.91390000694614, "SCF TOTAL ENERGY": -169.91390000694614, "NUCLEAR REPULSION ENERGY": 70.13040080730296, "CURRENT DIPOLE Y": -4.180498057560558, "CURRENT REFERENCE ENERGY": -169.91390000694614, "DFT XC ENERGY": -17.788315979604015, "CURRENT DIPOLE X": -1.183939287558701, "ONE-ELECTRON ENERGY": -369.5023966465084, "SCF DIPOLE X": -1.183939287558701, "SCF ITERATION ENERGY": -169.91390000694614, "CURRENT DIPOLE Z": 0.0, "DFT FUNCTIONAL TOTAL ENERGY": -169.91390000694614, "SCF DIPOLE Y": -4.180498057560558, "TWO-ELECTRON ENERGY": 147.24641181186328, "DFT TOTAL ENERGY": -169.91390000694614}, "return_value": -169.91390000694614, "driver": "energy", "modelchem": "B3LYP/aug-cc-pVDZ", "args": "B3LYP/aug-cc-pVDZ", "moleucle_hash": "1db84261a852902a44e0ac623f0e5ed76e6c7816", "molecule": "\n  0  1\n      C       -1.68224527         0.20007686         0.00000000\n      H       -2.79851036         0.32731687         0.00000000\n      O       -1.03337695         1.25685782         0.00000000\n      N       -1.42371554        -1.11002338         0.00000000\n      H       -0.41476039        -1.44699423         0.00000000\n      H       -2.24807926        -1.69769344         0.00000000\n  GH(C)        1.69587997        -0.18498638         0.00000000\n  GH(H)        2.80117416        -0.31097584         0.00000000\n  GH(N)        1.05127931        -1.32038822         0.00000000\n  GH(H)        1.74163210        -2.07111657         0.00000000\n  GH(N)        1.41625166         1.12650330         0.00000000\n  GH(H)        0.43768191         1.44670293         0.00000000\n  GH(H)        2.21582070         1.74279349         0.00000000\n"}