{"success": true, "modelchem": "B3LYP/aug-cc-pVDZ", "driver": "energy", "variables": {"SCF DIPOLE Z": 0.0, "TWO-ELECTRON ENERGY": 377.4317267163282, "DFT FUNCTIONAL TOTAL ENERGY": -359.7316720119113, "DFT XC ENERGY": -36.635991981822194, "ONE-ELECTRON ENERGY": -913.9472968417792, "CURRENT DIPOLE Y": 2.2759988778268583, "CURRENT ENERGY": -359.7316720119113, "SCF TOTAL ENERGY": -359.7316720119113, "CURRENT REFERENCE ENERGY": -359.7316720119113, "DFT TOTAL ENERGY": -359.7316720119113, "SCF N ITERS": 10.0, "CURRENT DIPOLE Z": 0.0, "SCF DIPOLE X": 0.9677968702918399, "CURRENT DIPOLE X": 0.9677968702918399, "SCF ITERATION ENERGY": -359.7316720119113, "NUCLEAR REPULSION ENERGY": 213.4198900953619, "SCF DIPOLE Y": 2.2759988778268583}, "output": "", "moleucle_hash": "1dd2436e2d9698adef576f9f5d49e31bfcbb9cb1", "error": "", "return_value": -359.7316720119113, "molecule": "\n  0  1\n      C       -2.37053947         0.18335144         0.00000000\n      H       -3.47255698         0.26439714         0.00000000\n      O       -1.61858011         1.14618338         0.00000000\n      O       -1.96882669        -1.10687094         0.00000000\n      H       -0.98773609        -1.11271132         0.00000000\n      C        2.41653317        -0.16870436         0.00000000\n      H        3.52489949        -0.25021697         0.00000000\n      O        1.67809174        -1.15922822         0.00000000\n      N        1.95399445         1.11666331         0.00000000\n      H        0.94841269         1.28120182         0.00000000\n      H        2.59207415         1.90149404         0.00000000\n", "args": "B3LYP/aug-cc-pVDZ"}