{"driver": "energy", "error": "", "variables": {"CURRENT DIPOLE Z": 0.0, "DFT FUNCTIONAL TOTAL ENERGY": -379.61510004088035, "CURRENT REFERENCE ENERGY": -379.61510004088035, "SCF TOTAL ENERGY": -379.61510004088035, "CURRENT ENERGY": -379.61510004088035, "SCF DIPOLE X": 1.2416382824120831e-14, "SCF ITERATION ENERGY": -379.61510004088035, "DFT TOTAL ENERGY": -379.61510004088035, "CURRENT DIPOLE Y": 2.2575241498401512e-15, "SCF DIPOLE Y": 2.2575241498401512e-15, "CURRENT DIPOLE X": 1.2416382824120831e-14, "SCF N ITERS": 8.0, "SCF DIPOLE Z": 0.0, "ONE-ELECTRON ENERGY": -984.124035820662, "NUCLEAR REPULSION ENERGY": 234.43461308186045, "DFT XC ENERGY": -37.71492860030161, "TWO-ELECTRON ENERGY": 407.78925129822284}, "args": "B3LYP/aug-cc-pVDZ", "output": "", "return_value": -379.61510004088035, "modelchem": "B3LYP/aug-cc-pVDZ", "molecule_hash": "1f406f36f162af0260fa40795d2c92c37217226a", "success": true, "molecule": "\n  0  1\n      C        1.89005169        -0.19417983         0.00000000\n      H        2.98915191        -0.30709901         0.00000000\n      O        1.14427894        -1.17618187         0.00000000\n      O        1.52059687         1.07982181         0.00000000\n      H        0.52216282         1.12736965         0.00000000\n      C       -1.89005169         0.19417983         0.00000000\n      H       -2.98915191         0.30709901         0.00000000\n      O       -1.14427894         1.17618187         0.00000000\n      O       -1.52059687        -1.07982181         0.00000000\n      H       -0.52216282        -1.12736965         0.00000000\n"}