{"molecule": "\n  0  1\n      C        2.49735133        -0.11505842         0.00000000\n      H        3.59972532        -0.16584719         0.00000000\n      N        1.73648339        -1.17469470         0.00000000\n      H        2.33188443        -2.00962361         0.00000000\n      N        1.94973034         1.14125016         0.00000000\n      H        0.93377159         1.23689923         0.00000000\n      H        2.53164153         1.96514450         0.00000000\n      C       -2.49735133         0.11505842         0.00000000\n      H       -3.59972532         0.16584719         0.00000000\n      N       -1.73648339         1.17469470         0.00000000\n      H       -2.33188443         2.00962361         0.00000000\n      N       -1.94973034        -1.14125016         0.00000000\n      H       -0.93377159        -1.23689923         0.00000000\n      H       -2.53164153        -1.96514450         0.00000000\n", "variables": {"DFT FUNCTIONAL TOTAL ENERGY": -300.080328737194, "CURRENT DIPOLE Y": 3.386286224760227e-15, "DFT XC ENERGY": -33.48559856150354, "NUCLEAR REPULSION ENERGY": 212.95726630844464, "SCF N ITERS": 9.0, "SCF DIPOLE Y": 3.386286224760227e-15, "SCF DIPOLE Z": 0.0, "CURRENT REFERENCE ENERGY": -300.080328737194, "SCF DIPOLE X": 9.030096599360605e-15, "DFT TOTAL ENERGY": -300.080328737194, "CURRENT ENERGY": -300.080328737194, "CURRENT DIPOLE Z": 0.0, "CURRENT DIPOLE X": 9.030096599360605e-15, "TWO-ELECTRON ENERGY": 347.9834825986056, "SCF ITERATION ENERGY": -300.080328737194, "ONE-ELECTRON ENERGY": -827.5354790827407, "SCF TOTAL ENERGY": -300.080328737194}, "error": "", "return_value": -300.080328737194, "moleucle_hash": "1ff0088a77fd8381e03c492be20f4901f050903f", "output": "", "args": "B3LYP/aug-cc-pVDZ", "modelchem": "B3LYP/aug-cc-pVDZ", "success": true, "driver": "energy"}