{"return_value": -150.03440874223625, "args": "B3LYP/aug-cc-pVDZ", "variables": {"SCF ITERATION ENERGY": -150.03440874223625, "DFT TOTAL ENERGY": -150.03440874223628, "CURRENT REFERENCE ENERGY": -150.03440874223625, "TWO-ELECTRON ENERGY": 138.76030505952758, "SCF DIPOLE X": 1.941574450996332, "CURRENT DIPOLE Z": 0.0, "NUCLEAR REPULSION ENERGY": 71.44219510443958, "SCF DIPOLE Y": 2.1644965418862774, "ONE-ELECTRON ENERGY": -343.49205608980833, "SCF N ITERS": 8.0, "SCF DIPOLE Z": 0.0, "CURRENT DIPOLE X": 1.941574450996332, "DFT FUNCTIONAL TOTAL ENERGY": -150.03440874223628, "CURRENT ENERGY": -150.03440874223625, "SCF TOTAL ENERGY": -150.03440874223625, "CURRENT DIPOLE Y": 2.1644965418862774, "DFT XC ENERGY": -16.744852816395095}, "error": "", "driver": "energy", "molecule": "\n  0  1\n  GH(C)       -3.91213194         0.16018637         0.00000000\n  GH(H)       -5.01752318         0.20105168         0.00000000\n  GH(O)       -3.17868840         1.12881552         0.00000000\n  GH(O)       -3.49736776        -1.13502496         0.00000000\n  GH(H)       -2.52261475        -1.11615900         0.00000000\n      C        4.08240815        -0.13536451         0.00000000\n      H        5.18661439        -0.17618601         0.00000000\n      N        3.30082536        -1.16974476         0.00000000\n      H        3.87167108        -2.02158353         0.00000000\n      N        3.58224397         1.14684614         0.00000000\n      H        2.57892509         1.28493460         0.00000000\n      H        4.19355750         1.94910244         0.00000000\n", "success": true, "modelchem": "B3LYP/aug-cc-pVDZ", "output": "", "molecule_hash": "235a725d6b1a0fe2300ef63643ec4278c1da3a2e"}