{"modelchem": "B3LYP/aug-cc-pVDZ", "success": true, "driver": "energy", "output": "", "return_value": -189.79507126440427, "args": "B3LYP/aug-cc-pVDZ", "molecule_hash": "2373ae63bf3ba6fa667e905c37d411011c846ea9", "error": "", "molecule": "\n  0  1\n      C       -4.94899199         0.15261986         0.00000000\n      H       -6.05466697         0.18398552         0.00000000\n      O       -4.22139968         1.12529943         0.00000000\n      O       -4.52579681        -1.14045626         0.00000000\n      H       -3.55156372        -1.11418323         0.00000000\n  GH(C)        5.04698843        -0.13094494         0.00000000\n  GH(H)        6.16016561        -0.16252342         0.00000000\n  GH(O)        4.35243631        -1.14332963         0.00000000\n  GH(N)        4.55565401         1.14984957         0.00000000\n  GH(H)        3.55239498         1.29639409         0.00000000\n  GH(H)        5.17702398         1.94785550         0.00000000\n", "variables": {"CURRENT DIPOLE Z": 0.0, "SCF ITERATION ENERGY": -189.79507126440427, "CURRENT DIPOLE Y": -1.4910960329757417, "SCF DIPOLE Z": 0.0, "DFT XC ENERGY": -18.83649064006448, "DFT TOTAL ENERGY": -189.79507126440427, "TWO-ELECTRON ENERGY": 156.2095493204747, "SCF DIPOLE X": -0.36962967534714725, "CURRENT DIPOLE X": -0.36962967534714725, "DFT FUNCTIONAL TOTAL ENERGY": -189.79507126440427, "SCF N ITERS": 8.0, "CURRENT REFERENCE ENERGY": -189.79507126440427, "SCF DIPOLE Y": -1.4910960329757417, "CURRENT ENERGY": -189.79507126440427, "SCF TOTAL ENERGY": -189.79507126440427, "NUCLEAR REPULSION ENERGY": 69.43787499047484, "ONE-ELECTRON ENERGY": -396.6060049352893}}