{"args": "B3LYP/aug-cc-pVDZ", "driver": "energy", "molecule": "\n  0  1\n      C       -1.81131260         0.15832706         0.00000000\n      H       -2.91739607         0.25779849         0.00000000\n      O       -1.14367167         1.19940056         0.00000000\n      O       -1.41977566        -1.09000937         0.00000000\n      H       -0.35849776        -1.15413164         0.00000000\n      C        1.87381606        -0.17308101         0.00000000\n      H        2.97427347        -0.27204647         0.00000000\n      N        1.09844368        -1.22316593         0.00000000\n      H        1.64649981        -2.08331650         0.00000000\n      N        1.48635545         1.11647699         0.00000000\n      H        0.48139283         1.34214247         0.00000000\n      H        2.19917472         1.83148239         0.00000000\n", "return_value": -339.8542178442594, "error": "", "success": true, "moleucle_hash": "276028c37404c9f94f28e6beaf0daf973d89c84e", "variables": {"SCF DIPOLE Y": 0.2123792498728101, "CURRENT DIPOLE Y": 0.2123792498728101, "CURRENT DIPOLE X": 3.39174293187431, "SCF N ITERS": 10.0, "ONE-ELECTRON ENERGY": -932.2301364566509, "SCF DIPOLE X": 3.39174293187431, "CURRENT DIPOLE Z": 0.0, "SCF TOTAL ENERGY": -339.8542178442594, "DFT XC ENERGY": -35.65382890318065, "CURRENT ENERGY": -339.8542178442594, "TWO-ELECTRON ENERGY": 391.2515916269437, "DFT FUNCTIONAL TOTAL ENERGY": -339.85421784425944, "DFT TOTAL ENERGY": -339.85421784425944, "SCF DIPOLE Z": 0.0, "CURRENT REFERENCE ENERGY": -339.8542178442594, "SCF ITERATION ENERGY": -339.8542178442594, "NUCLEAR REPULSION ENERGY": 236.77815588862845}, "modelchem": "B3LYP/aug-cc-pVDZ", "output": ""}