{"molecule": "\n  0  1\n      C        2.09742845        -0.10390077         0.00000000\n      H        3.20059131        -0.15854840         0.00000000\n      N        1.36932506        -1.19108785         0.00000000\n      H        1.99079936        -2.00473399         0.00000000\n      N        1.56227621         1.14466550         0.00000000\n      H        0.53433608         1.25999374         0.00000000\n      H        2.17408498         1.94769642         0.00000000\n      C       -2.09742845         0.10390077         0.00000000\n      H       -3.20059131         0.15854840         0.00000000\n      N       -1.36932506         1.19108785         0.00000000\n      H       -1.99079936         2.00473399         0.00000000\n      N       -1.56227621        -1.14466550         0.00000000\n      H       -0.53433608        -1.25999374         0.00000000\n      H       -2.17408498        -1.94769642         0.00000000\n", "moleucle_hash": "29326c55dbbc5c468413c4063ec49d404417ffa3", "output": "", "error": "", "success": true, "return_value": -300.0902908707401, "variables": {"DFT XC ENERGY": -33.518174340918264, "CURRENT DIPOLE X": 3.386286224760227e-14, "SCF DIPOLE X": 3.386286224760227e-14, "SCF TOTAL ENERGY": -300.0902908707401, "SCF ITERATION ENERGY": -300.0902908707401, "DFT FUNCTIONAL TOTAL ENERGY": -300.0902908707401, "DFT TOTAL ENERGY": -300.0902908707401, "CURRENT DIPOLE Y": 6.772572449520454e-15, "SCF DIPOLE Y": 6.772572449520454e-15, "CURRENT REFERENCE ENERGY": -300.0902908707401, "NUCLEAR REPULSION ENERGY": 227.18583882511004, "SCF DIPOLE Z": 0.0, "TWO-ELECTRON ENERGY": 362.3671117984143, "SCF N ITERS": 9.0, "ONE-ELECTRON ENERGY": -856.1250671533462, "CURRENT ENERGY": -300.0902908707401, "CURRENT DIPOLE Z": 0.0}, "modelchem": "B3LYP/aug-cc-pVDZ", "driver": "energy", "args": "B3LYP/aug-cc-pVDZ"}