{"error": "", "moleucle_hash": "29c6e3905c0e4102da5ba178b038b69e1f2c3e65", "molecule": "\n  0  1\n      C        2.19748298        -0.10521494         0.00000000\n      H        3.29994728        -0.15800065         0.00000000\n      N        1.45477374        -1.18214133         0.00000000\n      H        2.06523281        -2.00494056         0.00000000\n      N        1.64750275         1.14225070         0.00000000\n      H        0.62306965         1.24181216         0.00000000\n      H        2.24041883         1.95893145         0.00000000\n  GH(C)       -2.19748298         0.10521494         0.00000000\n  GH(H)       -3.29994728         0.15800065         0.00000000\n  GH(N)       -1.45477374         1.18214133         0.00000000\n  GH(H)       -2.06523281         2.00494056         0.00000000\n  GH(N)       -1.64750275        -1.14225070         0.00000000\n  GH(H)       -0.62306965        -1.24181216         0.00000000\n  GH(H)       -2.24041883        -1.95893145         0.00000000\n", "return_value": -150.0339322315342, "modelchem": "B3LYP/aug-cc-pVDZ", "success": true, "driver": "energy", "variables": {"DFT FUNCTIONAL TOTAL ENERGY": -150.0339322315342, "TWO-ELECTRON ENERGY": 138.72621280746466, "CURRENT REFERENCE ENERGY": -150.0339322315342, "SCF DIPOLE Y": 2.3663175904131917, "CURRENT DIPOLE Y": 2.3663175904131917, "SCF DIPOLE X": 1.8612863403898683, "SCF ITERATION ENERGY": -150.0339322315342, "NUCLEAR REPULSION ENERGY": 71.3997228875571, "CURRENT DIPOLE X": 1.8612863403898683, "ONE-ELECTRON ENERGY": -343.42058926578704, "DFT XC ENERGY": -16.739278660768935, "DFT TOTAL ENERGY": -150.0339322315342, "SCF DIPOLE Z": 0.0, "SCF TOTAL ENERGY": -150.0339322315342, "SCF N ITERS": 8.0, "CURRENT ENERGY": -150.0339322315342, "CURRENT DIPOLE Z": 0.0}, "args": "B3LYP/aug-cc-pVDZ", "output": ""}