{"driver": "energy", "variables": {"DFT TOTAL ENERGY": -339.8552894944329, "SCF DIPOLE X": 9.030096599360605e-15, "SCF DIPOLE Y": 0.0, "SCF N ITERS": 9.0, "SCF DIPOLE Z": 0.0, "DFT XC ENERGY": -35.60015841638528, "CURRENT DIPOLE Z": 0.0, "SCF TOTAL ENERGY": -339.8552894944329, "SCF ITERATION ENERGY": -339.8552894944329, "CURRENT DIPOLE X": 9.030096599360605e-15, "ONE-ELECTRON ENERGY": -859.1786317089102, "TWO-ELECTRON ENERGY": 354.7067710531237, "CURRENT ENERGY": -339.8552894944329, "NUCLEAR REPULSION ENERGY": 200.2167295777389, "DFT FUNCTIONAL TOTAL ENERGY": -339.8552894944329, "CURRENT DIPOLE Y": 0.0, "CURRENT REFERENCE ENERGY": -339.8552894944329}, "success": true, "molecule": "\n  0  1\n      C        2.89633015        -0.14585783         0.00000000\n      H        4.00779084        -0.20183046         0.00000000\n      O        2.18702642        -1.15195636         0.00000000\n      N        2.41611039         1.13579344         0.00000000\n      H        1.41208234         1.29109009         0.00000000\n      H        3.04382363         1.92881894         0.00000000\n      C       -2.89633015         0.14585783         0.00000000\n      H       -4.00779084         0.20183046         0.00000000\n      O       -2.18702642         1.15195636         0.00000000\n      N       -2.41611039        -1.13579344         0.00000000\n      H       -1.41208234        -1.29109009         0.00000000\n      H       -3.04382363        -1.92881894         0.00000000\n", "return_value": -339.8552894944329, "moleucle_hash": "2b0d8f40bf162a21f7e7d12bf87bf17f8c96ce6e", "args": "B3LYP/aug-cc-pVDZ", "output": "", "modelchem": "B3LYP/aug-cc-pVDZ", "error": ""}