{"molecule_hash": "2bfddb72cc2ff3f0654674a6b42abf0222e5ebf3", "args": "B3LYP/aug-cc-pVDZ", "variables": {"CURRENT DIPOLE Y": -1.440776105852716, "CURRENT DIPOLE Z": 0.0, "CURRENT ENERGY": -319.94299610687676, "NUCLEAR REPULSION ENERGY": 239.90587476327732, "CURRENT REFERENCE ENERGY": -319.94299610687676, "CURRENT DIPOLE X": 1.4136475123714605, "TWO-ELECTRON ENERGY": 384.745051406366, "SCF DIPOLE Y": -1.440776105852716, "SCF TOTAL ENERGY": -319.94299610687676, "SCF DIPOLE X": 1.4136475123714605, "DFT XC ENERGY": -34.649491273011456, "SCF ITERATION ENERGY": -319.94299610687676, "DFT TOTAL ENERGY": -319.94299610687676, "DFT FUNCTIONAL TOTAL ENERGY": -319.94299610687676, "ONE-ELECTRON ENERGY": -909.9444310035086, "SCF N ITERS": 9.0, "SCF DIPOLE Z": 0.0}, "return_value": -319.94299610687676, "driver": "energy", "output": "", "molecule": "\n  0  1\n      C       -1.68224527         0.20007686         0.00000000\n      H       -2.79851036         0.32731687         0.00000000\n      O       -1.03337695         1.25685782         0.00000000\n      N       -1.42371554        -1.11002338         0.00000000\n      H       -0.41476039        -1.44699423         0.00000000\n      H       -2.24807926        -1.69769344         0.00000000\n      C        1.69587997        -0.18498638         0.00000000\n      H        2.80117416        -0.31097584         0.00000000\n      N        1.05127931        -1.32038822         0.00000000\n      H        1.74163210        -2.07111657         0.00000000\n      N        1.41625166         1.12650330         0.00000000\n      H        0.43768191         1.44670293         0.00000000\n      H        2.21582070         1.74279349         0.00000000\n", "modelchem": "B3LYP/aug-cc-pVDZ", "error": "", "success": true}