{"driver": "energy", "success": true, "error": "", "return_value": -379.6028150530447, "args": "B3LYP/aug-cc-pVDZ", "output": "", "moleucle_hash": "2ca433bdbc9e50bec6982a0ff10bdd35bea96d08", "variables": {"DFT XC ENERGY": -37.67291721485419, "NUCLEAR REPULSION ENERGY": 216.2533982456147, "SCF ITERATION ENERGY": -379.6028150530447, "DFT TOTAL ENERGY": -379.6028150530447, "CURRENT DIPOLE Z": 0.0, "CURRENT ENERGY": -379.6028150530447, "SCF DIPOLE Y": -4.5150482996803025e-15, "SCF DIPOLE Z": 0.0, "ONE-ELECTRON ENERGY": -947.889493515193, "SCF DIPOLE X": -1.9753336311101324e-14, "CURRENT REFERENCE ENERGY": -379.6028150530447, "CURRENT DIPOLE X": -1.9753336311101324e-14, "TWO-ELECTRON ENERGY": 389.70619743138775, "SCF N ITERS": 9.0, "SCF TOTAL ENERGY": -379.6028150530447, "DFT FUNCTIONAL TOTAL ENERGY": -379.6028150530447, "CURRENT DIPOLE Y": -4.5150482996803025e-15}, "modelchem": "B3LYP/aug-cc-pVDZ", "molecule": "\n  0  1\n      C        2.29051747        -0.20864206         0.00000000\n      H        3.39063528        -0.30885122         0.00000000\n      O        1.51085984        -1.15029332         0.00000000\n      O        1.92095251         1.09113093         0.00000000\n      H        0.94036724         1.12135540         0.00000000\n      C       -2.29051747         0.20864206         0.00000000\n      H       -3.39063528         0.30885122         0.00000000\n      O       -1.51085984         1.15029332         0.00000000\n      O       -1.92095251        -1.09113093         0.00000000\n      H       -0.94036724        -1.12135540         0.00000000\n"}