{"return_value": -150.03443190139964, "args": "B3LYP/aug-cc-pVDZ", "molecule": "\n  0  1\n  GH(C)       -2.14914999         0.16086986         0.00000000\n  GH(H)       -3.25109115         0.24371672         0.00000000\n  GH(O)       -1.43435230         1.15849662         0.00000000\n  GH(O)       -1.69755858        -1.10315341         0.00000000\n  GH(H)       -0.70240660        -1.08186738         0.00000000\n      C        2.23846787        -0.16900290         0.00000000\n      H        3.33829123        -0.25169053         0.00000000\n      N        1.40543473        -1.17550354         0.00000000\n      H        1.92694842        -2.05687020         0.00000000\n      N        1.77253439         1.11690493         0.00000000\n      H        0.76542789         1.27975581         0.00000000\n      H        2.40921970         1.89964705         0.00000000\n", "error": "", "success": true, "variables": {"DFT FUNCTIONAL TOTAL ENERGY": -150.03443190139964, "SCF DIPOLE Z": 0.0, "CURRENT REFERENCE ENERGY": -150.03443190139964, "DFT XC ENERGY": -16.741655189513306, "SCF DIPOLE Y": 2.139536995853832, "CURRENT DIPOLE X": 2.017435055275449, "TWO-ELECTRON ENERGY": 138.78062611374384, "CURRENT DIPOLE Z": 0.0, "CURRENT DIPOLE Y": 2.139536995853832, "SCF N ITERS": 8.0, "ONE-ELECTRON ENERGY": -343.52562925707394, "SCF TOTAL ENERGY": -150.03443190139964, "CURRENT ENERGY": -150.03443190139964, "SCF ITERATION ENERGY": -150.03443190139964, "NUCLEAR REPULSION ENERGY": 71.45222643144376, "SCF DIPOLE X": 2.017435055275449, "DFT TOTAL ENERGY": -150.03443190139964}, "modelchem": "B3LYP/aug-cc-pVDZ", "output": "", "molecule_hash": "2e55eeb55bae0278012eeaaa3b92f8d9c912be58", "driver": "energy"}