{"moleucle_hash": "2e928da715096aca60666c1396cc1896d95c71c8", "molecule": "\n  0  1\n  GH(C)        2.39092365        -0.20853307         0.00000000\n  GH(H)        3.49171140        -0.30454226         0.00000000\n  GH(O)        1.61118653        -1.14785646         0.00000000\n  GH(O)        2.02488292         1.09452849         0.00000000\n  GH(H)        1.04594759         1.12557184         0.00000000\n      C       -2.39092365         0.20853307         0.00000000\n      H       -3.49171140         0.30454226         0.00000000\n      O       -1.61118653         1.14785646         0.00000000\n      O       -2.02488292        -1.09452849         0.00000000\n      H       -1.04594759        -1.12557184         0.00000000\n", "variables": {"DFT XC ENERGY": -18.834059793295747, "SCF DIPOLE Z": 0.0, "DFT TOTAL ENERGY": -189.79505783034676, "NUCLEAR REPULSION ENERGY": 69.43411380102387, "SCF DIPOLE X": -0.45552825798273666, "DFT FUNCTIONAL TOTAL ENERGY": -189.79505783034676, "SCF TOTAL ENERGY": -189.79505783034676, "ONE-ELECTRON ENERGY": -396.61493358475263, "SCF ITERATION ENERGY": -189.79505783034676, "SCF N ITERS": 8.0, "CURRENT DIPOLE Z": 0.0, "SCF DIPOLE Y": -1.5432681118866596, "CURRENT DIPOLE X": -0.45552825798273666, "CURRENT DIPOLE Y": -1.5432681118866596, "CURRENT ENERGY": -189.79505783034676, "TWO-ELECTRON ENERGY": 156.21982174667778, "CURRENT REFERENCE ENERGY": -189.79505783034676}, "output": "", "modelchem": "B3LYP/aug-cc-pVDZ", "error": "", "return_value": -189.79505783034676, "args": "B3LYP/aug-cc-pVDZ", "success": true, "driver": "energy"}