{"return_value": -169.92470249746836, "success": true, "output": "", "molecule": "\n  0  1\n  GH(C)       -1.97758328         0.16248610         0.00000000\n  GH(H)       -3.07869694         0.25672827         0.00000000\n  GH(O)       -1.27661752         1.17355076         0.00000000\n  GH(O)       -1.53599418        -1.09470560         0.00000000\n  GH(H)       -0.53703710        -1.08809981         0.00000000\n      C        2.00784676        -0.17861908         0.00000000\n      H        3.11415420        -0.27330577         0.00000000\n      O        1.25185521        -1.16673528         0.00000000\n      N        1.58801714         1.10829528         0.00000000\n      H        0.58149375         1.30380344         0.00000000\n      H        2.26561575         1.85952935         0.00000000\n", "args": "B3LYP/aug-cc-pVDZ", "moleucle_hash": "311f52ee4c044e681d4a7447ffe0f9e372f5378e", "error": "", "modelchem": "B3LYP/aug-cc-pVDZ", "variables": {"SCF ITERATION ENERGY": -169.92470249746836, "CURRENT DIPOLE Z": 0.0, "ONE-ELECTRON ENERGY": -370.27245777992033, "CURRENT REFERENCE ENERGY": -169.92470249746836, "SCF DIPOLE Z": 0.0, "CURRENT ENERGY": -169.92470249746836, "SCF DIPOLE Y": 3.932361542811068, "CURRENT DIPOLE Y": 3.932361542811068, "NUCLEAR REPULSION ENERGY": 70.47862318115232, "SCF N ITERS": 8.0, "SCF DIPOLE X": 1.3584961452944166, "DFT FUNCTIONAL TOTAL ENERGY": -169.92470249746836, "CURRENT DIPOLE X": 1.3584961452944166, "DFT TOTAL ENERGY": -169.92470249746836, "SCF TOTAL ENERGY": -169.92470249746836, "TWO-ELECTRON ENERGY": 147.664966285069, "DFT XC ENERGY": -17.79583418376935}, "driver": "energy"}