{"output": "", "success": true, "moleucle_hash": "326544677cfa542a097fc0e08f253b343ca91206", "return_value": -189.79505454031846, "variables": {"TWO-ELECTRON ENERGY": 156.22181865523123, "SCF DIPOLE X": -0.4111298027238021, "CURRENT ENERGY": -189.79505454031846, "ONE-ELECTRON ENERGY": -396.6202850579555, "CURRENT DIPOLE Y": -1.5568901488471032, "DFT XC ENERGY": -18.834392466198423, "DFT FUNCTIONAL TOTAL ENERGY": -189.79505454031846, "CURRENT DIPOLE Z": 0.0, "DFT TOTAL ENERGY": -189.79505454031846, "CURRENT REFERENCE ENERGY": -189.79505454031846, "SCF DIPOLE Z": 0.0, "CURRENT DIPOLE X": -0.4111298027238021, "SCF DIPOLE Y": -1.5568901488471032, "NUCLEAR REPULSION ENERGY": 69.43780432860426, "SCF N ITERS": 8.0, "SCF ITERATION ENERGY": -189.79505454031846, "SCF TOTAL ENERGY": -189.79505454031846}, "modelchem": "B3LYP/aug-cc-pVDZ", "molecule": "\n  0  1\n      C       -2.46965740         0.18532900         0.00000000\n      H       -3.57215472         0.26340833         0.00000000\n      O       -1.71425854         1.14365130         0.00000000\n      O       -2.07552238        -1.10913287         0.00000000\n      H       -1.09609784        -1.11892804         0.00000000\n  GH(C)        2.51785158        -0.16788849         0.00000000\n  GH(H)        3.62685662        -0.24642870         0.00000000\n  GH(O)        1.78274154        -1.15890784         0.00000000\n  GH(N)        2.05645986         1.11912237         0.00000000\n  GH(H)        1.05236659         1.28627334         0.00000000\n  GH(H)        2.69518733         1.90341149         0.00000000\n", "driver": "energy", "error": "", "args": "B3LYP/aug-cc-pVDZ"}