{"args": "B3LYP/aug-cc-pVDZ", "error": "", "variables": {"ONE-ELECTRON ENERGY": -343.4205892657524, "SCF N ITERS": 8.0, "SCF DIPOLE X": -1.8612863404114683, "SCF DIPOLE Y": -2.366317590587333, "TWO-ELECTRON ENERGY": 138.72621280744883, "CURRENT ENERGY": -150.0339322315116, "CURRENT REFERENCE ENERGY": -150.0339322315116, "DFT FUNCTIONAL TOTAL ENERGY": -150.0339322315116, "SCF ITERATION ENERGY": -150.0339322315116, "CURRENT DIPOLE X": -1.8612863404114683, "CURRENT DIPOLE Y": -2.366317590587333, "DFT TOTAL ENERGY": -150.0339322315116, "SCF DIPOLE Z": 0.0, "CURRENT DIPOLE Z": 0.0, "DFT XC ENERGY": -16.739278660765134, "NUCLEAR REPULSION ENERGY": 71.3997228875571, "SCF TOTAL ENERGY": -150.0339322315116}, "driver": "energy", "molecule_hash": "336fd530bae113720a2b0ec7dfc3019566ddcf12", "modelchem": "B3LYP/aug-cc-pVDZ", "return_value": -150.0339322315116, "output": "", "molecule": "\n  0  1\n  GH(C)        2.19748298        -0.10521494         0.00000000\n  GH(H)        3.29994728        -0.15800065         0.00000000\n  GH(N)        1.45477374        -1.18214133         0.00000000\n  GH(H)        2.06523281        -2.00494056         0.00000000\n  GH(N)        1.64750275         1.14225070         0.00000000\n  GH(H)        0.62306965         1.24181216         0.00000000\n  GH(H)        2.24041883         1.95893145         0.00000000\n      C       -2.19748298         0.10521494         0.00000000\n      H       -3.29994728         0.15800065         0.00000000\n      N       -1.45477374         1.18214133         0.00000000\n      H       -2.06523281         2.00494056         0.00000000\n      N       -1.64750275        -1.14225070         0.00000000\n      H       -0.62306965        -1.24181216         0.00000000\n      H       -2.24041883        -1.95893145         0.00000000\n", "success": true}