{"success": true, "modelchem": "B3LYP/aug-cc-pVDZ", "return_value": -339.8529393236047, "molecule": "\n  0  1\n      C       -2.10033250         0.15939803         0.00000000\n      H       -3.20231249         0.24404256         0.00000000\n      O       -1.38972180         1.16159856         0.00000000\n      O       -1.64810100        -1.10130943         0.00000000\n      H       -0.64870385        -1.08383587         0.00000000\n      C        2.18703912        -0.16992061         0.00000000\n      H        3.28668154        -0.25438558         0.00000000\n      N        1.35416505        -1.17725815         0.00000000\n      H        1.87421236        -2.05911458         0.00000000\n      N        1.72522255         1.11572240         0.00000000\n      H        0.71775960         1.28182144         0.00000000\n      H        2.36632423         1.89492965         0.00000000\n", "driver": "energy", "moleucle_hash": "3916e5e2eb12ed303ad218023ec4b348fed73782", "error": "", "variables": {"DFT TOTAL ENERGY": -339.8529393236047, "SCF N ITERS": 10.0, "SCF ITERATION ENERGY": -339.8529393236047, "ONE-ELECTRON ENERGY": -906.9762730065609, "DFT FUNCTIONAL TOTAL ENERGY": -339.8529393236047, "SCF DIPOLE Y": 0.4891910430125696, "CURRENT ENERGY": -339.8529393236047, "CURRENT DIPOLE X": 2.4616490772542607, "TWO-ELECTRON ENERGY": 378.55051203183564, "DFT XC ENERGY": -35.59274418523059, "CURRENT REFERENCE ENERGY": -339.8529393236047, "CURRENT DIPOLE Y": 0.4891910430125696, "SCF TOTAL ENERGY": -339.8529393236047, "SCF DIPOLE Z": 0.0, "SCF DIPOLE X": 2.4616490772542607, "CURRENT DIPOLE Z": 0.0, "NUCLEAR REPULSION ENERGY": 224.1655658363511}, "output": "", "args": "B3LYP/aug-cc-pVDZ"}