{"success": true, "variables": {"CURRENT DIPOLE X": -1.3545144899040907e-14, "SCF TOTAL ENERGY": -300.0574522774899, "NUCLEAR REPULSION ENERGY": 238.10201613096552, "CURRENT ENERGY": -300.0574522774899, "TWO-ELECTRON ENERGY": 373.293164743221, "SCF N ITERS": 8.0, "DFT TOTAL ENERGY": -300.0574522774899, "DFT XC ENERGY": -33.59217450329133, "ONE-ELECTRON ENERGY": -877.860458648385, "CURRENT DIPOLE Z": 0.0, "SCF DIPOLE Z": 0.0, "SCF DIPOLE Y": -5.6438103746003785e-15, "CURRENT DIPOLE Y": -5.6438103746003785e-15, "DFT FUNCTIONAL TOTAL ENERGY": -300.0574522774899, "CURRENT REFERENCE ENERGY": -300.0574522774899, "SCF DIPOLE X": -1.3545144899040907e-14, "SCF ITERATION ENERGY": -300.0574522774899}, "molecule": "\n  0  1\n      C        1.74573454        -0.12211451         0.00000000\n      H        2.85588849        -0.19977002         0.00000000\n      N        1.13008345        -1.27542245         0.00000000\n      H        1.83665594        -2.01109010         0.00000000\n      N        1.38209118         1.16632433         0.00000000\n      H        0.35550066         1.43042391         0.00000000\n      H        2.14642150         1.82776097         0.00000000\n      C       -1.74573454         0.12211451         0.00000000\n      H       -2.85588849         0.19977002         0.00000000\n      N       -1.13008345         1.27542245         0.00000000\n      H       -1.83665594         2.01109010         0.00000000\n      N       -1.38209118        -1.16632433         0.00000000\n      H       -0.35550066        -1.43042391         0.00000000\n      H       -2.14642150        -1.82776097         0.00000000\n", "return_value": -300.0574522774899, "moleucle_hash": "3af83752572aa15c6d5a21e1929211738bbfc598", "args": "B3LYP/aug-cc-pVDZ", "error": "", "driver": "energy", "output": "", "modelchem": "B3LYP/aug-cc-pVDZ"}