{"moleucle_hash": "3c3b1771cbd1e728ccb9a7aa2bf013bed4b4171a", "success": true, "return_value": -300.0712868692949, "driver": "energy", "modelchem": "B3LYP/aug-cc-pVDZ", "error": "", "args": "B3LYP/aug-cc-pVDZ", "output": "", "variables": {"SCF DIPOLE Z": 0.0, "DFT TOTAL ENERGY": -300.0712868692949, "CURRENT REFERENCE ENERGY": -300.0712868692949, "SCF TOTAL ENERGY": -300.0712868692949, "SCF N ITERS": 9.0, "TWO-ELECTRON ENERGY": 330.9459068572452, "SCF DIPOLE Y": -5.6438103746003785e-15, "CURRENT ENERGY": -300.0712868692949, "SCF ITERATION ENERGY": -300.0712868692949, "ONE-ELECTRON ENERGY": -793.5870183656941, "DFT XC ENERGY": -33.48807324555209, "CURRENT DIPOLE Y": -5.6438103746003785e-15, "SCF DIPOLE X": -5.869562789584393e-14, "DFT FUNCTIONAL TOTAL ENERGY": -300.0712868692949, "CURRENT DIPOLE Z": 0.0, "CURRENT DIPOLE X": -5.869562789584393e-14, "NUCLEAR REPULSION ENERGY": 196.05789788470616}, "molecule": "\n  0  1\n      C        3.19740673        -0.12881636         0.00000000\n      H        4.30120367        -0.17328586         0.00000000\n      N        2.42581025        -1.17305230         0.00000000\n      H        3.00905003        -2.01668226         0.00000000\n      N        2.68267636         1.14568753         0.00000000\n      H        1.67620388         1.27071277         0.00000000\n      H        3.28436882         1.95508270         0.00000000\n      C       -3.19740673         0.12881636         0.00000000\n      H       -4.30120367         0.17328586         0.00000000\n      N       -2.42581025         1.17305230         0.00000000\n      H       -3.00905003         2.01668226         0.00000000\n      N       -2.68267636        -1.14568753         0.00000000\n      H       -1.67620388        -1.27071277         0.00000000\n      H       -3.28436882        -1.95508270         0.00000000\n"}