{"return_value": -300.06901078133535, "error": "", "modelchem": "B3LYP/aug-cc-pVDZ", "variables": {"CURRENT DIPOLE Y": -5.6438103746003785e-15, "CURRENT DIPOLE X": 1.3093640069072877e-13, "SCF TOTAL ENERGY": -300.06901078133535, "CURRENT REFERENCE ENERGY": -300.06901078133535, "DFT FUNCTIONAL TOTAL ENERGY": -300.06901078133535, "SCF DIPOLE Y": -5.6438103746003785e-15, "CURRENT DIPOLE Z": 0.0, "SCF ITERATION ENERGY": -300.06901078133535, "SCF DIPOLE X": 1.3093640069072877e-13, "DFT TOTAL ENERGY": -300.06901078133535, "ONE-ELECTRON ENERGY": -752.7592379837274, "SCF N ITERS": 8.0, "NUCLEAR REPULSION ENERGY": 175.71779863753912, "TWO-ELECTRON ENERGY": 310.4622211644297, "CURRENT ENERGY": -300.06901078133535, "DFT XC ENERGY": -33.4897925995767, "SCF DIPOLE Z": 0.0}, "moleucle_hash": "3d6fbf12de80fc91a49249d934cfe61f243b81aa", "args": "B3LYP/aug-cc-pVDZ", "molecule": "\n  0  1\n      C        4.99855171        -0.12037120         0.00000000\n      H        6.10329053        -0.14697466         0.00000000\n      N        4.23217198        -1.16574424         0.00000000\n      H        4.81516518        -2.00932380         0.00000000\n      N        4.47966407         1.15461725         0.00000000\n      H        3.47428778         1.27673150         0.00000000\n      H        5.07887010         1.96589319         0.00000000\n      C       -4.99855171         0.12037120         0.00000000\n      H       -6.10329053         0.14697466         0.00000000\n      N       -4.23217198         1.16574424         0.00000000\n      H       -4.81516518         2.00932380         0.00000000\n      N       -4.47966407        -1.15461725         0.00000000\n      H       -3.47428778        -1.27673150         0.00000000\n      H       -5.07887010        -1.96589319         0.00000000\n", "success": true, "output": "", "driver": "energy"}