{"output": "", "moleucle_hash": "3da667b0664bf52dea582b5944e7fd783a27728a", "return_value": -189.7950672233611, "success": true, "modelchem": "B3LYP/aug-cc-pVDZ", "args": "B3LYP/aug-cc-pVDZ", "variables": {"DFT XC ENERGY": -18.836456595565522, "DFT FUNCTIONAL TOTAL ENERGY": -189.7950672233611, "TWO-ELECTRON ENERGY": 156.2079228417242, "CURRENT DIPOLE X": -0.376187168902117, "SCF ITERATION ENERGY": -189.7950672233611, "NUCLEAR REPULSION ENERGY": 69.43617749202437, "CURRENT REFERENCE ENERGY": -189.7950672233611, "SCF N ITERS": 8.0, "ONE-ELECTRON ENERGY": -396.6027109615441, "DFT TOTAL ENERGY": -189.7950672233611, "SCF DIPOLE Z": 0.0, "CURRENT DIPOLE Y": -1.486267230373855, "CURRENT DIPOLE Z": 0.0, "CURRENT ENERGY": -189.7950672233611, "SCF DIPOLE Y": -1.486267230373855, "SCF TOTAL ENERGY": -189.7950672233611, "SCF DIPOLE X": -0.376187168902117}, "error": "", "driver": "energy", "molecule": "\n  0  1\n  GH(C)        4.99755344        -0.15642268         0.00000000\n  GH(H)        6.10311728        -0.19102667         0.00000000\n  GH(O)        4.26634092        -1.12629100         0.00000000\n  GH(O)        4.57854479         1.13834246         0.00000000\n  GH(H)        3.60431482         1.11461219         0.00000000\n      C       -4.99755344         0.15642268         0.00000000\n      H       -6.10311728         0.19102667         0.00000000\n      O       -4.26634092         1.12629100         0.00000000\n      O       -4.57854479        -1.13834246         0.00000000\n      H       -3.60431482        -1.11461219         0.00000000\n"}