{"return_value": -169.92254371498666, "success": true, "error": "", "output": "", "molecule_hash": "3df31c19e4a6440b2b8d5ab5d935d01f4b703dd8", "driver": "energy", "modelchem": "B3LYP/aug-cc-pVDZ", "args": "B3LYP/aug-cc-pVDZ", "molecule": "\n  0  1\n      C        1.84396206        -0.14934877         0.00000000\n      H        2.95481237        -0.23932033         0.00000000\n      O        1.18668392        -1.20479449         0.00000000\n      N        1.42230702         1.12368101         0.00000000\n      H        0.40573498         1.32114549         0.00000000\n      H        2.12347975         1.85285206         0.00000000\n  GH(C)       -1.84396206         0.14934877         0.00000000\n  GH(H)       -2.95481237         0.23932033         0.00000000\n  GH(O)       -1.18668392         1.20479449         0.00000000\n  GH(N)       -1.42230702        -1.12368101         0.00000000\n  GH(H)       -0.40573498        -1.32114549         0.00000000\n  GH(H)       -2.12347975        -1.85285206         0.00000000\n", "variables": {"CURRENT DIPOLE Z": 0.0, "SCF TOTAL ENERGY": -169.92254371498666, "CURRENT DIPOLE Y": 4.136045140264194, "CURRENT ENERGY": -169.92254371498666, "ONE-ELECTRON ENERGY": -370.09679067689905, "DFT FUNCTIONAL TOTAL ENERGY": -169.92254371498666, "NUCLEAR REPULSION ENERGY": 70.40477708444534, "DFT XC ENERGY": -17.796662460672017, "CURRENT DIPOLE X": 1.0822757961082548, "CURRENT REFERENCE ENERGY": -169.92254371498666, "TWO-ELECTRON ENERGY": 147.56613233813906, "DFT TOTAL ENERGY": -169.92254371498666, "SCF DIPOLE Z": 0.0, "SCF ITERATION ENERGY": -169.92254371498666, "SCF DIPOLE Y": 4.136045140264194, "SCF DIPOLE X": 1.0822757961082548, "SCF N ITERS": 8.0}}