{"return_value": -169.92467770913174, "success": true, "driver": "energy", "error": "", "variables": {"DFT FUNCTIONAL TOTAL ENERGY": -169.92467770913174, "CURRENT DIPOLE Z": 0.0, "CURRENT DIPOLE Y": -3.9385099719033465, "DFT TOTAL ENERGY": -169.92467770913174, "SCF ITERATION ENERGY": -169.92467770913174, "CURRENT ENERGY": -169.92467770913174, "SCF N ITERS": 8.0, "SCF DIPOLE Z": 0.0, "DFT XC ENERGY": -17.79548618756179, "SCF DIPOLE X": -1.1161804687503865, "ONE-ELECTRON ENERGY": -370.2937088529938, "CURRENT DIPOLE X": -1.1161804687503865, "CURRENT REFERENCE ENERGY": -169.92467770913174, "SCF TOTAL ENERGY": -169.92467770913174, "SCF DIPOLE Y": -3.9385099719033465, "NUCLEAR REPULSION ENERGY": 70.48335621728451, "TWO-ELECTRON ENERGY": 147.68116111413934}, "molecule_hash": "3ea3f731c9e69cd754e1cd150b902db4ddd1bb86", "output": "", "args": "B3LYP/aug-cc-pVDZ", "molecule": "\n  0  1\n  GH(C)        2.19607517        -0.13136009         0.00000000\n  GH(H)        3.30472871        -0.19767514         0.00000000\n  GH(O)        1.49802227        -1.15698038         0.00000000\n  GH(N)        1.68120383         1.12742404         0.00000000\n  GH(H)        0.66343356         1.24723827         0.00000000\n  GH(H)        2.29010119         1.93517379         0.00000000\n      C       -2.19607517         0.13136009         0.00000000\n      H       -3.30472871         0.19767514         0.00000000\n      O       -1.49802227         1.15698038         0.00000000\n      N       -1.68120383        -1.12742404         0.00000000\n      H       -0.66343356        -1.24723827         0.00000000\n      H       -2.29010119        -1.93517379         0.00000000\n", "modelchem": "B3LYP/aug-cc-pVDZ"}