{"args": "B3LYP/aug-cc-pVDZ", "success": true, "molecule": "\n  0  1\n  GH(C)        1.68040472        -0.25737318         0.00000000\n  GH(H)        2.78876519        -0.42713125         0.00000000\n  GH(O)        0.98387212        -1.27944113         0.00000000\n  GH(N)        1.47197100         1.06623396         0.00000000\n  GH(H)        0.51175066         1.43614881         0.00000000\n  GH(H)        2.30581639         1.63815514         0.00000000\n      C       -1.68040472         0.25737318         0.00000000\n      H       -2.78876519         0.42713125         0.00000000\n      O       -0.98387212         1.27944113         0.00000000\n      N       -1.47197100        -1.06623396         0.00000000\n      H       -0.51175066        -1.43614881         0.00000000\n      H       -2.30581639        -1.63815514         0.00000000\n", "variables": {"TWO-ELECTRON ENERGY": 147.380135735206, "SCF DIPOLE Z": 0.0, "DFT XC ENERGY": -17.800415369174985, "CURRENT REFERENCE ENERGY": -169.91701900540681, "ONE-ELECTRON ENERGY": -369.7790581397636, "CURRENT DIPOLE X": -1.3837448442739684, "SCF DIPOLE Y": -4.091513754629507, "SCF N ITERS": 8.0, "SCF ITERATION ENERGY": -169.91701900540681, "CURRENT DIPOLE Z": 0.0, "SCF DIPOLE X": -1.3837448442739684, "DFT TOTAL ENERGY": -169.91701900540681, "CURRENT ENERGY": -169.91701900540681, "NUCLEAR REPULSION ENERGY": 70.28231876832575, "DFT FUNCTIONAL TOTAL ENERGY": -169.91701900540681, "SCF TOTAL ENERGY": -169.91701900540681, "CURRENT DIPOLE Y": -4.091513754629507}, "driver": "energy", "output": "", "error": "", "modelchem": "B3LYP/aug-cc-pVDZ", "moleucle_hash": "3f922578f2a8a85a8abdbd3315183babc151e0d5", "return_value": -169.91701900540681}