{"variables": {"TWO-ELECTRON ENERGY": 147.5154731144839, "SCF ITERATION ENERGY": -169.9211902007233, "ONE-ELECTRON ENERGY": -370.0097897195802, "DFT TOTAL ENERGY": -169.9211902007233, "NUCLEAR REPULSION ENERGY": 70.37064234556217, "CURRENT DIPOLE Y": -4.15549360965445, "SCF DIPOLE Z": 0.0, "SCF DIPOLE X": -1.119281909835611, "DFT XC ENERGY": -17.797515941189122, "SCF DIPOLE Y": -4.15549360965445, "SCF N ITERS": 8.0, "CURRENT REFERENCE ENERGY": -169.9211902007233, "CURRENT DIPOLE Z": 0.0, "CURRENT DIPOLE X": -1.119281909835611, "DFT FUNCTIONAL TOTAL ENERGY": -169.9211902007233, "CURRENT ENERGY": -169.9211902007233, "SCF TOTAL ENERGY": -169.9211902007233}, "error": "", "molecule": "\n  0  1\n  GH(C)        1.79214890        -0.16793868         0.00000000\n  GH(H)        2.90351314        -0.27208239         0.00000000\n  GH(O)        1.13654074        -1.22317842         0.00000000\n  GH(N)        1.41655781         1.11709296         0.00000000\n  GH(H)        0.40800979         1.35225476         0.00000000\n  GH(H)        2.15197143         1.81156642         0.00000000\n      C       -1.79214890         0.16793868         0.00000000\n      H       -2.90351314         0.27208239         0.00000000\n      O       -1.13654074         1.22317842         0.00000000\n      N       -1.41655781        -1.11709296         0.00000000\n      H       -0.40800979        -1.35225476         0.00000000\n      H       -2.15197143        -1.81156642         0.00000000\n", "moleucle_hash": "406fd94267f834776d8c0a0cab41b86ef658ccdf", "output": "", "success": true, "modelchem": "B3LYP/aug-cc-pVDZ", "args": "B3LYP/aug-cc-pVDZ", "driver": "energy", "return_value": -169.9211902007233}