{"error": "", "success": true, "driver": "energy", "modelchem": "B3LYP/aug-cc-pVDZ", "return_value": -319.9706263262385, "moleucle_hash": "4070cbf7ddcdd10efe16c55184f29f75f71fcbcf", "args": "B3LYP/aug-cc-pVDZ", "variables": {"DFT FUNCTIONAL TOTAL ENERGY": -319.9706263262385, "SCF ITERATION ENERGY": -319.9706263262385, "CURRENT DIPOLE Y": -1.4830796744994872, "DFT XC ENERGY": -34.62047794282781, "ONE-ELECTRON ENERGY": -901.8828842840516, "SCF TOTAL ENERGY": -319.9706263262385, "CURRENT REFERENCE ENERGY": -319.9706263262385, "TWO-ELECTRON ENERGY": 380.7169573452664, "CURRENT ENERGY": -319.9706263262385, "CURRENT DIPOLE Z": 0.0, "DFT TOTAL ENERGY": -319.9706263262385, "SCF N ITERS": 9.0, "SCF DIPOLE Z": 0.0, "SCF DIPOLE X": 1.2621311531997677, "CURRENT DIPOLE X": 1.2621311531997677, "NUCLEAR REPULSION ENERGY": 235.8157785553744, "SCF DIPOLE Y": -1.4830796744994872}, "molecule": "\n  0  1\n      C       -1.82868510         0.13792020         0.00000000\n      H       -2.94280654         0.21653844         0.00000000\n      O       -1.18029155         1.19916421         0.00000000\n      N       -1.42121847        -1.13750418         0.00000000\n      H       -0.38876840        -1.35619673         0.00000000\n      H       -2.14603498        -1.84437855         0.00000000\n      C        1.86213779        -0.12252360         0.00000000\n      H        2.96689030        -0.20048072         0.00000000\n      N        1.19568826        -1.24658561         0.00000000\n      H        1.86217213        -2.02059464         0.00000000\n      N        1.41233657         1.14451863         0.00000000\n      H        0.39516324         1.32705396         0.00000000\n      H        2.09724900         1.88616308         0.00000000\n", "output": ""}