{"args": "B3LYP/aug-cc-pVDZ", "variables": {"NUCLEAR REPULSION ENERGY": 70.39031969894559, "DFT XC ENERGY": -17.79803264564369, "DFT FUNCTIONAL TOTAL ENERGY": -169.92252507762183, "SCF ITERATION ENERGY": -169.92252507762183, "ONE-ELECTRON ENERGY": -370.0547677509787, "CURRENT DIPOLE Z": 0.0, "SCF TOTAL ENERGY": -169.92252507762183, "CURRENT DIPOLE Y": 4.094442913091216, "DFT TOTAL ENERGY": -169.92252507762183, "SCF DIPOLE Y": 4.094442913091216, "SCF DIPOLE X": 1.3377808311561152, "CURRENT DIPOLE X": 1.3377808311561152, "SCF N ITERS": 9.0, "SCF DIPOLE Z": 0.0, "CURRENT REFERENCE ENERGY": -169.92252507762183, "CURRENT ENERGY": -169.92252507762183, "TWO-ELECTRON ENERGY": 147.53995562005503}, "success": true, "moleucle_hash": "40f3424f02880b714b2bb1867640c6f9f6128536", "output": "", "error": "", "molecule": "\n  0  1\n  GH(C)       -1.78217824         0.17067463         0.00000000\n  GH(H)       -2.88586235         0.28192476         0.00000000\n  GH(O)       -1.11959419         1.21087120         0.00000000\n  GH(O)       -1.40116395        -1.08369245         0.00000000\n  GH(H)       -0.38043759        -1.13241294         0.00000000\n      C        1.79967181        -0.19037187         0.00000000\n      H        2.90662488        -0.30195151         0.00000000\n      O        1.08054052        -1.20751884         0.00000000\n      N        1.46296486         1.10656646         0.00000000\n      H        0.46794114         1.37317096         0.00000000\n      H        2.21379368         1.78455973         0.00000000\n", "return_value": -169.92252507762183, "modelchem": "B3LYP/aug-cc-pVDZ", "driver": "energy"}