{"molecule": "\n  0  1\n  GH(C)       -1.85851203         0.15849692         0.00000000\n  GH(H)       -2.96318957         0.25525336         0.00000000\n  GH(O)       -1.17920577         1.19001178         0.00000000\n  GH(O)       -1.44984324        -1.09154980         0.00000000\n  GH(H)       -0.40704328        -1.13449846         0.00000000\n      C        1.92699581        -0.17306795         0.00000000\n      H        3.02703743        -0.26941835         0.00000000\n      N        1.13373794        -1.21065729         0.00000000\n      H        1.67232278        -2.07790126         0.00000000\n      N        1.51877490         1.11463167         0.00000000\n      H        0.51255074         1.32398473         0.00000000\n      H        2.21287037         1.84762526         0.00000000\n", "modelchem": "B3LYP/aug-cc-pVDZ", "output": "", "moleucle_hash": "4167664f69eef96e64833dd7a14d6adc19ff7926", "return_value": -150.03400399879956, "success": true, "error": "", "args": "B3LYP/aug-cc-pVDZ", "variables": {"SCF DIPOLE Y": 2.3213745025673247, "DFT XC ENERGY": -16.74632183587509, "TWO-ELECTRON ENERGY": 138.80555487914344, "DFT FUNCTIONAL TOTAL ENERGY": -150.03400399879956, "SCF DIPOLE X": 2.0270244869575724, "CURRENT DIPOLE Y": 2.3213745025673247, "NUCLEAR REPULSION ENERGY": 71.50357298576729, "CURRENT DIPOLE X": 2.0270244869575724, "SCF DIPOLE Z": 0.0, "DFT TOTAL ENERGY": -150.03400399879956, "CURRENT DIPOLE Z": 0.0, "CURRENT REFERENCE ENERGY": -150.03400399879956, "SCF ITERATION ENERGY": -150.03400399879956, "SCF TOTAL ENERGY": -150.03400399879956, "CURRENT ENERGY": -150.03400399879956, "SCF N ITERS": 8.0, "ONE-ELECTRON ENERGY": -343.5968100278352}, "driver": "energy"}