{"error": "", "args": "B3LYP/aug-cc-pVDZ", "success": true, "return_value": -169.92458870333238, "driver": "energy", "variables": {"SCF DIPOLE Z": 0.0, "DFT FUNCTIONAL TOTAL ENERGY": -169.92458870333235, "DFT TOTAL ENERGY": -169.92458870333235, "SCF DIPOLE X": -1.0689389987023066, "CURRENT DIPOLE Y": -3.9334192393107146, "SCF N ITERS": 8.0, "CURRENT REFERENCE ENERGY": -169.92458870333238, "CURRENT DIPOLE Z": 0.0, "CURRENT ENERGY": -169.92458870333238, "NUCLEAR REPULSION ENERGY": 70.47675378808559, "SCF DIPOLE Y": -3.9334192393107146, "SCF ITERATION ENERGY": -169.92458870333238, "ONE-ELECTRON ENERGY": -370.2835816041938, "TWO-ELECTRON ENERGY": 147.67680907838476, "DFT XC ENERGY": -17.794569965608943, "CURRENT DIPOLE X": -1.0689389987023066, "SCF TOTAL ENERGY": -169.92458870333238}, "molecule": "\n  0  1\n      C       -2.27098481         0.12071738         0.00000000\n      H       -3.38079959         0.17880004         0.00000000\n      O       -1.58441741         1.15276122         0.00000000\n      N       -1.73927197        -1.13261218         0.00000000\n      H       -0.71758673        -1.23769913         0.00000000\n      H       -2.33880523        -1.94731780         0.00000000\n  GH(C)        2.32272918        -0.11969671         0.00000000\n  GH(H)        3.42422935        -0.17734422         0.00000000\n  GH(N)        1.55712717        -1.17831430         0.00000000\n  GH(H)        2.14807243        -2.01572191         0.00000000\n  GH(N)        1.78379346         1.13726371         0.00000000\n  GH(H)        0.76811221         1.24281216         0.00000000\n  GH(H)        2.37265274         1.95644249         0.00000000\n", "moleucle_hash": "4174073589bfc4dca3062688904db3b02fa4a013", "modelchem": "B3LYP/aug-cc-pVDZ", "output": ""}