{"return_value": -150.03438529039502, "error": "", "moleucle_hash": "42cae7e7c31c4fe49976e0b6f5d2b42040f52a22", "output": "", "success": true, "args": "B3LYP/aug-cc-pVDZ", "molecule": "\n  0  1\n      C        3.49764421        -0.12840997         0.00000000\n      H        4.60176692        -0.16894593         0.00000000\n      N        2.72569862        -1.17126633         0.00000000\n      H        3.30724390        -2.01600726         0.00000000\n      N        2.98518869         1.14779235         0.00000000\n      H        1.97966414         1.27507136         0.00000000\n      H        3.58843631         1.95603470         0.00000000\n  GH(C)       -3.49764421         0.12840997         0.00000000\n  GH(H)       -4.60176692         0.16894593         0.00000000\n  GH(N)       -2.72569862         1.17126633         0.00000000\n  GH(H)       -3.30724390         2.01600726         0.00000000\n  GH(N)       -2.98518869        -1.14779235         0.00000000\n  GH(H)       -1.97966414        -1.27507136         0.00000000\n  GH(H)       -3.58843631        -1.95603470         0.00000000\n", "driver": "energy", "modelchem": "B3LYP/aug-cc-pVDZ", "variables": {"CURRENT DIPOLE Y": 2.1956405772881133, "SCF DIPOLE X": 1.9242669916977384, "NUCLEAR REPULSION ENERGY": 71.44111494359913, "TWO-ELECTRON ENERGY": 138.7593978732182, "CURRENT ENERGY": -150.03438529039502, "CURRENT REFERENCE ENERGY": -150.03438529039502, "DFT FUNCTIONAL TOTAL ENERGY": -150.034385290395, "DFT XC ENERGY": -16.744541926064286, "SCF N ITERS": 8.0, "SCF ITERATION ENERGY": -150.03438529039502, "DFT TOTAL ENERGY": -150.034385290395, "SCF DIPOLE Y": 2.1956405772881133, "ONE-ELECTRON ENERGY": -343.49035618114806, "CURRENT DIPOLE Z": 0.0, "SCF TOTAL ENERGY": -150.03438529039502, "CURRENT DIPOLE X": 1.9242669916977384, "SCF DIPOLE Z": 0.0}}