{"return_value": -319.98036840191753, "success": true, "variables": {"SCF TOTAL ENERGY": -319.98036840191753, "DFT FUNCTIONAL TOTAL ENERGY": -319.98036840191753, "SCF DIPOLE Y": -1.534692375944299, "DFT TOTAL ENERGY": -319.98036840191753, "CURRENT REFERENCE ENERGY": -319.98036840191753, "CURRENT ENERGY": -319.98036840191753, "ONE-ELECTRON ENERGY": -879.68108481093, "TWO-ELECTRON ENERGY": 369.57413624908645, "SCF ITERATION ENERGY": -319.98036840191753, "NUCLEAR REPULSION ENERGY": 224.6874585858446, "SCF DIPOLE X": 1.1714062635675146, "CURRENT DIPOLE Z": 0.0, "SCF DIPOLE Z": 0.0, "SCF N ITERS": 9.0, "CURRENT DIPOLE X": 1.1714062635675146, "CURRENT DIPOLE Y": -1.534692375944299, "DFT XC ENERGY": -34.56087842591862}, "args": "B3LYP/aug-cc-pVDZ", "output": "", "molecule": "\n  0  1\n      C       -2.12238102         0.12001003         0.00000000\n      H       -3.23241727         0.17981127         0.00000000\n      O       -1.43641896         1.15577795         0.00000000\n      N       -1.60476162        -1.13362638         0.00000000\n      H       -0.57842142        -1.25321622         0.00000000\n      H       -2.22287071        -1.93470173         0.00000000\n      C        2.17139325        -0.11130946         0.00000000\n      H        3.27288112        -0.17065017         0.00000000\n      N        1.42791432        -1.18745819         0.00000000\n      H        2.03640187        -2.01135424         0.00000000\n      N        1.62476864         1.13714001         0.00000000\n      H        0.60488448         1.23808048         0.00000000\n      H        2.21504656         1.95554011         0.00000000\n", "error": "", "moleucle_hash": "42d70531733dcb7af87c67f964839a379feffbd9", "modelchem": "B3LYP/aug-cc-pVDZ", "driver": "energy"}