{"moleucle_hash": "48bbe0c0156561a449175d3238efc8be08181c78", "return_value": -150.03410622456843, "error": "", "args": "B3LYP/aug-cc-pVDZ", "variables": {"CURRENT DIPOLE Z": 0.0, "CURRENT REFERENCE ENERGY": -150.03410622456843, "SCF DIPOLE Y": 2.3349340822348115, "NUCLEAR REPULSION ENERGY": 71.42684444392754, "TWO-ELECTRON ENERGY": 138.75152167129656, "SCF DIPOLE X": 1.8773080489437102, "DFT XC ENERGY": -16.74115887927893, "CURRENT ENERGY": -150.03410622456843, "ONE-ELECTRON ENERGY": -343.47131346051356, "DFT TOTAL ENERGY": -150.03410622456843, "CURRENT DIPOLE X": 1.8773080489437102, "SCF N ITERS": 8.0, "CURRENT DIPOLE Y": 2.3349340822348115, "SCF ITERATION ENERGY": -150.03410622456843, "DFT FUNCTIONAL TOTAL ENERGY": -150.03410622456843, "SCF TOTAL ENERGY": -150.03410622456843, "SCF DIPOLE Z": 0.0}, "modelchem": "B3LYP/aug-cc-pVDZ", "success": true, "output": "", "driver": "energy", "molecule": "\n  0  1\n  GH(C)       -2.17188140         0.11988045         0.00000000\n  GH(H)       -3.28175966         0.17894887         0.00000000\n  GH(O)       -1.48523553         1.15415106         0.00000000\n  GH(N)       -1.64740473        -1.13310658         0.00000000\n  GH(H)       -0.62269709        -1.24587569         0.00000000\n  GH(H)       -2.25726874        -1.94034051         0.00000000\n      C        2.22190118        -0.11395941         0.00000000\n      H        3.32331433        -0.17257731         0.00000000\n      N        1.46969819        -1.18352562         0.00000000\n      H        2.07143556        -2.01270689         0.00000000\n      N        1.67623295         1.13700945         0.00000000\n      H        0.65776551         1.23805882         0.00000000\n      H        2.26434801         1.95686864         0.00000000\n"}