{"return_value": -189.79415074312973, "args": "B3LYP/aug-cc-pVDZ", "driver": "energy", "error": "", "variables": {"CURRENT DIPOLE Y": -1.6940537935450466, "NUCLEAR REPULSION ENERGY": 69.43915615382991, "CURRENT DIPOLE X": -0.33239440642558027, "TWO-ELECTRON ENERGY": 156.23776662992944, "SCF TOTAL ENERGY": -189.79415074312973, "SCF DIPOLE Y": -1.6940537935450466, "CURRENT DIPOLE Z": 0.0, "SCF N ITERS": 8.0, "DFT FUNCTIONAL TOTAL ENERGY": -189.79415074312973, "DFT TOTAL ENERGY": -189.79415074312973, "DFT XC ENERGY": -18.830892561744868, "SCF ITERATION ENERGY": -189.79415074312973, "SCF DIPOLE Z": 0.0, "ONE-ELECTRON ENERGY": -396.6401809651442, "CURRENT ENERGY": -189.79415074312973, "CURRENT REFERENCE ENERGY": -189.79415074312973, "SCF DIPOLE X": -0.33239440642558027}, "moleucle_hash": "499369ebda19230bfdf9384f9685186c941e80ff", "output": "", "success": true, "molecule": "\n  0  1\n      C       -2.07549477         0.16808404         0.00000000\n      H       -3.17636801         0.25855097         0.00000000\n      O       -1.35622177         1.16316834         0.00000000\n      O       -1.63731502        -1.09834467         0.00000000\n      H       -0.64583681        -1.08819660         0.00000000\n  GH(C)        2.11039579        -0.17590164         0.00000000\n  GH(H)        3.21699962        -0.26683949         0.00000000\n  GH(O)        1.35401341        -1.16097028         0.00000000\n  GH(N)        1.67091982         1.10975954         0.00000000\n  GH(H)        0.66372245         1.28959945         0.00000000\n  GH(H)        2.33000288         1.87722287         0.00000000\n", "modelchem": "B3LYP/aug-cc-pVDZ"}