{"error": "", "modelchem": "B3LYP/aug-cc-pVDZ", "return_value": -189.7951181775883, "driver": "energy", "output": "", "variables": {"NUCLEAR REPULSION ENERGY": 69.42993363979569, "SCF DIPOLE Y": -1.506785129460254, "DFT XC ENERGY": -18.83583870015389, "DFT FUNCTIONAL TOTAL ENERGY": -189.7951181775883, "SCF DIPOLE Z": 0.0, "CURRENT DIPOLE Z": 0.0, "CURRENT ENERGY": -189.7951181775883, "ONE-ELECTRON ENERGY": -396.5953286719433, "TWO-ELECTRON ENERGY": 156.2061155547132, "SCF TOTAL ENERGY": -189.7951181775883, "DFT TOTAL ENERGY": -189.7951181775883, "SCF N ITERS": 8.0, "SCF ITERATION ENERGY": -189.7951181775883, "CURRENT REFERENCE ENERGY": -189.7951181775883, "SCF DIPOLE X": -0.42942996429476304, "CURRENT DIPOLE X": -0.42942996429476304, "CURRENT DIPOLE Y": -1.506785129460254}, "args": "B3LYP/aug-cc-pVDZ", "molecule": "\n  0  1\n  GH(C)        2.89338469        -0.19577496         0.00000000\n  GH(H)        3.99667367        -0.27042675         0.00000000\n  GH(O)        2.12532927        -1.13908975         0.00000000\n  GH(O)        2.52303889         1.11116394         0.00000000\n  GH(H)        1.54758478         1.13325561         0.00000000\n      C       -2.89338469         0.19577496         0.00000000\n      H       -3.99667367         0.27042675         0.00000000\n      O       -2.12532927         1.13908975         0.00000000\n      O       -2.52303889        -1.11116394         0.00000000\n      H       -1.54758478        -1.13325561         0.00000000\n", "moleucle_hash": "4b26add324b41f16a01947889ac1c49325a28c72", "success": true}