{"args": "B3LYP/aug-cc-pVDZ", "molecule": "\n  0  1\n      C       -2.24680225         0.16448460         0.00000000\n      H       -3.34889590         0.24405206         0.00000000\n      O       -1.52408934         1.15343926         0.00000000\n      O       -1.80181709        -1.10653912         0.00000000\n      H       -0.81274434        -1.08325157         0.00000000\n  GH(C)        2.34125676        -0.16675788         0.00000000\n  GH(H)        3.44152405        -0.24619349         0.00000000\n  GH(N)        1.51181334        -1.17441280         0.00000000\n  GH(H)        2.03873187        -2.05311586         0.00000000\n  GH(N)        1.86930785         1.11945644         0.00000000\n  GH(H)        0.86293152         1.27779567         0.00000000\n  GH(H)        2.49986583         1.90702451         0.00000000\n", "driver": "energy", "output": "", "return_value": -189.79443168748315, "modelchem": "B3LYP/aug-cc-pVDZ", "variables": {"CURRENT DIPOLE Y": -1.6209347588575354, "CURRENT DIPOLE Z": 0.0, "SCF N ITERS": 8.0, "ONE-ELECTRON ENERGY": -396.60727139660935, "CURRENT REFERENCE ENERGY": -189.79443168748315, "CURRENT DIPOLE X": -0.3545507359738422, "DFT FUNCTIONAL TOTAL ENERGY": -189.79443168748315, "SCF DIPOLE Z": 0.0, "DFT XC ENERGY": -18.8307944655366, "NUCLEAR REPULSION ENERGY": 69.42169290701962, "SCF ITERATION ENERGY": -189.79443168748315, "DFT TOTAL ENERGY": -189.79443168748315, "CURRENT ENERGY": -189.79443168748315, "SCF DIPOLE X": -0.3545507359738422, "SCF DIPOLE Y": -1.6209347588575354, "TWO-ELECTRON ENERGY": 156.22194126764316, "SCF TOTAL ENERGY": -189.79443168748315}, "success": true, "moleucle_hash": "4b34557d98d5c3dec7c11f8ff0ca3fdd14386d6e", "error": ""}