{"output": "", "molecule": "\n  0  1\n      C        4.99755344        -0.15642268         0.00000000\n      H        6.10311728        -0.19102667         0.00000000\n      O        4.26634092        -1.12629100         0.00000000\n      O        4.57854479         1.13834246         0.00000000\n      H        3.60431482         1.11461219         0.00000000\n  GH(C)       -4.99755344         0.15642268         0.00000000\n  GH(H)       -6.10311728         0.19102667         0.00000000\n  GH(O)       -4.26634092         1.12629100         0.00000000\n  GH(O)       -4.57854479        -1.13834246         0.00000000\n  GH(H)       -3.60431482        -1.11461219         0.00000000\n", "variables": {"ONE-ELECTRON ENERGY": -396.6026899070079, "CURRENT DIPOLE Z": 0.0, "DFT XC ENERGY": -18.83645491150092, "CURRENT ENERGY": -189.79506722317336, "NUCLEAR REPULSION ENERGY": 69.43617749202436, "SCF DIPOLE Z": 0.0, "DFT TOTAL ENERGY": -189.79506722317336, "SCF DIPOLE X": 0.3761870152802354, "CURRENT DIPOLE Y": 1.486267331073271, "SCF TOTAL ENERGY": -189.79506722317336, "TWO-ELECTRON ENERGY": 156.20790010331112, "SCF DIPOLE Y": 1.486267331073271, "CURRENT REFERENCE ENERGY": -189.79506722317336, "SCF N ITERS": 8.0, "SCF ITERATION ENERGY": -189.79506722317336, "DFT FUNCTIONAL TOTAL ENERGY": -189.79506722317336, "CURRENT DIPOLE X": 0.3761870152802354}, "modelchem": "B3LYP/aug-cc-pVDZ", "args": "B3LYP/aug-cc-pVDZ", "driver": "energy", "success": true, "moleucle_hash": "4cb8f3f0239561a33e4e280b829d4e96542a7689", "error": "", "return_value": -189.79506722317336}