{"driver": "energy", "output": "", "molecule": "\n  0  1\n      C        1.99581166        -0.12937222         0.00000000\n      H        3.10488983        -0.20126473         0.00000000\n      O        1.31722472        -1.17176432         0.00000000\n      N        1.50061758         1.12716306         0.00000000\n      H        0.47842639         1.26369880         0.00000000\n      H        2.13649227         1.91403520         0.00000000\n  GH(C)       -1.99581166         0.12937222         0.00000000\n  GH(H)       -3.10488983         0.20126473         0.00000000\n  GH(O)       -1.31722472         1.17176432         0.00000000\n  GH(N)       -1.50061758        -1.12716306         0.00000000\n  GH(H)       -0.47842639        -1.26369880         0.00000000\n  GH(H)       -2.13649227        -1.91403520         0.00000000\n", "error": "", "args": "B3LYP/aug-cc-pVDZ", "moleucle_hash": "4d6738f09340cbcceb15859b30a1fcddd75a5ce0", "variables": {"SCF TOTAL ENERGY": -169.9242781833567, "CURRENT DIPOLE Y": 4.037479439476934, "CURRENT DIPOLE X": 1.0780859817685213, "TWO-ELECTRON ENERGY": 147.6494533185115, "SCF DIPOLE Z": 0.0, "DFT FUNCTIONAL TOTAL ENERGY": -169.9242781833567, "SCF DIPOLE X": 1.0780859817685213, "SCF ITERATION ENERGY": -169.9242781833567, "ONE-ELECTRON ENERGY": -370.2371240250416, "CURRENT REFERENCE ENERGY": -169.9242781833567, "NUCLEAR REPULSION ENERGY": 70.45845934631423, "SCF DIPOLE Y": 4.037479439476934, "DFT TOTAL ENERGY": -169.9242781833567, "DFT XC ENERGY": -17.795066823140772, "SCF N ITERS": 8.0, "CURRENT ENERGY": -169.9242781833567, "CURRENT DIPOLE Z": 0.0}, "success": true, "modelchem": "B3LYP/aug-cc-pVDZ", "return_value": -169.9242781833567}