{"variables": {"SCF DIPOLE Z": 0.0, "DFT TOTAL ENERGY": -189.79488398758934, "TWO-ELECTRON ENERGY": 156.23360498719032, "CURRENT DIPOLE Z": 0.0, "CURRENT REFERENCE ENERGY": -189.79488398758934, "CURRENT DIPOLE Y": -1.5926377014310564, "DFT XC ENERGY": -18.832689286072284, "SCF DIPOLE X": -0.4532174099942985, "SCF TOTAL ENERGY": -189.79488398758934, "DFT FUNCTIONAL TOTAL ENERGY": -189.79488398758934, "ONE-ELECTRON ENERGY": -396.6372379325258, "CURRENT ENERGY": -189.79488398758934, "SCF DIPOLE Y": -1.5926377014310564, "SCF N ITERS": 8.0, "CURRENT DIPOLE X": -0.4532174099942985, "SCF ITERATION ENERGY": -189.79488398758934, "NUCLEAR REPULSION ENERGY": 69.44143824381841}, "driver": "energy", "output": "", "error": "", "success": true, "modelchem": "B3LYP/aug-cc-pVDZ", "return_value": -189.79488398758934, "moleucle_hash": "4d93690354cd5a75dcc96db6323afc01f4429983", "args": "B3LYP/aug-cc-pVDZ", "molecule": "\n  0  1\n  GH(C)        2.19018321        -0.20760327         0.00000000\n  GH(H)        3.28964362        -0.31181902         0.00000000\n  GH(O)        1.41218943        -1.15341758         0.00000000\n  GH(O)        1.81652565         1.08773186         0.00000000\n  GH(H)        0.83371879         1.11760094         0.00000000\n      C       -2.19018321         0.20760327         0.00000000\n      H       -3.28964362         0.31181902         0.00000000\n      O       -1.41218943         1.15341758         0.00000000\n      O       -1.81652565        -1.08773186         0.00000000\n      H       -0.83371879        -1.11760094         0.00000000\n"}