{"return_value": -169.92510128591422, "modelchem": "B3LYP/aug-cc-pVDZ", "success": true, "error": "", "molecule": "\n  0  1\n      C       -3.95119391         0.13180726         0.00000000\n      H       -5.06421494         0.16795264         0.00000000\n      O       -3.25700879         1.14506295         0.00000000\n      N       -3.45900266        -1.14786697         0.00000000\n      H       -2.45511963        -1.29313383         0.00000000\n      H       -4.07950006        -1.94648494         0.00000000\n  GH(C)        4.04459226        -0.12785598         0.00000000\n  GH(H)        5.14896015        -0.16372034         0.00000000\n  GH(N)        3.27114001        -1.16876693         0.00000000\n  GH(H)        3.84998346        -2.01526327         0.00000000\n  GH(N)        3.53511346         1.15017556         0.00000000\n  GH(H)        2.53063281         1.28082664         0.00000000\n  GH(H)        4.14039777         1.95697653         0.00000000\n", "driver": "energy", "molecule_hash": "4dbec3a512412d8a44a740bee1749afe8dbc2bcf", "output": "", "variables": {"SCF DIPOLE X": -1.1220803803176962, "NUCLEAR REPULSION ENERGY": 70.51626669746028, "ONE-ELECTRON ENERGY": -370.32600174778173, "CURRENT DIPOLE X": -1.1220803803176962, "DFT TOTAL ENERGY": -169.92510128591422, "CURRENT REFERENCE ENERGY": -169.92510128591422, "SCF TOTAL ENERGY": -169.92510128591422, "CURRENT DIPOLE Z": 0.0, "DFT XC ENERGY": -17.80041707163092, "CURRENT DIPOLE Y": -3.8399149438253475, "SCF DIPOLE Z": 0.0, "DFT FUNCTIONAL TOTAL ENERGY": -169.92510128591422, "TWO-ELECTRON ENERGY": 147.6850508360382, "SCF DIPOLE Y": -3.8399149438253475, "CURRENT ENERGY": -169.92510128591422, "SCF N ITERS": 8.0, "SCF ITERATION ENERGY": -169.92510128591422}, "args": "B3LYP/aug-cc-pVDZ"}