{"output": "", "moleucle_hash": "4f7cfb4e128724fe1d4b86eb51df3b55fad559ef", "error": "", "driver": "energy", "molecule": "\n  0  1\n      C        2.14607510        -0.12985845         0.00000000\n      H        3.25466017        -0.19693865         0.00000000\n      O        1.45130851        -1.15890002         0.00000000\n      N        1.63157574         1.12717703         0.00000000\n      H        0.61244489         1.24732130         0.00000000\n      H        2.24305687         1.93302516         0.00000000\n      C       -2.14607510         0.12985845         0.00000000\n      H       -3.25466017         0.19693865         0.00000000\n      O       -1.45130851         1.15890002         0.00000000\n      N       -1.63157574        -1.12717703         0.00000000\n      H       -0.61244489        -1.24732130         0.00000000\n      H       -2.24305687        -1.93302516         0.00000000\n", "return_value": -339.8699904897955, "success": true, "modelchem": "B3LYP/aug-cc-pVDZ", "variables": {"CURRENT DIPOLE Z": 0.0, "TWO-ELECTRON ENERGY": 378.56414290017466, "CURRENT DIPOLE Y": -2.2575241498401512e-15, "DFT FUNCTIONAL TOTAL ENERGY": -339.8699904897955, "SCF DIPOLE Z": 0.0, "DFT XC ENERGY": -35.612180044954, "DFT TOTAL ENERGY": -339.8699904897955, "CURRENT REFERENCE ENERGY": -339.8699904897955, "CURRENT ENERGY": -339.8699904897955, "SCF N ITERS": 9.0, "SCF ITERATION ENERGY": -339.8699904897955, "SCF TOTAL ENERGY": -339.8699904897955, "ONE-ELECTRON ENERGY": -906.789451875325, "CURRENT DIPOLE X": 0.0, "SCF DIPOLE Y": -2.2575241498401512e-15, "NUCLEAR REPULSION ENERGY": 223.96749853030883, "SCF DIPOLE X": 0.0}, "args": "B3LYP/aug-cc-pVDZ"}