{"error": "", "modelchem": "B3LYP/aug-cc-pVDZ", "moleucle_hash": "50ff600410424e54057f5faec7df7dfaba30688f", "driver": "energy", "variables": {"SCF ITERATION ENERGY": -189.79510653696315, "CURRENT REFERENCE ENERGY": -189.79510653696315, "SCF DIPOLE Z": 0.0, "SCF TOTAL ENERGY": -189.79510653696315, "DFT TOTAL ENERGY": -189.79510653696315, "CURRENT DIPOLE Z": 0.0, "SCF N ITERS": 8.0, "CURRENT DIPOLE X": 0.4150196973576719, "CURRENT ENERGY": -189.79510653696315, "SCF DIPOLE Y": 1.4984207663827254, "TWO-ELECTRON ENERGY": 156.2056727453454, "DFT XC ENERGY": -18.83617447217244, "DFT FUNCTIONAL TOTAL ENERGY": -189.79510653696315, "NUCLEAR REPULSION ENERGY": 69.43156827282269, "SCF DIPOLE X": 0.4150196973576719, "ONE-ELECTRON ENERGY": -396.5961730829588, "CURRENT DIPOLE Y": 1.4984207663827254}, "args": "B3LYP/aug-cc-pVDZ", "output": "", "return_value": -189.79510653696315, "molecule": "\n  0  1\n      C        3.19458871        -0.18602798         0.00000000\n      H        4.29867458        -0.25032135         0.00000000\n      O        2.43545364        -1.13545523         0.00000000\n      O        2.81355286         1.11890079         0.00000000\n      H        1.83855220         1.13009890         0.00000000\n  GH(C)       -3.19458871         0.18602798         0.00000000\n  GH(H)       -4.29867458         0.25032135         0.00000000\n  GH(O)       -2.43545364         1.13545523         0.00000000\n  GH(O)       -2.81355286        -1.11890079         0.00000000\n  GH(H)       -1.83855220        -1.13009890         0.00000000\n", "success": true}