{"modelchem": "B3LYP/aug-cc-pVDZ", "return_value": -150.03421582592796, "driver": "energy", "error": "", "molecule": "\n  0  1\n  GH(C)        2.69724643        -0.12191870         0.00000000\n  GH(H)        3.80009014        -0.17176852         0.00000000\n  GH(N)        1.93139799        -1.17474481         0.00000000\n  GH(H)        2.52207952        -2.01322139         0.00000000\n  GH(N)        2.16339519         1.14223517         0.00000000\n  GH(H)        1.15164366         1.24943138         0.00000000\n  GH(H)        2.75270049         1.96073403         0.00000000\n      C       -2.69724643         0.12191870         0.00000000\n      H       -3.80009014         0.17176852         0.00000000\n      N       -1.93139799         1.17474481         0.00000000\n      H       -2.52207952         2.01322139         0.00000000\n      N       -2.16339519        -1.14223517         0.00000000\n      H       -1.15164366        -1.24943138         0.00000000\n      H       -2.75270049        -1.96073403         0.00000000\n", "args": "B3LYP/aug-cc-pVDZ", "variables": {"ONE-ELECTRON ENERGY": -343.4778228086085, "CURRENT DIPOLE Z": 0.0, "SCF ITERATION ENERGY": -150.03421582592796, "SCF N ITERS": 8.0, "TWO-ELECTRON ENERGY": 138.7546867753957, "SCF TOTAL ENERGY": -150.03421582592796, "CURRENT DIPOLE X": -1.9020698223249, "NUCLEAR REPULSION ENERGY": 71.43139268796743, "SCF DIPOLE X": -1.9020698223249, "SCF DIPOLE Z": 0.0, "SCF DIPOLE Y": -2.2409327976008226, "CURRENT DIPOLE Y": -2.2409327976008226, "CURRENT ENERGY": -150.03421582592796, "CURRENT REFERENCE ENERGY": -150.03421582592796, "DFT FUNCTIONAL TOTAL ENERGY": -150.03421582592796, "DFT TOTAL ENERGY": -150.03421582592796, "DFT XC ENERGY": -16.742472480682597}, "success": true, "output": "", "moleucle_hash": "5586c975da0038f42c56f0e9a4b3f16272783112"}