{"output": "", "success": true, "modelchem": "B3LYP/aug-cc-pVDZ", "args": "B3LYP/aug-cc-pVDZ", "error": "", "driver": "energy", "moleucle_hash": "5617c9f4c0086a1ad4edb92c74b1613cdf8f10b5", "molecule": "\n  0  1\n  GH(C)       -1.92862050         0.16119369         0.00000000\n  GH(H)       -3.03011644         0.25790262         0.00000000\n  GH(O)       -1.23743130         1.18028070         0.00000000\n  GH(O)       -1.49236998        -1.09274175         0.00000000\n  GH(H)       -0.48861382        -1.09313129         0.00000000\n      C        1.95643502        -0.17990567         0.00000000\n      H        3.06274786        -0.27703752         0.00000000\n      O        1.20521341        -1.17264505         0.00000000\n      N        1.55000583         1.10795923         0.00000000\n      H        0.54440542         1.31463815         0.00000000\n      H        2.24038620         1.84747610         0.00000000\n", "return_value": -169.9245519675321, "variables": {"TWO-ELECTRON ENERGY": 147.65099979100455, "CURRENT DIPOLE Y": 3.9653120828489947, "DFT XC ENERGY": -17.796152261475847, "NUCLEAR REPULSION ENERGY": 70.4697489447422, "SCF DIPOLE Z": 0.0, "CURRENT REFERENCE ENERGY": -169.9245519675321, "CURRENT DIPOLE Z": 0.0, "SCF DIPOLE X": 1.3580368269218959, "SCF TOTAL ENERGY": -169.9245519675321, "CURRENT DIPOLE X": 1.3580368269218959, "ONE-ELECTRON ENERGY": -370.249148441803, "SCF N ITERS": 8.0, "CURRENT ENERGY": -169.9245519675321, "DFT TOTAL ENERGY": -169.9245519675321, "SCF DIPOLE Y": 3.9653120828489947, "DFT FUNCTIONAL TOTAL ENERGY": -169.9245519675321, "SCF ITERATION ENERGY": -169.9245519675321}}