{"variables": {"SCF N ITERS": 9.0, "CURRENT DIPOLE Z": 0.0, "CURRENT DIPOLE Y": 2.7296996129515683, "SCF TOTAL ENERGY": -150.02827979782106, "CURRENT REFERENCE ENERGY": -150.02827979782106, "DFT XC ENERGY": -16.74683111390993, "ONE-ELECTRON ENERGY": -343.19901839250264, "NUCLEAR REPULSION ENERGY": 71.33055861957371, "DFT FUNCTIONAL TOTAL ENERGY": -150.02827979782106, "SCF DIPOLE X": 1.8972253380166644, "SCF ITERATION ENERGY": -150.02827979782106, "CURRENT DIPOLE X": 1.8972253380166644, "CURRENT ENERGY": -150.02827979782106, "SCF DIPOLE Z": 0.0, "DFT TOTAL ENERGY": -150.02827979782106, "SCF DIPOLE Y": 2.7296996129515683, "TWO-ELECTRON ENERGY": 138.5870110890178}, "molecule": "\n  0  1\n  GH(C)       -1.78022870         0.14987298         0.00000000\n  GH(H)       -2.89545364         0.23836736         0.00000000\n  GH(O)       -1.13881825         1.21461091         0.00000000\n  GH(N)       -1.41027191        -1.13460552         0.00000000\n  GH(H)       -0.38077495        -1.38453958         0.00000000\n  GH(H)       -2.16426193        -1.81034042         0.00000000\n      C        1.80849126        -0.13489609         0.00000000\n      H        2.91397761        -0.22261770         0.00000000\n      N        1.15496921        -1.26599407         0.00000000\n      H        1.83228961        -2.02978225         0.00000000\n      N        1.40124345         1.14388415         0.00000000\n      H        0.39074481         1.36097240         0.00000000\n      H        2.11873085         1.85410086         0.00000000\n", "error": "", "moleucle_hash": "5694afb7394867384cf7dde6f14b9a81b1f4da13", "args": "B3LYP/aug-cc-pVDZ", "return_value": -150.02827979782106, "modelchem": "B3LYP/aug-cc-pVDZ", "output": "", "driver": "energy", "success": true}