{"molecule": "\n  0  1\n  GH(C)        3.19740673        -0.12881636         0.00000000\n  GH(H)        4.30120367        -0.17328586         0.00000000\n  GH(N)        2.42581025        -1.17305230         0.00000000\n  GH(H)        3.00905003        -2.01668226         0.00000000\n  GH(N)        2.68267636         1.14568753         0.00000000\n  GH(H)        1.67620388         1.27071277         0.00000000\n  GH(H)        3.28436882         1.95508270         0.00000000\n      C       -3.19740673         0.12881636         0.00000000\n      H       -4.30120367         0.17328586         0.00000000\n      N       -2.42581025         1.17305230         0.00000000\n      H       -3.00905003         2.01668226         0.00000000\n      N       -2.68267636        -1.14568753         0.00000000\n      H       -1.67620388        -1.27071277         0.00000000\n      H       -3.28436882        -1.95508270         0.00000000\n", "driver": "energy", "variables": {"DFT XC ENERGY": -16.744198095458724, "SCF DIPOLE Z": 0.0, "SCF DIPOLE Y": -2.205376925385641, "SCF N ITERS": 8.0, "ONE-ELECTRON ENERGY": -343.4877594287605, "DFT TOTAL ENERGY": -150.03436253254566, "CURRENT DIPOLE Y": -2.205376925385641, "TWO-ELECTRON ENERGY": 138.75826136972157, "CURRENT DIPOLE Z": 0.0, "NUCLEAR REPULSION ENERGY": 71.43933362195203, "SCF ITERATION ENERGY": -150.03436253254566, "DFT FUNCTIONAL TOTAL ENERGY": -150.03436253254566, "SCF DIPOLE X": -1.923188140139877, "CURRENT DIPOLE X": -1.923188140139877, "CURRENT REFERENCE ENERGY": -150.03436253254566, "SCF TOTAL ENERGY": -150.03436253254566, "CURRENT ENERGY": -150.03436253254566}, "success": true, "return_value": -150.03436253254566, "modelchem": "B3LYP/aug-cc-pVDZ", "moleucle_hash": "576037a7cd3800b76e9debb559a7e982a6cbe6d6", "args": "B3LYP/aug-cc-pVDZ", "output": "", "error": ""}