{"variables": {"SCF ITERATION ENERGY": -189.7948075827804, "CURRENT REFERENCE ENERGY": -189.7948075827804, "CURRENT DIPOLE X": -0.44860696352419244, "SCF N ITERS": 8.0, "DFT FUNCTIONAL TOTAL ENERGY": -189.7948075827804, "NUCLEAR REPULSION ENERGY": 69.44428116766235, "SCF DIPOLE X": -0.44860696352419244, "SCF TOTAL ENERGY": -189.7948075827804, "SCF DIPOLE Z": 0.0, "CURRENT ENERGY": -189.7948075827804, "ONE-ELECTRON ENERGY": -396.6446307639578, "CURRENT DIPOLE Y": -1.6138425954562405, "DFT TOTAL ENERGY": -189.7948075827804, "CURRENT DIPOLE Z": 0.0, "SCF DIPOLE Y": -1.6138425954562405, "DFT XC ENERGY": -18.832281699818036, "TWO-ELECTRON ENERGY": 156.2378237133331}, "molecule": "\n  0  1\n  GH(C)        2.14005789        -0.20652795         0.00000000\n  GH(H)        3.23921879        -0.31260333         0.00000000\n  GH(O)        1.36379229        -1.15537668         0.00000000\n  GH(O)        1.76438167         1.08605925         0.00000000\n  GH(H)        0.78011615         1.11617462         0.00000000\n      C       -2.14005789         0.20652795         0.00000000\n      H       -3.23921879         0.31260333         0.00000000\n      O       -1.36379229         1.15537668         0.00000000\n      O       -1.76438167        -1.08605925         0.00000000\n      H       -0.78011615        -1.11617462         0.00000000\n", "return_value": -189.7948075827804, "molecule_hash": "587a01225ea8f5a0cf1642f4b0fb926d7c215fd9", "driver": "energy", "success": true, "modelchem": "B3LYP/aug-cc-pVDZ", "error": "", "output": "", "args": "B3LYP/aug-cc-pVDZ"}