{"variables": {"CURRENT DIPOLE Z": 0.0, "CURRENT ENERGY": -189.79217096472516, "SCF ITERATION ENERGY": -189.79217096472516, "NUCLEAR REPULSION ENERGY": 69.4366099163592, "ONE-ELECTRON ENERGY": -396.6247778948365, "SCF TOTAL ENERGY": -189.79217096472516, "DFT XC ENERGY": -18.828372843091564, "DFT TOTAL ENERGY": -189.79217096472516, "CURRENT DIPOLE X": -0.185227406985324, "SCF DIPOLE Y": -1.9063666226900167, "CURRENT REFERENCE ENERGY": -189.79217096472516, "TWO-ELECTRON ENERGY": 156.22436985684368, "CURRENT DIPOLE Y": -1.9063666226900167, "SCF DIPOLE X": -0.185227406985324, "SCF N ITERS": 8.0, "SCF DIPOLE Z": 0.0, "DFT FUNCTIONAL TOTAL ENERGY": -189.79217096472516}, "driver": "energy", "molecule": "\n  0  1\n      C       -1.87970385         0.16163715         0.00000000\n      H       -2.98177538         0.26162942         0.00000000\n      O       -1.19849611         1.18849760         0.00000000\n      O       -1.45487899        -1.09052331         0.00000000\n      H       -0.44572390        -1.10219203         0.00000000\n  GH(C)        1.90475161        -0.18173103         0.00000000\n  GH(H)        3.01119328        -0.28211981         0.00000000\n  GH(O)        1.16164142        -1.18119246         0.00000000\n  GH(N)        1.51565227         1.10780268         0.00000000\n  GH(H)        0.51184265         1.32923289         0.00000000\n  GH(H)        2.22211656         1.83196397         0.00000000\n", "molecule_hash": "59270a1e214d47b2503002c9b99c88f4349d4648", "args": "B3LYP/aug-cc-pVDZ", "modelchem": "B3LYP/aug-cc-pVDZ", "success": true, "return_value": -189.79217096472516, "output": "", "error": ""}