{"args": "B3LYP/aug-cc-pVDZ", "moleucle_hash": "5937e1476892c01797cb3b2a701185f932e115d8", "success": true, "modelchem": "B3LYP/aug-cc-pVDZ", "variables": {"SCF DIPOLE X": 0.4277470107709455, "NUCLEAR REPULSION ENERGY": 69.45239532034583, "SCF ITERATION ENERGY": -189.7945802989786, "SCF DIPOLE Z": 0.0, "SCF DIPOLE Y": 1.675104478666945, "ONE-ELECTRON ENERGY": -396.6624106406934, "SCF TOTAL ENERGY": -189.7945802989786, "CURRENT DIPOLE Y": 1.675104478666945, "CURRENT DIPOLE X": 0.4277470107709455, "TWO-ELECTRON ENERGY": 156.2468567389005, "DFT FUNCTIONAL TOTAL ENERGY": -189.7945802989786, "SCF N ITERS": 8.0, "CURRENT REFERENCE ENERGY": -189.7945802989786, "CURRENT DIPOLE Z": 0.0, "DFT TOTAL ENERGY": -189.7945802989786, "DFT XC ENERGY": -18.83142171753152, "CURRENT ENERGY": -189.7945802989786}, "return_value": -189.7945802989786, "error": "", "driver": "energy", "molecule": "\n  0  1\n      C        2.03992872        -0.20295867         0.00000000\n      H        3.13866374        -0.31227513         0.00000000\n      O        1.27022640        -1.16073661         0.00000000\n      O        1.66162256         1.08294418         0.00000000\n      H        0.67334166         1.11546236         0.00000000\n  GH(C)       -2.03992872         0.20295867         0.00000000\n  GH(H)       -3.13866374         0.31227513         0.00000000\n  GH(O)       -1.27022640         1.16073661         0.00000000\n  GH(O)       -1.66162256        -1.08294418         0.00000000\n  GH(H)       -0.67334166        -1.11546236         0.00000000\n", "output": ""}