{"return_value": -319.9636169067649, "moleucle_hash": "5a3b0cf78c207d72765caf99a7d6bd0ad4ff370e", "success": true, "modelchem": "B3LYP/aug-cc-pVDZ", "output": "", "molecule": "\n  0  1\n      C       -1.78022870         0.14987298         0.00000000\n      H       -2.89545364         0.23836736         0.00000000\n      O       -1.13881825         1.21461091         0.00000000\n      N       -1.41027191        -1.13460552         0.00000000\n      H       -0.38077495        -1.38453958         0.00000000\n      H       -2.16426193        -1.81034042         0.00000000\n      C        1.80849126        -0.13489609         0.00000000\n      H        2.91397761        -0.22261770         0.00000000\n      N        1.15496921        -1.26599407         0.00000000\n      H        1.83228961        -2.02978225         0.00000000\n      N        1.40124345         1.14388415         0.00000000\n      H        0.39074481         1.36097240         0.00000000\n      H        2.11873085         1.85410086         0.00000000\n", "args": "B3LYP/aug-cc-pVDZ", "driver": "energy", "error": "", "variables": {"DFT XC ENERGY": -34.63152619769073, "SCF N ITERS": 9.0, "SCF ITERATION ENERGY": -319.9636169067649, "CURRENT DIPOLE Z": 0.0, "DFT TOTAL ENERGY": -319.9636169067649, "SCF TOTAL ENERGY": -319.9636169067649, "SCF DIPOLE Z": 0.0, "ONE-ELECTRON ENERGY": -904.8456402459269, "CURRENT DIPOLE X": 1.311863232120073, "SCF DIPOLE X": 1.311863232120073, "DFT FUNCTIONAL TOTAL ENERGY": -319.9636169067649, "CURRENT DIPOLE Y": -1.4704219492583857, "TWO-ELECTRON ENERGY": 382.1991034641031, "CURRENT REFERENCE ENERGY": -319.9636169067649, "SCF DIPOLE Y": -1.4704219492583857, "CURRENT ENERGY": -319.9636169067649, "NUCLEAR REPULSION ENERGY": 237.31444607274966}}