{"modelchem": "B3LYP/aug-cc-pVDZ", "driver": "energy", "args": "B3LYP/aug-cc-pVDZ", "error": "", "output": "", "molecule": "\n  0  1\n      C       -2.66627924         0.13246574         0.00000000\n      H       -3.77728386         0.18752690         0.00000000\n      O       -1.97376452         1.15272174         0.00000000\n      N       -2.15448827        -1.13525942         0.00000000\n      H       -1.14315421        -1.25838806         0.00000000\n      H       -2.76095466        -1.94449331         0.00000000\n      C        2.72710220        -0.13482909         0.00000000\n      H        3.82978184        -0.18947766         0.00000000\n      N        1.94426866        -1.17439124         0.00000000\n      H        2.52008027        -2.02303547         0.00000000\n      N        2.21808889         1.13969445         0.00000000\n      H        1.21077019         1.27082675         0.00000000\n      H        2.82358807         1.94643158         0.00000000\n", "return_value": -319.9669460386632, "moleucle_hash": "5a62b3dba5b2ef7bb0f54b815300d3c0cd5e385c", "variables": {"CURRENT DIPOLE Y": -1.584884539015869, "CURRENT REFERENCE ENERGY": -319.9669460386632, "NUCLEAR REPULSION ENERGY": 206.14542524949712, "DFT TOTAL ENERGY": -319.9669460386632, "DFT XC ENERGY": -34.54238340679261, "TWO-ELECTRON ENERGY": 350.8909556414138, "SCF N ITERS": 9.0, "CURRENT DIPOLE X": 1.0252061939898904, "ONE-ELECTRON ENERGY": -842.4609435227816, "SCF ITERATION ENERGY": -319.9669460386632, "CURRENT DIPOLE Z": 0.0, "SCF TOTAL ENERGY": -319.9669460386632, "SCF DIPOLE Z": 0.0, "DFT FUNCTIONAL TOTAL ENERGY": -319.9669460386632, "SCF DIPOLE X": 1.0252061939898904, "SCF DIPOLE Y": -1.584884539015869, "CURRENT ENERGY": -319.9669460386632}, "success": true}