{"molecule_hash": "5b3060e62bfd80940306da411680f49c5f2d2eab", "error": "", "success": true, "return_value": -319.9605324794958, "output": "", "args": "B3LYP/aug-cc-pVDZ", "modelchem": "B3LYP/aug-cc-pVDZ", "variables": {"ONE-ELECTRON ENERGY": -797.3182257711883, "CURRENT DIPOLE Y": -1.6258794628879338, "DFT XC ENERGY": -34.545339272198476, "CURRENT DIPOLE Z": 0.0, "CURRENT DIPOLE X": 0.8356918670601128, "DFT TOTAL ENERGY": -319.9605324794958, "SCF DIPOLE Y": -1.6258794628879338, "DFT FUNCTIONAL TOTAL ENERGY": -319.9605324794958, "SCF N ITERS": 10.0, "CURRENT ENERGY": -319.9605324794958, "SCF DIPOLE X": 0.8356918670601128, "NUCLEAR REPULSION ENERGY": 183.64663804574127, "SCF ITERATION ENERGY": -319.9605324794958, "SCF DIPOLE Z": 0.0, "SCF TOTAL ENERGY": -319.9605324794958, "CURRENT REFERENCE ENERGY": -319.9605324794958, "TWO-ELECTRON ENERGY": 328.2563945181497}, "driver": "energy", "molecule": "\n  0  1\n      C       -3.95119391         0.13180726         0.00000000\n      H       -5.06421494         0.16795264         0.00000000\n      O       -3.25700879         1.14506295         0.00000000\n      N       -3.45900266        -1.14786697         0.00000000\n      H       -2.45511963        -1.29313383         0.00000000\n      H       -4.07950006        -1.94648494         0.00000000\n      C        4.04459226        -0.12785598         0.00000000\n      H        5.14896015        -0.16372034         0.00000000\n      N        3.27114001        -1.16876693         0.00000000\n      H        3.84998346        -2.01526327         0.00000000\n      N        3.53511346         1.15017556         0.00000000\n      H        2.53063281         1.28082664         0.00000000\n      H        4.14039777         1.95697653         0.00000000\n"}