{"return_value": -189.78973569459026, "error": "", "success": true, "molecule": "\n  0  1\n      C       -1.78217824         0.17067463         0.00000000\n      H       -2.88586235         0.28192476         0.00000000\n      O       -1.11959419         1.21087120         0.00000000\n      O       -1.40116395        -1.08369245         0.00000000\n      H       -0.38043759        -1.13241294         0.00000000\n  GH(C)        1.79967181        -0.19037187         0.00000000\n  GH(H)        2.90662488        -0.30195151         0.00000000\n  GH(O)        1.08054052        -1.20751884         0.00000000\n  GH(N)        1.46296486         1.10656646         0.00000000\n  GH(H)        0.46794114         1.37317096         0.00000000\n  GH(H)        2.21379368         1.78455973         0.00000000\n", "driver": "energy", "args": "B3LYP/aug-cc-pVDZ", "output": "", "molecule_hash": "5c0203af4a47594446f4fea93412b80394a36338", "variables": {"TWO-ELECTRON ENERGY": 156.17808562557258, "DFT XC ENERGY": -18.82700771701206, "SCF DIPOLE Z": 0.0, "CURRENT DIPOLE X": -0.08131777979329557, "DFT TOTAL ENERGY": -189.78973569459026, "NUCLEAR REPULSION ENERGY": 69.41184506940665, "SCF TOTAL ENERGY": -189.78973569459026, "SCF DIPOLE Y": -2.056771439997286, "CURRENT DIPOLE Z": 0.0, "ONE-ELECTRON ENERGY": -396.5526586725574, "CURRENT DIPOLE Y": -2.056771439997286, "CURRENT ENERGY": -189.78973569459026, "SCF N ITERS": 8.0, "CURRENT REFERENCE ENERGY": -189.78973569459026, "DFT FUNCTIONAL TOTAL ENERGY": -189.78973569459026, "SCF DIPOLE X": -0.08131777979329557, "SCF ITERATION ENERGY": -189.78973569459026}, "modelchem": "B3LYP/aug-cc-pVDZ"}