{"args": "B3LYP/aug-cc-pVDZ", "variables": {"CURRENT DIPOLE Y": -2.1956405773595478, "SCF DIPOLE Z": 0.0, "DFT FUNCTIONAL TOTAL ENERGY": -150.0343852903844, "SCF TOTAL ENERGY": -150.0343852903844, "CURRENT REFERENCE ENERGY": -150.0343852903844, "SCF DIPOLE Y": -2.1956405773595478, "CURRENT DIPOLE Z": 0.0, "DFT TOTAL ENERGY": -150.0343852903844, "TWO-ELECTRON ENERGY": 138.75939787322645, "CURRENT ENERGY": -150.0343852903844, "DFT XC ENERGY": -16.744541926064926, "ONE-ELECTRON ENERGY": -343.49035618114505, "NUCLEAR REPULSION ENERGY": 71.44111494359915, "SCF DIPOLE X": -1.9242669917111028, "CURRENT DIPOLE X": -1.9242669917111028, "SCF ITERATION ENERGY": -150.0343852903844, "SCF N ITERS": 8.0}, "return_value": -150.0343852903844, "output": "", "driver": "energy", "error": "", "molecule_hash": "5cd7394563d7d4f6fe10894b590423cbbe5d57be", "modelchem": "B3LYP/aug-cc-pVDZ", "molecule": "\n  0  1\n  GH(C)        3.49764421        -0.12840997         0.00000000\n  GH(H)        4.60176692        -0.16894593         0.00000000\n  GH(N)        2.72569862        -1.17126633         0.00000000\n  GH(H)        3.30724390        -2.01600726         0.00000000\n  GH(N)        2.98518869         1.14779235         0.00000000\n  GH(H)        1.97966414         1.27507136         0.00000000\n  GH(H)        3.58843631         1.95603470         0.00000000\n      C       -3.49764421         0.12840997         0.00000000\n      H       -4.60176692         0.16894593         0.00000000\n      N       -2.72569862         1.17126633         0.00000000\n      H       -3.30724390         2.01600726         0.00000000\n      N       -2.98518869        -1.14779235         0.00000000\n      H       -1.97966414        -1.27507136         0.00000000\n      H       -3.58843631        -1.95603470         0.00000000\n", "success": true}