{"output": "", "molecule": "\n  0  1\n  GH(C)        2.49599331        -0.14149026         0.00000000\n  GH(H)        3.60589309        -0.20440710         0.00000000\n  GH(O)        1.78830561        -1.15373352         0.00000000\n  GH(N)        1.99827465         1.13031983         0.00000000\n  GH(H)        0.98820948         1.26676542         0.00000000\n  GH(H)        2.61374032         1.93291817         0.00000000\n      C       -2.49599331         0.14149026         0.00000000\n      H       -3.60589309         0.20440710         0.00000000\n      O       -1.78830561         1.15373352         0.00000000\n      N       -1.99827465        -1.13031983         0.00000000\n      H       -0.98820948        -1.26676542         0.00000000\n      H       -2.61374032        -1.93291817         0.00000000\n", "variables": {"SCF DIPOLE Z": 0.0, "CURRENT ENERGY": -169.9249690586582, "SCF ITERATION ENERGY": -169.9249690586582, "ONE-ELECTRON ENERGY": -370.3216321623391, "DFT XC ENERGY": -17.797722604451174, "SCF TOTAL ENERGY": -169.9249690586582, "SCF N ITERS": 8.0, "CURRENT DIPOLE X": -1.1570262568409295, "SCF DIPOLE X": -1.1570262568409295, "CURRENT REFERENCE ENERGY": -169.9249690586582, "TWO-ELECTRON ENERGY": 147.6904845561875, "DFT FUNCTIONAL TOTAL ENERGY": -169.9249690586582, "CURRENT DIPOLE Y": -3.876209683705685, "DFT TOTAL ENERGY": -169.9249690586582, "SCF DIPOLE Y": -3.876209683705685, "CURRENT DIPOLE Z": 0.0, "NUCLEAR REPULSION ENERGY": 70.50390115194453}, "error": "", "args": "B3LYP/aug-cc-pVDZ", "return_value": -169.9249690586582, "success": true, "driver": "energy", "modelchem": "B3LYP/aug-cc-pVDZ", "molecule_hash": "5d9a29eb7c4888ac1a70eb5504c8581948493c87"}