{"molecule_hash": "5e5b26634b5b2a0b4d8b312e124235817760114f", "driver": "energy", "modelchem": "B3LYP/aug-cc-pVDZ", "return_value": -339.83661802108537, "variables": {"CURRENT DIPOLE X": 1.8506501403406732, "ONE-ELECTRON ENERGY": -868.9611754000002, "DFT XC ENERGY": -35.578706216501146, "SCF ITERATION ENERGY": -339.83661802108537, "TWO-ELECTRON ENERGY": 359.47746866876383, "SCF TOTAL ENERGY": -339.83661802108537, "DFT FUNCTIONAL TOTAL ENERGY": -339.83661802108537, "NUCLEAR REPULSION ENERGY": 205.22579492665218, "CURRENT ENERGY": -339.83661802108537, "SCF DIPOLE Z": 0.0, "DFT TOTAL ENERGY": -339.83661802108537, "SCF DIPOLE Y": 0.6455004589902958, "SCF N ITERS": 10.0, "SCF DIPOLE X": 1.8506501403406732, "CURRENT DIPOLE Y": 0.6455004589902958, "CURRENT REFERENCE ENERGY": -339.83661802108537, "CURRENT DIPOLE Z": 0.0}, "args": "B3LYP/aug-cc-pVDZ", "error": "", "success": true, "output": "", "molecule": "\n  0  1\n      C       -2.63833181         0.17421223         0.00000000\n      H       -3.74182732         0.24259469         0.00000000\n      O       -1.89813960         1.14236018         0.00000000\n      O       -2.22587715        -1.11630144         0.00000000\n      H       -1.24674157        -1.10613581         0.00000000\n      C        2.75133046        -0.15977949         0.00000000\n      H        3.85338801        -0.22807284         0.00000000\n      N        1.94079641        -1.17624150         0.00000000\n      H        2.48828614        -2.04318335         0.00000000\n      N        2.27517829         1.12893018         0.00000000\n      H        1.27261881         1.28724241         0.00000000\n      H        2.90172978         1.91949574         0.00000000\n"}