{"success": true, "output": "", "molecule": "\n  0  1\n      C       -1.83088576         0.16446589         0.00000000\n      H       -2.93370803         0.26905294         0.00000000\n      O       -1.15951512         1.19856960         0.00000000\n      O       -1.42420415        -1.08772422         0.00000000\n      H       -0.40924981        -1.11532142         0.00000000\n      C        1.85258766        -0.18485933         0.00000000\n      H        2.95926374        -0.28981186         0.00000000\n      O        1.12048297        -1.19270075         0.00000000\n      N        1.48618925         1.10754437         0.00000000\n      H        0.48561914         1.34851310         0.00000000\n      H        2.21266192         1.81160865         0.00000000\n", "return_value": -359.7407855240117, "moleucle_hash": "5e62d406dbd8d079725910fd0a9dde8802de6e7e", "modelchem": "B3LYP/aug-cc-pVDZ", "args": "B3LYP/aug-cc-pVDZ", "driver": "energy", "error": "", "variables": {"DFT TOTAL ENERGY": -359.7407855240117, "DFT FUNCTIONAL TOTAL ENERGY": -359.7407855240117, "CURRENT ENERGY": -359.7407855240117, "TWO-ELECTRON ENERGY": 400.4836814859435, "NUCLEAR REPULSION ENERGY": 236.4995350649856, "CURRENT DIPOLE X": 1.8686424761595561, "SCF ITERATION ENERGY": -359.7407855240117, "ONE-ELECTRON ENERGY": -960.0264031270958, "SCF TOTAL ENERGY": -359.7407855240117, "CURRENT REFERENCE ENERGY": -359.7407855240117, "DFT XC ENERGY": -36.69759894784498, "SCF DIPOLE X": 1.8686424761595561, "SCF DIPOLE Z": 0.0, "SCF N ITERS": 10.0, "CURRENT DIPOLE Z": 0.0, "CURRENT DIPOLE Y": 2.1195561066665496, "SCF DIPOLE Y": 2.1195561066665496}}