{"variables": {"CURRENT ENERGY": -359.74078840913114, "SCF ITERATION ENERGY": -359.74078840913114, "ONE-ELECTRON ENERGY": -937.9048219766244, "CURRENT DIPOLE X": 1.303864448420022, "DFT FUNCTIONAL TOTAL ENERGY": -359.74078840913114, "NUCLEAR REPULSION ENERGY": 225.39202082760664, "CURRENT DIPOLE Y": 2.227041090076186, "CURRENT DIPOLE Z": 0.0, "TWO-ELECTRON ENERGY": 389.42180995621567, "DFT XC ENERGY": -36.64979721632909, "SCF DIPOLE Z": 0.0, "SCF DIPOLE X": 1.303864448420022, "DFT TOTAL ENERGY": -359.74078840913114, "SCF N ITERS": 10.0, "SCF TOTAL ENERGY": -359.74078840913114, "CURRENT REFERENCE ENERGY": -359.74078840913114, "SCF DIPOLE Y": 2.227041090076186}, "moleucle_hash": "5fc9903e3318c01643cd8daf6dc21df905daa211", "error": "", "molecule": "\n  0  1\n      C       -2.07549477         0.16808404         0.00000000\n      H       -3.17636801         0.25855097         0.00000000\n      O       -1.35622177         1.16316834         0.00000000\n      O       -1.63731502        -1.09834467         0.00000000\n      H       -0.64583681        -1.08819660         0.00000000\n      C        2.11039579        -0.17590164         0.00000000\n      H        3.21699962        -0.26683949         0.00000000\n      O        1.35401341        -1.16097028         0.00000000\n      N        1.67091982         1.10975954         0.00000000\n      H        0.66372245         1.28959945         0.00000000\n      H        2.33000288         1.87722287         0.00000000\n", "success": true, "modelchem": "B3LYP/aug-cc-pVDZ", "return_value": -359.74078840913114, "output": "", "driver": "energy", "args": "B3LYP/aug-cc-pVDZ"}