{"success": true, "error": "", "driver": "energy", "molecule": "\n  0  1\n      C        2.14005789        -0.20652795         0.00000000\n      H        3.23921879        -0.31260333         0.00000000\n      O        1.36379229        -1.15537668         0.00000000\n      O        1.76438167         1.08605925         0.00000000\n      H        0.78011615         1.11617462         0.00000000\n  GH(C)       -2.14005789         0.20652795         0.00000000\n  GH(H)       -3.23921879         0.31260333         0.00000000\n  GH(O)       -1.36379229         1.15537668         0.00000000\n  GH(O)       -1.76438167        -1.08605925         0.00000000\n  GH(H)       -0.78011615        -1.11617462         0.00000000\n", "modelchem": "B3LYP/aug-cc-pVDZ", "return_value": -189.79480758280724, "moleucle_hash": "60eeb4771d19c2f2a04ec1e7ec0908b3a6ea62b5", "variables": {"SCF ITERATION ENERGY": -189.79480758280724, "CURRENT DIPOLE Y": 1.6138425954737385, "TWO-ELECTRON ENERGY": 156.23782371332445, "CURRENT ENERGY": -189.79480758280724, "SCF DIPOLE Y": 1.6138425954737385, "CURRENT DIPOLE Z": 0.0, "SCF N ITERS": 8.0, "CURRENT REFERENCE ENERGY": -189.79480758280724, "DFT FUNCTIONAL TOTAL ENERGY": -189.79480758280724, "ONE-ELECTRON ENERGY": -396.6446307639753, "NUCLEAR REPULSION ENERGY": 69.44428116766234, "SCF DIPOLE Z": 0.0, "DFT TOTAL ENERGY": -189.79480758280724, "SCF DIPOLE X": 0.4486069635484292, "SCF TOTAL ENERGY": -189.79480758280724, "DFT XC ENERGY": -18.832281699818743, "CURRENT DIPOLE X": 0.4486069635484292}, "args": "B3LYP/aug-cc-pVDZ", "output": ""}