{"driver": "energy", "molecule": "\n  0  1\n      C       -1.95441797         0.15753953         0.00000000\n      H       -3.05736547         0.24858075         0.00000000\n      O       -1.25897479         1.17508156         0.00000000\n      O       -1.51819340        -1.09554164         0.00000000\n      H       -0.49885308        -1.10531756         0.00000000\n  GH(C)        2.03202506        -0.17151568         0.00000000\n  GH(H)        3.13158097        -0.26227695         0.00000000\n  GH(N)        1.21422382        -1.19144395         0.00000000\n  GH(H)        1.73970852        -2.06839079         0.00000000\n  GH(N)        1.59233540         1.11373305         0.00000000\n  GH(H)        0.58444574         1.29777092         0.00000000\n  GH(H)        2.25678662         1.87343146         0.00000000\n", "output": "", "return_value": -189.79202286434162, "modelchem": "B3LYP/aug-cc-pVDZ", "error": "", "args": "B3LYP/aug-cc-pVDZ", "success": true, "variables": {"DFT XC ENERGY": -18.823045948042004, "SCF DIPOLE X": -0.22221437300096422, "SCF TOTAL ENERGY": -189.79202286434162, "CURRENT DIPOLE Y": -1.864068621973339, "SCF DIPOLE Z": 0.0, "SCF DIPOLE Y": -1.864068621973339, "NUCLEAR REPULSION ENERGY": 69.34967492313388, "ONE-ELECTRON ENERGY": -396.483262437695, "SCF ITERATION ENERGY": -189.79202286434162, "CURRENT DIPOLE Z": 0.0, "TWO-ELECTRON ENERGY": 156.16461059826148, "CURRENT ENERGY": -189.79202286434162, "CURRENT DIPOLE X": -0.22221437300096422, "CURRENT REFERENCE ENERGY": -189.79202286434162, "DFT TOTAL ENERGY": -189.79202286434162, "DFT FUNCTIONAL TOTAL ENERGY": -189.79202286434162, "SCF N ITERS": 8.0}, "moleucle_hash": "61dc64ece5040cb80fadb4d1bc832bbc0ab7fa32"}