{"variables": {"CURRENT DIPOLE X": -3.612038639744242e-14, "CURRENT DIPOLE Z": 0.0, "ONE-ELECTRON ENERGY": -872.6870502046465, "SCF DIPOLE X": -3.612038639744242e-14, "SCF DIPOLE Z": 0.0, "DFT XC ENERGY": -33.572605585424874, "SCF DIPOLE Y": 1.1287620749200756e-15, "TWO-ELECTRON ENERGY": 370.7005068983574, "DFT FUNCTIONAL TOTAL ENERGY": -300.0755759779189, "SCF TOTAL ENERGY": -300.0755759779189, "CURRENT ENERGY": -300.0755759779189, "CURRENT DIPOLE Y": 1.1287620749200756e-15, "SCF N ITERS": 8.0, "DFT TOTAL ENERGY": -300.0755759779189, "CURRENT REFERENCE ENERGY": -300.0755759779189, "SCF ITERATION ENERGY": -300.0755759779189, "NUCLEAR REPULSION ENERGY": 235.48357291379506}, "molecule": "\n  0  1\n      C        1.84665575        -0.11119213         0.00000000\n      H        2.95429208        -0.17788590         0.00000000\n      N        1.19156721        -1.24220748         0.00000000\n      H        1.86789891        -2.00737666         0.00000000\n      N        1.41335406         1.15979090         0.00000000\n      H        0.38141976         1.36618041         0.00000000\n      H        2.12308262         1.87905403         0.00000000\n      C       -1.84665575         0.11119213         0.00000000\n      H       -2.95429208         0.17788590         0.00000000\n      N       -1.19156721         1.24220748         0.00000000\n      H       -1.86789891         2.00737666         0.00000000\n      N       -1.41335406        -1.15979090         0.00000000\n      H       -0.38141976        -1.36618041         0.00000000\n      H       -2.12308262        -1.87905403         0.00000000\n", "success": true, "args": "B3LYP/aug-cc-pVDZ", "output": "", "driver": "energy", "error": "", "moleucle_hash": "61e7eb09b2ea030221776a02fc4214903c687612", "return_value": -300.0755759779189, "modelchem": "B3LYP/aug-cc-pVDZ"}