{"moleucle_hash": "624c7afca00a3581b74d22cef793f240afc36ef5", "driver": "energy", "return_value": -150.03199330282644, "success": true, "error": "", "args": "B3LYP/aug-cc-pVDZ", "molecule": "\n  0  1\n  GH(C)       -1.87720296         0.13037316         0.00000000\n  GH(H)       -2.99024880         0.20231026         0.00000000\n  GH(O)       -1.21984382         1.18650518         0.00000000\n  GH(N)       -1.43964187        -1.13803078         0.00000000\n  GH(H)       -0.40644181        -1.33086253         0.00000000\n  GH(H)       -2.13868738        -1.87029717         0.00000000\n      C        1.91488588        -0.11471276         0.00000000\n      H        3.01882141        -0.18606105         0.00000000\n      N        1.23404120        -1.23071467         0.00000000\n      H        1.88923247        -2.01504741         0.00000000\n      N        1.43187244         1.14338561         0.00000000\n      H        0.41107420         1.29878706         0.00000000\n      H        2.08912295         1.90958573         0.00000000\n", "modelchem": "B3LYP/aug-cc-pVDZ", "variables": {"CURRENT ENERGY": -150.03199330282644, "SCF DIPOLE Z": 0.0, "CURRENT DIPOLE Z": 0.0, "TWO-ELECTRON ENERGY": 138.68974624033504, "ONE-ELECTRON ENERGY": -343.3798696852724, "CURRENT REFERENCE ENERGY": -150.03199330282644, "CURRENT DIPOLE X": 1.8543048929170667, "DFT XC ENERGY": -16.74482394236063, "DFT TOTAL ENERGY": -150.03199330282644, "NUCLEAR REPULSION ENERGY": 71.40295408447156, "SCF DIPOLE X": 1.8543048929170667, "SCF DIPOLE Y": 2.611742459780587, "DFT FUNCTIONAL TOTAL ENERGY": -150.03199330282644, "SCF ITERATION ENERGY": -150.03199330282644, "CURRENT DIPOLE Y": 2.611742459780587, "SCF TOTAL ENERGY": -150.03199330282644, "SCF N ITERS": 8.0}, "output": ""}