{"modelchem": "B3LYP/aug-cc-pVDZ", "driver": "energy", "molecule": "\n  0  1\n  GH(C)       -2.37001060         0.12298207         0.00000000\n  GH(H)       -3.47998730         0.18042379         0.00000000\n  GH(O)       -1.68320651         1.15259030         0.00000000\n  GH(N)       -1.83827892        -1.13269684         0.00000000\n  GH(H)       -0.81940832        -1.23705071         0.00000000\n  GH(H)       -2.43438758        -1.94974931         0.00000000\n      C        2.42357564        -0.12508788         0.00000000\n      H        3.52532822        -0.18210400         0.00000000\n      N        1.64921165        -1.17564041         0.00000000\n      H        2.23277319        -2.01853948         0.00000000\n      N        1.89367698         1.13774591         0.00000000\n      H        0.88057502         1.25034358         0.00000000\n      H        2.48658153         1.95391122         0.00000000\n", "return_value": -150.03423421515504, "args": "B3LYP/aug-cc-pVDZ", "success": true, "output": "", "error": "", "moleucle_hash": "647271e056360eae0e4699a7a59bc7cca6fe97c4", "variables": {"DFT XC ENERGY": -16.741643982983277, "NUCLEAR REPULSION ENERGY": 71.42750442436044, "DFT TOTAL ENERGY": -150.03423421515507, "ONE-ELECTRON ENERGY": -343.4733247286677, "CURRENT DIPOLE X": 1.9126683066208008, "CURRENT REFERENCE ENERGY": -150.03423421515504, "CURRENT DIPOLE Y": 2.254015338901401, "SCF DIPOLE Z": 0.0, "CURRENT DIPOLE Z": 0.0, "SCF ITERATION ENERGY": -150.03423421515504, "SCF DIPOLE Y": 2.254015338901401, "SCF N ITERS": 8.0, "TWO-ELECTRON ENERGY": 138.75323007213547, "DFT FUNCTIONAL TOTAL ENERGY": -150.03423421515507, "CURRENT ENERGY": -150.03423421515504, "SCF DIPOLE X": 1.9126683066208008, "SCF TOTAL ENERGY": -150.03423421515504}}