{"variables": {"SCF DIPOLE X": -0.3101835539564658, "DFT XC ENERGY": -18.827719506049352, "SCF DIPOLE Y": -1.708187732065045, "CURRENT DIPOLE Y": -1.708187732065045, "NUCLEAR REPULSION ENERGY": 69.39601086467194, "ONE-ELECTRON ENERGY": -396.56765018008576, "DFT TOTAL ENERGY": -189.79370319036403, "DFT FUNCTIONAL TOTAL ENERGY": -189.79370319036403, "SCF N ITERS": 8.0, "SCF TOTAL ENERGY": -189.79370319036403, "CURRENT ENERGY": -189.79370319036403, "CURRENT DIPOLE Z": 0.0, "SCF DIPOLE Z": 0.0, "TWO-ELECTRON ENERGY": 156.20565563109915, "SCF ITERATION ENERGY": -189.79370319036403, "CURRENT DIPOLE X": -0.3101835539564658, "CURRENT REFERENCE ENERGY": -189.79370319036403}, "return_value": -189.79370319036403, "args": "B3LYP/aug-cc-pVDZ", "modelchem": "B3LYP/aug-cc-pVDZ", "moleucle_hash": "648b780df0d4b5f9f24ffac93beeeec149eb3f8a", "error": "", "success": true, "driver": "energy", "molecule": "\n  0  1\n      C       -2.10033250         0.15939803         0.00000000\n      H       -3.20231249         0.24404256         0.00000000\n      O       -1.38972180         1.16159856         0.00000000\n      O       -1.64810100        -1.10130943         0.00000000\n      H       -0.64870385        -1.08383587         0.00000000\n  GH(C)        2.18703912        -0.16992061         0.00000000\n  GH(H)        3.28668154        -0.25438558         0.00000000\n  GH(N)        1.35416505        -1.17725815         0.00000000\n  GH(H)        1.87421236        -2.05911458         0.00000000\n  GH(N)        1.72522255         1.11572240         0.00000000\n  GH(H)        0.71775960         1.28182144         0.00000000\n  GH(H)        2.36632423         1.89492965         0.00000000\n", "output": ""}