{"driver": "energy", "moleucle_hash": "65ecea2e910ac18737647c5f4b2f4bab471d6d38", "variables": {"DFT FUNCTIONAL TOTAL ENERGY": -319.98138038082425, "SCF TOTAL ENERGY": -319.98138038082425, "CURRENT DIPOLE X": 1.1648065842546709, "CURRENT DIPOLE Z": 0.0, "DFT TOTAL ENERGY": -319.98138038082425, "TWO-ELECTRON ENERGY": 373.5634294510179, "DFT XC ENERGY": -34.576335500529, "SCF ITERATION ENERGY": -319.98138038082425, "CURRENT REFERENCE ENERGY": -319.98138038082425, "SCF DIPOLE X": 1.1648065842546709, "CURRENT DIPOLE Y": -1.5191335338775809, "SCF N ITERS": 9.0, "CURRENT ENERGY": -319.98138038082425, "ONE-ELECTRON ENERGY": -887.6224989498178, "NUCLEAR REPULSION ENERGY": 228.65402461850462, "SCF DIPOLE Z": 0.0, "SCF DIPOLE Y": -1.5191335338775809}, "return_value": -319.98138038082425, "args": "B3LYP/aug-cc-pVDZ", "success": true, "molecule": "\n  0  1\n      C       -2.02376044         0.12137130         0.00000000\n      H       -3.13449129         0.18360767         0.00000000\n      O       -1.34361035         1.16254229         0.00000000\n      N       -1.52737885        -1.13528332         0.00000000\n      H       -0.49758591        -1.27514722         0.00000000\n      H       -2.16905903        -1.91790148         0.00000000\n      C        2.06981923        -0.10799978         0.00000000\n      H        3.17183809        -0.16974799         0.00000000\n      N        1.34787373        -1.19906629         0.00000000\n      H        1.97244050        -2.00991317         0.00000000\n      N        1.53167706         1.13850851         0.00000000\n      H        0.50945141         1.24775624         0.00000000\n      H        2.13551288         1.94717878         0.00000000\n", "output": "", "error": "", "modelchem": "B3LYP/aug-cc-pVDZ"}