{"variables": {"SCF DIPOLE Y": -4.031899453112016, "CURRENT DIPOLE X": -1.0741892114789175, "SCF N ITERS": 8.0, "SCF TOTAL ENERGY": -169.92407528948942, "NUCLEAR REPULSION ENERGY": 70.41955495656717, "SCF DIPOLE X": -1.0741892114789175, "SCF DIPOLE Z": 0.0, "CURRENT ENERGY": -169.92407528948942, "CURRENT DIPOLE Z": 0.0, "CURRENT DIPOLE Y": -4.031899453112016, "ONE-ELECTRON ENERGY": -370.167312024277, "DFT FUNCTIONAL TOTAL ENERGY": -169.92407528948942, "TWO-ELECTRON ENERGY": 147.6156023294192, "CURRENT REFERENCE ENERGY": -169.92407528948942, "SCF ITERATION ENERGY": -169.92407528948942, "DFT XC ENERGY": -17.791920551198825, "DFT TOTAL ENERGY": -169.92407528948942}, "molecule": "\n  0  1\n      C       -2.02376044         0.12137130         0.00000000\n      H       -3.13449129         0.18360767         0.00000000\n      O       -1.34361035         1.16254229         0.00000000\n      N       -1.52737885        -1.13528332         0.00000000\n      H       -0.49758591        -1.27514722         0.00000000\n      H       -2.16905903        -1.91790148         0.00000000\n  GH(C)        2.06981923        -0.10799978         0.00000000\n  GH(H)        3.17183809        -0.16974799         0.00000000\n  GH(N)        1.34787373        -1.19906629         0.00000000\n  GH(H)        1.97244050        -2.00991317         0.00000000\n  GH(N)        1.53167706         1.13850851         0.00000000\n  GH(H)        0.50945141         1.24775624         0.00000000\n  GH(H)        2.13551288         1.94717878         0.00000000\n", "moleucle_hash": "66557e221d0a704c65bf77cb517ec4ce8e841745", "modelchem": "B3LYP/aug-cc-pVDZ", "args": "B3LYP/aug-cc-pVDZ", "driver": "energy", "success": true, "return_value": -169.92407528948942, "error": "", "output": ""}