{"error": "", "return_value": -150.03439863815208, "driver": "energy", "output": "", "molecule": "\n  0  1\n  GH(C)        3.99802556        -0.12568606         0.00000000\n  GH(H)        5.10246875        -0.16040648         0.00000000\n  GH(N)        3.22763840        -1.16876965         0.00000000\n  GH(H)        3.80888196        -2.01363519         0.00000000\n  GH(N)        3.48433462         1.15076117         0.00000000\n  GH(H)        2.47917010         1.27706322         0.00000000\n  GH(H)        4.08677787         1.95961623         0.00000000\n      C       -3.99802556         0.12568606         0.00000000\n      H       -5.10246875         0.16040648         0.00000000\n      N       -3.22763840         1.16876965         0.00000000\n      H       -3.80888196         2.01363519         0.00000000\n      N       -3.48433462        -1.15076117         0.00000000\n      H       -2.47917010        -1.27706322         0.00000000\n      H       -4.08677787        -1.95961623         0.00000000\n", "variables": {"SCF DIPOLE X": -1.920020581804122, "SCF DIPOLE Y": -2.1892523259355623, "TWO-ELECTRON ENERGY": 138.76096170800403, "DFT TOTAL ENERGY": -150.03439863815208, "CURRENT ENERGY": -150.03439863815208, "CURRENT DIPOLE Y": -2.1892523259355623, "CURRENT DIPOLE Z": 0.0, "SCF DIPOLE Z": 0.0, "SCF TOTAL ENERGY": -150.03439863815208, "SCF ITERATION ENERGY": -150.03439863815208, "ONE-ELECTRON ENERGY": -343.4934945520315, "DFT XC ENERGY": -16.74477456202179, "CURRENT DIPOLE X": -1.920020581804122, "DFT FUNCTIONAL TOTAL ENERGY": -150.03439863815208, "CURRENT REFERENCE ENERGY": -150.03439863815208, "NUCLEAR REPULSION ENERGY": 71.44290876789718, "SCF N ITERS": 8.0}, "args": "B3LYP/aug-cc-pVDZ", "success": true, "modelchem": "B3LYP/aug-cc-pVDZ", "moleucle_hash": "66f075d4e377078dc036e24313f33d2f64b7ab62"}