{"driver": "energy", "success": true, "output": "", "return_value": -169.92496802471737, "molecule": "\n  0  1\n  GH(C)       -2.27180865         0.17975090         0.00000000\n  GH(H)       -3.37333986         0.26380020         0.00000000\n  GH(O)       -1.52660441         1.14998794         0.00000000\n  GH(O)       -1.85932830        -1.10443098         0.00000000\n  GH(H)       -0.87597638        -1.10468982         0.00000000\n      C        2.31485963        -0.17022217         0.00000000\n      H        3.42259050        -0.25474451         0.00000000\n      O        1.57138429        -1.15932816         0.00000000\n      N        1.85465707         1.11426632         0.00000000\n      H        0.84799242         1.27930626         0.00000000\n      H        2.49507804         1.89722164         0.00000000\n", "moleucle_hash": "686d02d0d50f828808c3569b1d688ca57ad79138", "args": "B3LYP/aug-cc-pVDZ", "variables": {"SCF N ITERS": 8.0, "SCF DIPOLE Y": 3.849617549679589, "CURRENT REFERENCE ENERGY": -169.92496802471737, "CURRENT DIPOLE Y": 3.849617549679589, "CURRENT ENERGY": -169.92496802471737, "NUCLEAR REPULSION ENERGY": 70.49924468133561, "DFT XC ENERGY": -17.796907052517923, "SCF TOTAL ENERGY": -169.92496802471737, "TWO-ELECTRON ENERGY": 147.6884120808755, "DFT FUNCTIONAL TOTAL ENERGY": -169.92496802471737, "CURRENT DIPOLE X": 1.2867405186635033, "CURRENT DIPOLE Z": 0.0, "DFT TOTAL ENERGY": -169.92496802471737, "SCF DIPOLE Z": 0.0, "SCF ITERATION ENERGY": -169.92496802471737, "SCF DIPOLE X": 1.2867405186635033, "ONE-ELECTRON ENERGY": -370.31571773441055}, "modelchem": "B3LYP/aug-cc-pVDZ", "error": ""}