{"moleucle_hash": "6879c1e1b2bbfb89cfdf93a40946716c9ee7c9c3", "error": "", "success": true, "modelchem": "B3LYP/aug-cc-pVDZ", "driver": "energy", "return_value": -339.8564468038397, "variables": {"SCF ITERATION ENERGY": -339.8564468038397, "NUCLEAR REPULSION ENERGY": 228.4556435176149, "CURRENT DIPOLE Z": 0.0, "SCF DIPOLE Y": 0.4220380075917684, "SCF N ITERS": 10.0, "SCF DIPOLE Z": 0.0, "SCF DIPOLE X": 2.6780414517189786, "CURRENT ENERGY": -339.8564468038397, "ONE-ELECTRON ENERGY": -915.5833056288045, "CURRENT DIPOLE X": 2.6780414517189786, "DFT FUNCTIONAL TOTAL ENERGY": -339.8564468038397, "TWO-ELECTRON ENERGY": 382.8781493535734, "SCF TOTAL ENERGY": -339.8564468038397, "CURRENT REFERENCE ENERGY": -339.8564468038397, "DFT TOTAL ENERGY": -339.8564468038397, "DFT XC ENERGY": -35.606934046223486, "CURRENT DIPOLE Y": 0.4220380075917684}, "args": "B3LYP/aug-cc-pVDZ", "molecule": "\n  0  1\n      C       -2.00288568         0.15766229         0.00000000\n      H       -3.10533408         0.24633212         0.00000000\n      O       -1.30161674         1.16963551         0.00000000\n      O       -1.55791984        -1.09749465         0.00000000\n      H       -0.54668214        -1.09529505         0.00000000\n      C        2.08391761        -0.17103897         0.00000000\n      H        3.18340265        -0.25947047         0.00000000\n      N        1.25831080        -1.18492468         0.00000000\n      H        1.78008989        -2.06474177         0.00000000\n      N        1.63434437         1.11404135         0.00000000\n      H        0.62635840         1.29004572         0.00000000\n      H        2.28868862         1.88235333         0.00000000\n", "output": ""}