{"success": true, "driver": "energy", "moleucle_hash": "6975fbbb4f4e952ff3bd67b874788ded7dc7ed61", "args": "B3LYP/aug-cc-pVDZ", "return_value": -189.79440138162076, "variables": {"SCF ITERATION ENERGY": -189.79440138162076, "TWO-ELECTRON ENERGY": 156.23697343938323, "SCF DIPOLE Y": -1.6619148138802697, "SCF DIPOLE Z": 0.0, "SCF N ITERS": 8.0, "CURRENT DIPOLE Z": 0.0, "DFT FUNCTIONAL TOTAL ENERGY": -189.79440138162076, "CURRENT ENERGY": -189.79440138162076, "CURRENT REFERENCE ENERGY": -189.79440138162076, "DFT TOTAL ENERGY": -189.79440138162076, "NUCLEAR REPULSION ENERGY": 69.43973768745694, "CURRENT DIPOLE Y": -1.6619148138802697, "DFT XC ENERGY": -18.831519971248575, "CURRENT DIPOLE X": -0.35405974254314815, "ONE-ELECTRON ENERGY": -396.63959253721237, "SCF DIPOLE X": -0.35405974254314815, "SCF TOTAL ENERGY": -189.79440138162076}, "error": "", "output": "", "molecule": "\n  0  1\n      C       -2.12445982         0.17139548         0.00000000\n      H       -3.22540810         0.26019471         0.00000000\n      O       -1.39708971         1.15905225         0.00000000\n      O       -1.69213335        -1.10003833         0.00000000\n      H       -0.70338392        -1.09153044         0.00000000\n  GH(C)        2.16162183        -0.17430715         0.00000000\n  GH(H)        3.26847086        -0.26358230         0.00000000\n  GH(O)        1.40801417        -1.15997383         0.00000000\n  GH(N)        1.71474383         1.11078804         0.00000000\n  GH(H)        0.70747623         1.28502211         0.00000000\n  GH(H)        2.36711721         1.88391930         0.00000000\n", "modelchem": "B3LYP/aug-cc-pVDZ"}