{"variables": {"DFT FUNCTIONAL TOTAL ENERGY": -339.8406014338104, "SCF DIPOLE X": 1.9806581867213755, "TWO-ELECTRON ENERGY": 365.3843453146184, "CURRENT REFERENCE ENERGY": -339.8406014338104, "SCF DIPOLE Z": 0.0, "ONE-ELECTRON ENERGY": -880.748522687729, "CURRENT DIPOLE Z": 0.0, "CURRENT DIPOLE X": 1.9806581867213755, "NUCLEAR REPULSION ENERGY": 211.1019271310746, "CURRENT DIPOLE Y": 0.6205618222231708, "SCF N ITERS": 10.0, "SCF ITERATION ENERGY": -339.8406014338104, "CURRENT ENERGY": -339.8406014338104, "DFT XC ENERGY": -35.57835119177439, "DFT TOTAL ENERGY": -339.8406014338104, "SCF TOTAL ENERGY": -339.8406014338104, "SCF DIPOLE Y": 0.6205618222231708}, "driver": "energy", "modelchem": "B3LYP/aug-cc-pVDZ", "success": true, "return_value": -339.8406014338104, "moleucle_hash": "6b10c13652b002dfb8dc28ab985746e19ad58075", "output": "", "error": "", "args": "B3LYP/aug-cc-pVDZ", "molecule": "\n  0  1\n      C       -2.44239623         0.17109139         0.00000000\n      H       -3.54516867         0.24497624         0.00000000\n      O       -1.70804752         1.14675140         0.00000000\n      O       -2.01618143        -1.11187675         0.00000000\n      H       -1.03372502        -1.09479015         0.00000000\n      C        2.54642003        -0.16315517         0.00000000\n      H        3.64763409        -0.23693560         0.00000000\n      N        1.72722352        -1.17543768         0.00000000\n      H        2.26584227        -2.04765017         0.00000000\n      N        2.07067818         1.12435634         0.00000000\n      H        1.06632369         1.28126044         0.00000000\n      H        2.69733971         1.91489993         0.00000000\n"}