{"success": true, "return_value": -169.9244003474996, "modelchem": "B3LYP/aug-cc-pVDZ", "molecule": "\n  0  1\n      C       -2.12238102         0.12001003         0.00000000\n      H       -3.23241727         0.17981127         0.00000000\n      O       -1.43641896         1.15577795         0.00000000\n      N       -1.60476162        -1.13362638         0.00000000\n      H       -0.57842142        -1.25321622         0.00000000\n      H       -2.22287071        -1.93470173         0.00000000\n  GH(C)        2.17139325        -0.11130946         0.00000000\n  GH(H)        3.27288112        -0.17065017         0.00000000\n  GH(N)        1.42791432        -1.18745819         0.00000000\n  GH(H)        2.03640187        -2.01135424         0.00000000\n  GH(N)        1.62476864         1.13714001         0.00000000\n  GH(H)        0.60488448         1.23808048         0.00000000\n  GH(H)        2.21504656         1.95554011         0.00000000\n", "variables": {"SCF DIPOLE Y": -3.9814502870887427, "SCF TOTAL ENERGY": -169.9244003474996, "CURRENT ENERGY": -169.9244003474996, "SCF N ITERS": 8.0, "CURRENT DIPOLE Z": 0.0, "CURRENT DIPOLE Y": -3.9814502870887427, "DFT XC ENERGY": -17.792895044918026, "CURRENT DIPOLE X": -1.0757809073322127, "SCF DIPOLE X": -1.0757809073322127, "DFT TOTAL ENERGY": -169.9244003474996, "SCF ITERATION ENERGY": -169.9244003474996, "NUCLEAR REPULSION ENERGY": 70.44783206816308, "TWO-ELECTRON ENERGY": 147.64900835380385, "ONE-ELECTRON ENERGY": -370.2283457245485, "DFT FUNCTIONAL TOTAL ENERGY": -169.9244003474996, "SCF DIPOLE Z": 0.0, "CURRENT REFERENCE ENERGY": -169.9244003474996}, "output": "", "error": "", "driver": "energy", "args": "B3LYP/aug-cc-pVDZ", "moleucle_hash": "6bc1ba3957580887bed8a207238d10697dc7da93"}