{"driver": "energy", "success": true, "return_value": -189.78788842327728, "output": "", "moleucle_hash": "6c7acc76e6277dea36b8eae83f6ef51e84456bbe", "args": "B3LYP/aug-cc-pVDZ", "error": "", "modelchem": "B3LYP/aug-cc-pVDZ", "variables": {"SCF DIPOLE Y": -2.133380835831939, "SCF N ITERS": 8.0, "DFT FUNCTIONAL TOTAL ENERGY": -189.78788842327728, "SCF DIPOLE X": -0.03365957613889616, "CURRENT DIPOLE Y": -2.133380835831939, "CURRENT REFERENCE ENERGY": -189.78788842327728, "TWO-ELECTRON ENERGY": 156.13578798899766, "SCF ITERATION ENERGY": -189.78788842327728, "SCF TOTAL ENERGY": -189.78788842327728, "SCF DIPOLE Z": 0.0, "NUCLEAR REPULSION ENERGY": 69.38497277452387, "CURRENT DIPOLE Z": 0.0, "DFT XC ENERGY": -18.826195518057695, "CURRENT ENERGY": -189.78788842327728, "DFT TOTAL ENERGY": -189.78788842327728, "CURRENT DIPOLE X": -0.03365957613889616, "ONE-ELECTRON ENERGY": -396.48245366874113}, "molecule": "\n  0  1\n      C       -1.73348582         0.18223355         0.00000000\n      H       -2.83797096         0.30364160         0.00000000\n      O       -1.07653282         1.22594575         0.00000000\n      O       -1.38752757        -1.07701453         0.00000000\n      H       -0.36204548        -1.15331467         0.00000000\n  GH(C)        1.74555921        -0.20019268         0.00000000\n  GH(H)        2.85267994        -0.32189045         0.00000000\n  GH(O)        1.03958692        -1.22627875         0.00000000\n  GH(N)        1.44809759         1.10348563         0.00000000\n  GH(H)        0.46246915         1.40389863         0.00000000\n  GH(H)        2.22816418         1.74757255         0.00000000\n"}