{"return_value": -379.5980344957381, "success": true, "driver": "energy", "modelchem": "B3LYP/aug-cc-pVDZ", "args": "B3LYP/aug-cc-pVDZ", "molecule": "\n  0  1\n      C        2.49138346        -0.20738986         0.00000000\n      H        3.59280864        -0.29907564         0.00000000\n      O        1.71273443        -1.14581025         0.00000000\n      O        2.12758466         1.09795049         0.00000000\n      H        1.14991023         1.12938889         0.00000000\n      C       -2.49138346         0.20738986         0.00000000\n      H       -3.59280864         0.29907564         0.00000000\n      O       -1.71273443         1.14581025         0.00000000\n      O       -2.12758466        -1.09795049         0.00000000\n      H       -1.14991023        -1.12938889         0.00000000\n", "variables": {"DFT TOTAL ENERGY": -379.5980344957381, "CURRENT DIPOLE Y": -1.1287620749200756e-15, "SCF DIPOLE X": -2.2575241498401514e-14, "TWO-ELECTRON ENERGY": 382.66312508779214, "CURRENT DIPOLE X": -2.2575241498401514e-14, "DFT FUNCTIONAL TOTAL ENERGY": -379.5980344957381, "SCF N ITERS": 9.0, "NUCLEAR REPULSION ENERGY": 209.19075835613845, "SCF DIPOLE Z": 0.0, "CURRENT REFERENCE ENERGY": -379.5980344957381, "SCF DIPOLE Y": -1.1287620749200756e-15, "CURRENT DIPOLE Z": 0.0, "SCF ITERATION ENERGY": -379.5980344957381, "DFT XC ENERGY": -37.671262418033486, "SCF TOTAL ENERGY": -379.5980344957381, "CURRENT ENERGY": -379.5980344957381, "ONE-ELECTRON ENERGY": -933.7806555216351}, "moleucle_hash": "6dfbc6e33aedd97f2fcd1511b42c5420c35804cd", "output": "", "error": ""}