{"success": true, "variables": {"CURRENT ENERGY": -189.79511532157892, "NUCLEAR REPULSION ENERGY": 69.42994763149548, "SCF N ITERS": 8.0, "DFT TOTAL ENERGY": -189.79511532157892, "CURRENT DIPOLE Z": 0.0, "CURRENT DIPOLE Y": 1.5158577711438599, "SCF ITERATION ENERGY": -189.79511532157892, "SCF TOTAL ENERGY": -189.79511532157892, "DFT FUNCTIONAL TOTAL ENERGY": -189.79511532157892, "ONE-ELECTRON ENERGY": -396.5980628390971, "SCF DIPOLE Y": 1.5158577711438599, "SCF DIPOLE Z": 0.0, "CURRENT DIPOLE X": 0.44103952698387566, "CURRENT REFERENCE ENERGY": -189.79511532157892, "SCF DIPOLE X": 0.44103952698387566, "TWO-ELECTRON ENERGY": 156.20838454642075, "DFT XC ENERGY": -18.835384660398}, "moleucle_hash": "6f34560054454808dbd49c407de31f08b58dcbbe", "molecule": "\n  0  1\n      C        2.69240165        -0.20242478         0.00000000\n      H        3.79490134        -0.28531481         0.00000000\n      O        1.91833290        -1.14219531         0.00000000\n      O        2.32770522         1.10482267         0.00000000\n      H        1.35155974         1.13337052         0.00000000\n  GH(C)       -2.69240165         0.20242478         0.00000000\n  GH(H)       -3.79490134         0.28531481         0.00000000\n  GH(O)       -1.91833290         1.14219531         0.00000000\n  GH(O)       -2.32770522        -1.10482267         0.00000000\n  GH(H)       -1.35155974        -1.13337052         0.00000000\n", "driver": "energy", "output": "", "error": "", "args": "B3LYP/aug-cc-pVDZ", "modelchem": "B3LYP/aug-cc-pVDZ", "return_value": -189.79511532157892}