{"output": "", "molecule_hash": "6ffc18672a2af280700df8bcffeae4c0f882b71e", "variables": {"SCF DIPOLE Y": 0.6577611511033736, "TWO-ELECTRON ENERGY": 354.5100427860775, "CURRENT DIPOLE X": 1.7681115683631423, "SCF N ITERS": 10.0, "CURRENT DIPOLE Y": 0.6577611511033736, "CURRENT REFERENCE ENERGY": -339.8342458613733, "CURRENT DIPOLE Z": 0.0, "DFT TOTAL ENERGY": -339.8342458613733, "SCF DIPOLE X": 1.7681115683631423, "DFT XC ENERGY": -35.57962914745183, "DFT FUNCTIONAL TOTAL ENERGY": -339.8342458613733, "SCF DIPOLE Z": 0.0, "ONE-ELECTRON ENERGY": -859.0437582414773, "SCF ITERATION ENERGY": -339.8342458613733, "SCF TOTAL ENERGY": -339.8342458613733, "CURRENT ENERGY": -339.8342458613733, "NUCLEAR REPULSION ENERGY": 200.27909874147835}, "modelchem": "B3LYP/aug-cc-pVDZ", "success": true, "molecule": "\n  0  1\n      C       -2.83430026         0.17412588         0.00000000\n      H       -3.93836628         0.23696684         0.00000000\n      O       -2.09196716         1.13877607         0.00000000\n      O       -2.42840583        -1.12038969         0.00000000\n      H       -1.45107051        -1.11332814         0.00000000\n      C        2.95632855        -0.15546371         0.00000000\n      H        4.05902283        -0.21822659         0.00000000\n      N        2.15295059        -1.17586911         0.00000000\n      H        2.70690065        -2.03878687         0.00000000\n      N        2.47731363         1.13303523         0.00000000\n      H        1.47540835         1.28966180         0.00000000\n      H        3.10222174         1.92484945         0.00000000\n", "error": "", "args": "B3LYP/aug-cc-pVDZ", "return_value": -339.8342458613733, "driver": "energy"}