{"moleucle_hash": "70b762f9e67cc52bea7ed95c857bb1aaac7f86fb", "error": "", "output": "", "modelchem": "B3LYP/aug-cc-pVDZ", "variables": {"CURRENT DIPOLE Y": -4.063391255275474, "SCF ITERATION ENERGY": -169.92371266842818, "NUCLEAR REPULSION ENERGY": 70.39937655261959, "SCF TOTAL ENERGY": -169.92371266842818, "DFT XC ENERGY": -17.79154306277279, "SCF N ITERS": 9.0, "TWO-ELECTRON ENERGY": 147.59103590469851, "CURRENT ENERGY": -169.92371266842818, "SCF DIPOLE X": -1.0686708977880004, "ONE-ELECTRON ENERGY": -370.1225820629735, "DFT TOTAL ENERGY": -169.9237126684282, "CURRENT DIPOLE X": -1.0686708977880004, "CURRENT REFERENCE ENERGY": -169.92371266842818, "CURRENT DIPOLE Z": 0.0, "DFT FUNCTIONAL TOTAL ENERGY": -169.9237126684282, "SCF DIPOLE Z": 0.0, "SCF DIPOLE Y": -4.063391255275474}, "driver": "energy", "args": "B3LYP/aug-cc-pVDZ", "molecule": "\n  0  1\n      C       -1.97471721         0.12295853         0.00000000\n      H       -3.08604013         0.18727896         0.00000000\n      O       -1.30050144         1.16840525         0.00000000\n      N       -1.49363393        -1.13636823         0.00000000\n      H       -0.46222530        -1.29037121         0.00000000\n      H       -2.15122398        -1.90581462         0.00000000\n  GH(C)        2.01860067        -0.10816415         0.00000000\n  GH(H)        3.12111663        -0.17197486         0.00000000\n  GH(N)        1.30940050        -1.20735856         0.00000000\n  GH(H)        1.94334630        -2.01030940         0.00000000\n  GH(N)        1.49223980         1.13988904         0.00000000\n  GH(H)        0.46948873         1.25930607         0.00000000\n  GH(H)        2.10902806         1.93883512         0.00000000\n", "return_value": -169.92371266842818, "success": true}