{"args": "B3LYP/aug-cc-pVDZ", "moleucle_hash": "7117f617b431bd22679ac0b36800d745824a0d81", "modelchem": "B3LYP/aug-cc-pVDZ", "output": "", "driver": "energy", "variables": {"SCF DIPOLE X": 1.2133116853217187, "CURRENT DIPOLE X": 1.2133116853217187, "DFT TOTAL ENERGY": -169.9251097324844, "CURRENT DIPOLE Z": 0.0, "TWO-ELECTRON ENERGY": 147.67985687573366, "DFT FUNCTIONAL TOTAL ENERGY": -169.9251097324844, "CURRENT ENERGY": -169.9251097324844, "SCF N ITERS": 8.0, "ONE-ELECTRON ENERGY": -370.3143821318247, "SCF TOTAL ENERGY": -169.9251097324844, "SCF DIPOLE Z": 0.0, "NUCLEAR REPULSION ENERGY": 70.50951053060078, "CURRENT DIPOLE Y": 3.820768177194729, "SCF ITERATION ENERGY": -169.9251097324844, "CURRENT REFERENCE ENERGY": -169.9251097324844, "DFT XC ENERGY": -17.800095006994162, "SCF DIPOLE Y": 3.820768177194729}, "molecule": "\n  0  1\n  GH(C)       -3.16535897         0.17586134         0.00000000\n  GH(H)       -4.26988030         0.23307508         0.00000000\n  GH(O)       -2.41665650         1.13403709         0.00000000\n  GH(O)       -2.77135326        -1.12414764         0.00000000\n  GH(H)       -1.79587783        -1.12655724         0.00000000\n      C        3.22607312        -0.15521212         0.00000000\n      H        4.33781868        -0.21280006         0.00000000\n      O        2.50723536        -1.15220261         0.00000000\n      N        2.76274851         1.13469399         0.00000000\n      H        1.76253556         1.30519593         0.00000000\n      H        3.40173066         1.91872273         0.00000000\n", "success": true, "error": "", "return_value": -169.9251097324844}