{"args": "B3LYP/aug-cc-pVDZ", "variables": {"SCF TOTAL ENERGY": -169.91932322631047, "CURRENT DIPOLE Z": 0.0, "CURRENT ENERGY": -169.91932322631047, "SCF DIPOLE Z": 0.0, "CURRENT REFERENCE ENERGY": -169.91932322631047, "SCF DIPOLE X": -1.202791180784255, "SCF DIPOLE Y": -4.151292105697002, "NUCLEAR REPULSION ENERGY": 70.3283558035014, "SCF ITERATION ENERGY": -169.91932322631047, "ONE-ELECTRON ENERGY": -369.9013755288361, "DFT TOTAL ENERGY": -169.91932322631047, "DFT XC ENERGY": -17.798624026094554, "CURRENT DIPOLE X": -1.202791180784255, "SCF N ITERS": 8.0, "DFT FUNCTIONAL TOTAL ENERGY": -169.91932322631047, "TWO-ELECTRON ENERGY": 147.45232052511884, "CURRENT DIPOLE Y": -4.151292105697002}, "driver": "energy", "molecule": "\n  0  1\n  GH(C)        1.73857937        -0.19960660         0.00000000\n  GH(H)        2.84972331        -0.32717722         0.00000000\n  GH(O)        1.07441392        -1.24725582         0.00000000\n  GH(N)        1.42842301         1.10192478         0.00000000\n  GH(H)        0.43552514         1.39016691         0.00000000\n  GH(H)        2.20654586         1.74794356         0.00000000\n      C       -1.73857937         0.19960660         0.00000000\n      H       -2.84972331         0.32717722         0.00000000\n      O       -1.07441392         1.24725582         0.00000000\n      N       -1.42842301        -1.10192478         0.00000000\n      H       -0.43552514        -1.39016691         0.00000000\n      H       -2.20654586        -1.74794356         0.00000000\n", "return_value": -169.91932322631047, "modelchem": "B3LYP/aug-cc-pVDZ", "molecule_hash": "712606a7c204a1085b7948b9aaf823dfcc70f2e5", "output": "", "error": "", "success": true}