{"modelchem": "B3LYP/aug-cc-pVDZ", "return_value": -359.73064312052895, "args": "B3LYP/aug-cc-pVDZ", "output": "", "molecule": "\n  0  1\n      C       -1.73348582         0.18223355         0.00000000\n      H       -2.83797096         0.30364160         0.00000000\n      O       -1.07653282         1.22594575         0.00000000\n      O       -1.38752757        -1.07701453         0.00000000\n      H       -0.36204548        -1.15331467         0.00000000\n      C        1.74555921        -0.20019268         0.00000000\n      H        2.85267994        -0.32189045         0.00000000\n      O        1.03958692        -1.22627875         0.00000000\n      N        1.44809759         1.10348563         0.00000000\n      H        0.46246915         1.40389863         0.00000000\n      H        2.22816418         1.74757255         0.00000000\n", "driver": "energy", "error": "", "molecule_hash": "71fd11384b9608c181b204de5128babb9224dac6", "success": true, "variables": {"SCF TOTAL ENERGY": -359.73064312052895, "CURRENT ENERGY": -359.73064312052895, "SCF DIPOLE Y": 2.0416845586829173, "TWO-ELECTRON ENERGY": 404.2189335810336, "ONE-ELECTRON ENERGY": -967.5253440578085, "DFT FUNCTIONAL TOTAL ENERGY": -359.73064312052895, "SCF ITERATION ENERGY": -359.73064312052895, "CURRENT REFERENCE ENERGY": -359.73064312052895, "CURRENT DIPOLE Z": 0.0, "SCF N ITERS": 10.0, "DFT XC ENERGY": -36.7244622814026, "CURRENT DIPOLE X": 2.1431833004791567, "SCF DIPOLE X": 2.1431833004791567, "NUCLEAR REPULSION ENERGY": 240.3002296376486, "DFT TOTAL ENERGY": -359.73064312052895, "CURRENT DIPOLE Y": 2.0416845586829173, "SCF DIPOLE Z": 0.0}}