{"args": "B3LYP/aug-cc-pVDZ", "variables": {"SCF DIPOLE X": -1.1325392768381608, "SCF TOTAL ENERGY": -169.92510546943237, "SCF ITERATION ENERGY": -169.92510546943237, "DFT FUNCTIONAL TOTAL ENERGY": -169.92510546943237, "SCF DIPOLE Z": 0.0, "CURRENT REFERENCE ENERGY": -169.92510546943237, "CURRENT DIPOLE X": -1.1325392768381608, "DFT XC ENERGY": -17.80025570831548, "CURRENT DIPOLE Z": 0.0, "ONE-ELECTRON ENERGY": -370.32872937922076, "NUCLEAR REPULSION ENERGY": 70.516439871104, "SCF DIPOLE Y": -3.842601055580591, "DFT TOTAL ENERGY": -169.92510546943237, "CURRENT DIPOLE Y": -3.842601055580591, "SCF N ITERS": 8.0, "TWO-ELECTRON ENERGY": 147.68743974699987, "CURRENT ENERGY": -169.92510546943237}, "output": "", "error": "", "molecule_hash": "72e610bdb264b574073d46128d18c965d04dcb8b", "driver": "energy", "modelchem": "B3LYP/aug-cc-pVDZ", "molecule": "\n  0  1\n      C       -3.45655227         0.13564152         0.00000000\n      H       -4.56921064         0.17826784         0.00000000\n      O       -2.75931575         1.14757333         0.00000000\n      N       -2.96668321        -1.14421239         0.00000000\n      H       -1.96251864        -1.29094605         0.00000000\n      H       -3.58850495        -1.94176941         0.00000000\n  GH(C)        3.53831767        -0.13233432         0.00000000\n  GH(H)        4.64233959        -0.17462977         0.00000000\n  GH(N)        2.76094801        -1.17118270         0.00000000\n  GH(H)        3.33794153        -2.01900317         0.00000000\n  GH(N)        3.03335964         1.14677845         0.00000000\n  GH(H)        2.02910179         1.28169924         0.00000000\n  GH(H)        3.64162361         1.95135046         0.00000000\n", "return_value": -169.92510546943237, "success": true}