{"args": "B3LYP/aug-cc-pVDZ", "moleucle_hash": "73b33e08c0833f00d8c1376a861ebd2f7a7a7a51", "output": "", "return_value": -339.8710771895217, "variables": {"SCF DIPOLE X": -4.0635434697122724e-14, "SCF DIPOLE Y": 4.5150482996803025e-15, "SCF ITERATION ENERGY": -339.8710771895217, "SCF DIPOLE Z": 0.0, "CURRENT DIPOLE Z": 0.0, "CURRENT REFERENCE ENERGY": -339.8710771895217, "ONE-ELECTRON ENERGY": -910.9923053269952, "SCF N ITERS": 9.0, "DFT TOTAL ENERGY": -339.8710771895217, "DFT XC ENERGY": -35.617855999735134, "CURRENT DIPOLE X": -4.0635434697122724e-14, "NUCLEAR REPULSION ENERGY": 226.06835272651134, "TWO-ELECTRON ENERGY": 380.6707314106973, "CURRENT DIPOLE Y": 4.5150482996803025e-15, "DFT FUNCTIONAL TOTAL ENERGY": -339.8710771895217, "CURRENT ENERGY": -339.8710771895217, "SCF TOTAL ENERGY": -339.8710771895217}, "molecule": "\n  0  1\n      C        2.09604836        -0.12877408         0.00000000\n      H        3.20466046        -0.19688344         0.00000000\n      O        1.40550526        -1.16174638         0.00000000\n      N        1.58426128         1.12705799         0.00000000\n      H        0.56383358         1.24955108         0.00000000\n      H        2.20059240         1.92925606         0.00000000\n      C       -2.09604836         0.12877408         0.00000000\n      H       -3.20466046         0.19688344         0.00000000\n      O       -1.40550526         1.16174638         0.00000000\n      N       -1.58426128        -1.12705799         0.00000000\n      H       -0.56383358        -1.24955108         0.00000000\n      H       -2.20059240        -1.92925606         0.00000000\n", "success": true, "error": "", "driver": "energy", "modelchem": "B3LYP/aug-cc-pVDZ"}