{"success": true, "modelchem": "B3LYP/aug-cc-pVDZ", "return_value": -169.92502035798785, "output": "", "variables": {"DFT FUNCTIONAL TOTAL ENERGY": -169.92502035798788, "ONE-ELECTRON ENERGY": -370.31932335193403, "SCF TOTAL ENERGY": -169.92502035798785, "NUCLEAR REPULSION ENERGY": 70.50267956076188, "DFT TOTAL ENERGY": -169.92502035798788, "SCF N ITERS": 8.0, "CURRENT DIPOLE X": 1.2709005454844922, "CURRENT ENERGY": -169.92502035798785, "CURRENT DIPOLE Z": 0.0, "DFT XC ENERGY": -17.797568145673424, "SCF ITERATION ENERGY": -169.92502035798785, "SCF DIPOLE Z": 0.0, "TWO-ELECTRON ENERGY": 147.68919157885773, "CURRENT REFERENCE ENERGY": -169.92502035798785, "SCF DIPOLE X": 1.2709005454844922, "SCF DIPOLE Y": 3.839914757941548, "CURRENT DIPOLE Y": 3.839914757941548}, "driver": "energy", "molecule": "\n  0  1\n  GH(C)       -2.37053947         0.18335144         0.00000000\n  GH(H)       -3.47255698         0.26439714         0.00000000\n  GH(O)       -1.61858011         1.14618338         0.00000000\n  GH(O)       -1.96882669        -1.10687094         0.00000000\n  GH(H)       -0.98773609        -1.11271132         0.00000000\n      C        2.41653317        -0.16870436         0.00000000\n      H        3.52489949        -0.25021697         0.00000000\n      O        1.67809174        -1.15922822         0.00000000\n      N        1.95399445         1.11666331         0.00000000\n      H        0.94841269         1.28120182         0.00000000\n      H        2.59207415         1.90149404         0.00000000\n", "error": "", "args": "B3LYP/aug-cc-pVDZ", "molecule_hash": "74aa09f2b211e96c9d262ed5f734537c135c2a39"}