{"success": true, "return_value": -169.92509264554326, "modelchem": "B3LYP/aug-cc-pVDZ", "driver": "energy", "args": "B3LYP/aug-cc-pVDZ", "moleucle_hash": "75a9494d5425af52dfd517abe5721469f888fa73", "variables": {"DFT XC ENERGY": -17.800542311795652, "DFT FUNCTIONAL TOTAL ENERGY": -169.92509264554326, "CURRENT ENERGY": -169.92509264554326, "CURRENT DIPOLE Y": 3.834164800548692, "CURRENT DIPOLE Z": 0.0, "SCF TOTAL ENERGY": -169.92509264554326, "NUCLEAR REPULSION ENERGY": 70.51471612310948, "SCF DIPOLE X": 1.123472846930238, "CURRENT DIPOLE X": 1.123472846930238, "SCF DIPOLE Y": 3.834164800548692, "DFT TOTAL ENERGY": -169.92509264554326, "TWO-ELECTRON ENERGY": 147.68236940101087, "ONE-ELECTRON ENERGY": -370.32163585786793, "SCF N ITERS": 8.0, "CURRENT REFERENCE ENERGY": -169.92509264554326, "SCF ITERATION ENERGY": -169.92509264554326, "SCF DIPOLE Z": 0.0}, "output": "", "molecule": "\n  0  1\n  GH(C)       -4.94899199         0.15261986         0.00000000\n  GH(H)       -6.05466697         0.18398552         0.00000000\n  GH(O)       -4.22139968         1.12529943         0.00000000\n  GH(O)       -4.52579681        -1.14045626         0.00000000\n  GH(H)       -3.55156372        -1.11418323         0.00000000\n      C        5.04698843        -0.13094494         0.00000000\n      H        6.16016561        -0.16252342         0.00000000\n      O        4.35243631        -1.14332963         0.00000000\n      N        4.55565401         1.14984957         0.00000000\n      H        3.55239498         1.29639409         0.00000000\n      H        5.17702398         1.94785550         0.00000000\n", "error": ""}