{"moleucle_hash": "7694c51f6a6ca53ee08b7b939185f8f024e04638", "output": "", "molecule": "\n  0  1\n  GH(C)       -1.68224527         0.20007686         0.00000000\n  GH(H)       -2.79851036         0.32731687         0.00000000\n  GH(O)       -1.03337695         1.25685782         0.00000000\n  GH(N)       -1.42371554        -1.11002338         0.00000000\n  GH(H)       -0.41476039        -1.44699423         0.00000000\n  GH(H)       -2.24807926        -1.69769344         0.00000000\n      C        1.69587997        -0.18498638         0.00000000\n      H        2.80117416        -0.31097584         0.00000000\n      N        1.05127931        -1.32038822         0.00000000\n      H        1.74163210        -2.07111657         0.00000000\n      N        1.41625166         1.12650330         0.00000000\n      H        0.43768191         1.44670293         0.00000000\n      H        2.21582070         1.74279349         0.00000000\n", "variables": {"SCF DIPOLE Z": 0.0, "CURRENT REFERENCE ENERGY": -150.0210583275991, "DFT TOTAL ENERGY": -150.0210583275991, "TWO-ELECTRON ENERGY": 138.39814555027863, "SCF ITERATION ENERGY": -150.0210583275991, "SCF DIPOLE Y": 2.8033202709449623, "DFT XC ENERGY": -16.74827194509707, "SCF DIPOLE X": 2.022340155891202, "CURRENT DIPOLE Y": 2.8033202709449623, "CURRENT DIPOLE X": 2.022340155891202, "NUCLEAR REPULSION ENERGY": 71.18167959132114, "CURRENT ENERGY": -150.0210583275991, "SCF TOTAL ENERGY": -150.0210583275991, "DFT FUNCTIONAL TOTAL ENERGY": -150.0210583275991, "SCF N ITERS": 8.0, "CURRENT DIPOLE Z": 0.0, "ONE-ELECTRON ENERGY": -342.8526115241018}, "error": "", "driver": "energy", "args": "B3LYP/aug-cc-pVDZ", "success": true, "return_value": -150.0210583275991, "modelchem": "B3LYP/aug-cc-pVDZ"}