{"variables": {"DFT FUNCTIONAL TOTAL ENERGY": -189.79085060932252, "CURRENT DIPOLE Z": 0.0, "DFT XC ENERGY": -18.82068952954384, "ONE-ELECTRON ENERGY": -396.42614739217896, "CURRENT DIPOLE X": -0.17747130496548838, "CURRENT DIPOLE Y": -1.9356939483141364, "SCF DIPOLE X": -0.17747130496548838, "SCF DIPOLE Z": 0.0, "SCF ITERATION ENERGY": -189.79085060932252, "SCF N ITERS": 8.0, "CURRENT REFERENCE ENERGY": -189.79085060932252, "NUCLEAR REPULSION ENERGY": 69.32058149547727, "CURRENT ENERGY": -189.79085060932252, "DFT TOTAL ENERGY": -189.79085060932252, "TWO-ELECTRON ENERGY": 156.13540481692303, "SCF DIPOLE Y": -1.9356939483141364, "SCF TOTAL ENERGY": -189.79085060932252}, "molecule_hash": "77b852e9222198ec2431ab59318ef0b4aa1a67b7", "success": true, "args": "B3LYP/aug-cc-pVDZ", "driver": "energy", "return_value": -189.79085060932252, "error": "", "molecule": "\n  0  1\n      C       -1.90625728         0.15789816         0.00000000\n      H       -3.00992908         0.25165586         0.00000000\n      O       -1.21798842         1.18183546         0.00000000\n      O       -1.48225867        -1.09353763         0.00000000\n      H       -0.45272461        -1.11834425         0.00000000\n  GH(C)        1.97974667        -0.17222063         0.00000000\n  GH(H)        3.07948948        -0.26564455         0.00000000\n  GH(N)        1.17265485        -1.20000472         0.00000000\n  GH(H)        1.70375525        -2.07277955         0.00000000\n  GH(N)        1.55373649         1.11388209         0.00000000\n  GH(H)        0.54641308         1.30898417         0.00000000\n  GH(H)        2.23141500         1.86193091         0.00000000\n", "output": "", "modelchem": "B3LYP/aug-cc-pVDZ"}