{"moleucle_hash": "77b943e98ba9dee684d49a5cb6ead80a365f9967", "error": "", "return_value": -169.92461809222598, "output": "", "success": true, "driver": "energy", "molecule": "\n  0  1\n  GH(C)        2.14607510        -0.12985845         0.00000000\n  GH(H)        3.25466017        -0.19693865         0.00000000\n  GH(O)        1.45130851        -1.15890002         0.00000000\n  GH(N)        1.63157574         1.12717703         0.00000000\n  GH(H)        0.61244489         1.24732130         0.00000000\n  GH(H)        2.24305687         1.93302516         0.00000000\n      C       -2.14607510         0.12985845         0.00000000\n      H       -3.25466017         0.19693865         0.00000000\n      O       -1.45130851         1.15890002         0.00000000\n      N       -1.63157574        -1.12717703         0.00000000\n      H       -0.61244489        -1.24732130         0.00000000\n      H       -2.24305687        -1.93302516         0.00000000\n", "modelchem": "B3LYP/aug-cc-pVDZ", "args": "B3LYP/aug-cc-pVDZ", "variables": {"DFT TOTAL ENERGY": -169.92461809222596, "CURRENT DIPOLE Y": -3.9571987911376993, "CURRENT REFERENCE ENERGY": -169.92461809222598, "DFT XC ENERGY": -17.79518250312465, "SCF DIPOLE Z": 0.0, "ONE-ELECTRON ENERGY": -370.2842740130174, "SCF TOTAL ENERGY": -169.92461809222598, "CURRENT DIPOLE Z": 0.0, "SCF ITERATION ENERGY": -169.92461809222598, "NUCLEAR REPULSION ENERGY": 70.47830732816995, "SCF DIPOLE Y": -3.9571987911376993, "CURRENT DIPOLE X": -1.1075217720701234, "SCF DIPOLE X": -1.1075217720701234, "TWO-ELECTRON ENERGY": 147.67653109574616, "CURRENT ENERGY": -169.92461809222598, "DFT FUNCTIONAL TOTAL ENERGY": -169.92461809222596, "SCF N ITERS": 8.0}}