{"return_value": -339.8298061804818, "molecule": "\n  0  1\n      C       -4.89119351         0.15168886         0.00000000\n      H       -5.99692859         0.18239314         0.00000000\n      O       -4.16502480         1.12540358         0.00000000\n      O       -4.46601853        -1.14087529         0.00000000\n      H       -3.49177332        -1.11255947         0.00000000\n      C        5.10495503        -0.12588632         0.00000000\n      H        6.20955485        -0.15655909         0.00000000\n      N        4.33254137        -1.16667991         0.00000000\n      H        4.91019302        -2.01389087         0.00000000\n      N        4.59328914         1.15218338         0.00000000\n      H        3.58879137         1.28039339         0.00000000\n      H        5.19724654         1.95996355         0.00000000\n", "success": true, "modelchem": "B3LYP/aug-cc-pVDZ", "molecule_hash": "78725e56e7a230606079aea0ae4a4415bb473b13", "args": "B3LYP/aug-cc-pVDZ", "output": "", "driver": "energy", "error": "", "variables": {"SCF DIPOLE Y": 0.6915979105348365, "SCF TOTAL ENERGY": -339.8298061804818, "SCF ITERATION ENERGY": -339.8298061804818, "CURRENT DIPOLE Z": 0.0, "SCF DIPOLE Z": 0.0, "DFT FUNCTIONAL TOTAL ENERGY": -339.8298061804818, "DFT TOTAL ENERGY": -339.8298061804818, "CURRENT DIPOLE Y": 0.6915979105348365, "SCF N ITERS": 10.0, "NUCLEAR REPULSION ENERGY": 173.74362871978056, "SCF DIPOLE X": 1.5743672884214048, "ONE-ELECTRON ENERGY": -805.8779125699344, "CURRENT REFERENCE ENERGY": -339.8298061804818, "CURRENT DIPOLE X": 1.5743672884214048, "TWO-ELECTRON ENERGY": 327.88586789936903, "DFT XC ENERGY": -35.58139022969692, "CURRENT ENERGY": -339.8298061804818}}