{"modelchem": "B3LYP/aug-cc-pVDZ", "molecule": "\n  0  1\n      C       -4.94051459         0.12561969         0.00000000\n      H       -6.05385655         0.15311771         0.00000000\n      O       -4.25179826         1.14206138         0.00000000\n      N       -4.44195445        -1.15218600         0.00000000\n      H       -3.43769145        -1.29256009         0.00000000\n      H       -5.05860183        -1.95380737         0.00000000\n      C        5.05643837        -0.12129136         0.00000000\n      H        6.16113003        -0.14857573         0.00000000\n      N        4.28876097        -1.16580235         0.00000000\n      H        4.87088844        -2.00997853         0.00000000\n      N        4.53935952         1.15434078         0.00000000\n      H        3.53425488         1.27830661         0.00000000\n      H        5.13978851         1.96474473         0.00000000\n", "output": "", "error": "", "variables": {"CURRENT DIPOLE Z": 0.0, "SCF DIPOLE Z": 0.0, "SCF DIPOLE Y": -1.6380580919713728, "CURRENT DIPOLE X": 0.8246461078873679, "CURRENT ENERGY": -319.9598920682552, "CURRENT DIPOLE Y": -1.6380580919713728, "TWO-ELECTRON ENERGY": 319.33562781444317, "SCF N ITERS": 9.0, "SCF DIPOLE X": 0.8246461078873679, "SCF TOTAL ENERGY": -319.9598920682552, "NUCLEAR REPULSION ENERGY": 174.76988329299206, "DFT XC ENERGY": -34.545491262958215, "DFT FUNCTIONAL TOTAL ENERGY": -319.9598920682552, "ONE-ELECTRON ENERGY": -779.5199119127323, "CURRENT REFERENCE ENERGY": -319.9598920682552, "SCF ITERATION ENERGY": -319.9598920682552, "DFT TOTAL ENERGY": -319.9598920682552}, "return_value": -319.9598920682552, "success": true, "driver": "energy", "args": "B3LYP/aug-cc-pVDZ", "molecule_hash": "7b7555357eaf95a19624ab0e2299a49678639fc2"}