{"modelchem": "B3LYP/aug-cc-pVDZ", "return_value": -359.7227785934839, "success": true, "molecule_hash": "7cf298ed6b7dc9b8fcb5d170a50bdc6114346d80", "error": "", "driver": "energy", "args": "B3LYP/aug-cc-pVDZ", "variables": {"CURRENT DIPOLE X": 0.8492647184095327, "SCF DIPOLE Y": 2.3023287381004423, "CURRENT REFERENCE ENERGY": -359.7227785934839, "CURRENT DIPOLE Y": 2.3023287381004423, "DFT FUNCTIONAL TOTAL ENERGY": -359.7227785934839, "DFT TOTAL ENERGY": -359.7227785934839, "SCF DIPOLE X": 0.8492647184095327, "DFT XC ENERGY": -36.63682801608804, "CURRENT DIPOLE Z": 0.0, "SCF TOTAL ENERGY": -359.7227785934839, "NUCLEAR REPULSION ENERGY": 193.18113379728504, "TWO-ELECTRON ENERGY": 357.16769323751174, "SCF ITERATION ENERGY": -359.7227785934839, "SCF DIPOLE Z": 0.0, "CURRENT ENERGY": -359.7227785934839, "SCF N ITERS": 10.0, "ONE-ELECTRON ENERGY": -873.4347776121926}, "output": "", "molecule": "\n  0  1\n      C       -3.16535897         0.17586134         0.00000000\n      H       -4.26988030         0.23307508         0.00000000\n      O       -2.41665650         1.13403709         0.00000000\n      O       -2.77135326        -1.12414764         0.00000000\n      H       -1.79587783        -1.12655724         0.00000000\n      C        3.22607312        -0.15521212         0.00000000\n      H        4.33781868        -0.21280006         0.00000000\n      O        2.50723536        -1.15220261         0.00000000\n      N        2.76274851         1.13469399         0.00000000\n      H        1.76253556         1.30519593         0.00000000\n      H        3.40173066         1.91872273         0.00000000\n"}