{"args": "B3LYP/aug-cc-pVDZ", "moleucle_hash": "7f7082fc5aded231367b691442edd16bc6d3b32d", "driver": "energy", "error": "", "variables": {"SCF DIPOLE Y": 2.176266645129911, "CURRENT DIPOLE Y": 2.176266645129911, "DFT TOTAL ENERGY": -150.0344117573253, "ONE-ELECTRON ENERGY": -343.4953137654066, "TWO-ELECTRON ENERGY": 138.76203584199604, "DFT XC ENERGY": -16.744928368475676, "SCF ITERATION ENERGY": -150.0344117573253, "CURRENT REFERENCE ENERGY": -150.0344117573253, "NUCLEAR REPULSION ENERGY": 71.44379453456096, "SCF DIPOLE Z": 0.0, "CURRENT ENERGY": -150.0344117573253, "DFT FUNCTIONAL TOTAL ENERGY": -150.0344117573253, "SCF TOTAL ENERGY": -150.0344117573253, "SCF N ITERS": 8.0, "CURRENT DIPOLE X": 1.9217221740278114, "CURRENT DIPOLE Z": 0.0, "SCF DIPOLE X": 1.9217221740278114}, "modelchem": "B3LYP/aug-cc-pVDZ", "molecule": "\n  0  1\n  GH(C)       -4.89119351         0.15168886         0.00000000\n  GH(H)       -5.99692859         0.18239314         0.00000000\n  GH(O)       -4.16502480         1.12540358         0.00000000\n  GH(O)       -4.46601853        -1.14087529         0.00000000\n  GH(H)       -3.49177332        -1.11255947         0.00000000\n      C        5.10495503        -0.12588632         0.00000000\n      H        6.20955485        -0.15655909         0.00000000\n      N        4.33254137        -1.16667991         0.00000000\n      H        4.91019302        -2.01389087         0.00000000\n      N        4.59328914         1.15218338         0.00000000\n      H        3.58879137         1.28039339         0.00000000\n      H        5.19724654         1.95996355         0.00000000\n", "output": "", "return_value": -150.0344117573253, "success": true}