{"args": "B3LYP/aug-cc-pVDZ", "driver": "energy", "variables": {"SCF ITERATION ENERGY": -189.7950886325912, "DFT XC ENERGY": -18.834619763161896, "CURRENT DIPOLE X": -0.45185823411088166, "CURRENT REFERENCE ENERGY": -189.7950886325912, "CURRENT DIPOLE Z": 0.0, "TWO-ELECTRON ENERGY": 156.2147735397299, "DFT FUNCTIONAL TOTAL ENERGY": -189.7950886325912, "NUCLEAR REPULSION ENERGY": 69.43198524787485, "CURRENT DIPOLE Y": -1.5308777416392696, "SCF TOTAL ENERGY": -189.7950886325912, "SCF DIPOLE Z": 0.0, "SCF DIPOLE Y": -1.5308777416392696, "DFT TOTAL ENERGY": -189.7950886325912, "ONE-ELECTRON ENERGY": -396.607227657034, "CURRENT ENERGY": -189.7950886325912, "SCF DIPOLE X": -0.45185823411088166, "SCF N ITERS": 8.0}, "success": true, "output": "", "modelchem": "B3LYP/aug-cc-pVDZ", "return_value": -189.7950886325912, "molecule": "\n  0  1\n  GH(C)        2.49138346        -0.20738986         0.00000000\n  GH(H)        3.59280864        -0.29907564         0.00000000\n  GH(O)        1.71273443        -1.14581025         0.00000000\n  GH(O)        2.12758466         1.09795049         0.00000000\n  GH(H)        1.14991023         1.12938889         0.00000000\n      C       -2.49138346         0.20738986         0.00000000\n      H       -3.59280864         0.29907564         0.00000000\n      O       -1.71273443         1.14581025         0.00000000\n      O       -2.12758466        -1.09795049         0.00000000\n      H       -1.14991023        -1.12938889         0.00000000\n", "moleucle_hash": "7f78ed43b5af951c699bd0d50539fba8a9c18e5a", "error": ""}