{"success": true, "error": "", "args": "B3LYP/aug-cc-pVDZ", "molecule": "\n  0  1\n      C       -2.66627924         0.13246574         0.00000000\n      H       -3.77728386         0.18752690         0.00000000\n      O       -1.97376452         1.15272174         0.00000000\n      N       -2.15448827        -1.13525942         0.00000000\n      H       -1.14315421        -1.25838806         0.00000000\n      H       -2.76095466        -1.94449331         0.00000000\n  GH(C)        2.72710220        -0.13482909         0.00000000\n  GH(H)        3.82978184        -0.18947766         0.00000000\n  GH(N)        1.94426866        -1.17439124         0.00000000\n  GH(H)        2.52008027        -2.02303547         0.00000000\n  GH(N)        2.21808889         1.13969445         0.00000000\n  GH(H)        1.21077019         1.27082675         0.00000000\n  GH(H)        2.82358807         1.94643158         0.00000000\n", "return_value": -169.92496817181603, "output": "", "modelchem": "B3LYP/aug-cc-pVDZ", "variables": {"DFT TOTAL ENERGY": -169.92496817181603, "SCF DIPOLE Y": -3.873677508497751, "CURRENT REFERENCE ENERGY": -169.92496817181603, "SCF TOTAL ENERGY": -169.92496817181603, "SCF DIPOLE Z": 0.0, "SCF ITERATION ENERGY": -169.92496817181603, "CURRENT ENERGY": -169.92496817181603, "CURRENT DIPOLE Z": 0.0, "CURRENT DIPOLE X": -1.104366429433265, "SCF DIPOLE X": -1.104366429433265, "ONE-ELECTRON ENERGY": -370.3360510723266, "NUCLEAR REPULSION ENERGY": 70.51246715070165, "SCF N ITERS": 8.0, "TWO-ELECTRON ENERGY": 147.6969268218561, "CURRENT DIPOLE Y": -3.873677508497751, "DFT XC ENERGY": -17.798311072047163, "DFT FUNCTIONAL TOTAL ENERGY": -169.92496817181603}, "driver": "energy", "moleucle_hash": "7fef4a528c8b0128f904345092b4419216242adf"}