{"args": "B3LYP/aug-cc-pVDZ", "error": "", "driver": "energy", "success": true, "output": "", "return_value": -189.79383135567087, "molecule": "\n  0  1\n      C       -2.02654503         0.16495904         0.00000000\n      H       -3.12746053         0.25719799         0.00000000\n      O       -1.31615809         1.16794329         0.00000000\n      O       -1.58476587        -1.09656137         0.00000000\n      H       -0.58990682        -1.08671689         0.00000000\n  GH(C)        2.05914052        -0.17735549         0.00000000\n  GH(H)        3.16555405        -0.27005509         0.00000000\n  GH(O)        1.30164029        -1.16302967         0.00000000\n  GH(N)        1.62857259         1.10890330         0.00000000\n  GH(H)        0.62159334         1.29571943         0.00000000\n  GH(H)        2.29594551         1.86920816         0.00000000\n", "molecule_hash": "80110040e0614679d29c2920fa69352878f205a7", "modelchem": "B3LYP/aug-cc-pVDZ", "variables": {"SCF N ITERS": 8.0, "ONE-ELECTRON ENERGY": -396.6403230743706, "DFT FUNCTIONAL TOTAL ENERGY": -189.79383135567087, "CURRENT REFERENCE ENERGY": -189.79383135567087, "TWO-ELECTRON ENERGY": 156.23788406186935, "DFT TOTAL ENERGY": -189.79383135567087, "SCF DIPOLE X": -0.30513129545003603, "SCF TOTAL ENERGY": -189.79383135567087, "CURRENT DIPOLE Y": -1.73382333764551, "DFT XC ENERGY": -18.830230427676952, "SCF DIPOLE Y": -1.73382333764551, "CURRENT ENERGY": -189.79383135567087, "NUCLEAR REPULSION ENERGY": 69.43883808450734, "SCF DIPOLE Z": 0.0, "CURRENT DIPOLE X": -0.30513129545003603, "SCF ITERATION ENERGY": -189.79383135567087, "CURRENT DIPOLE Z": 0.0}}