{"moleucle_hash": "802c84663f36266a343468b4f1162298248d1ce0", "success": true, "modelchem": "B3LYP/aug-cc-pVDZ", "output": "", "args": "B3LYP/aug-cc-pVDZ", "return_value": -189.79511532149186, "variables": {"SCF N ITERS": 8.0, "CURRENT REFERENCE ENERGY": -189.79511532149186, "SCF DIPOLE X": -0.44103952697166693, "CURRENT ENERGY": -189.79511532149186, "DFT TOTAL ENERGY": -189.79511532149186, "DFT FUNCTIONAL TOTAL ENERGY": -189.79511532149186, "CURRENT DIPOLE Z": 0.0, "NUCLEAR REPULSION ENERGY": 69.42994763149548, "SCF DIPOLE Y": -1.5158577711530266, "TWO-ELECTRON ENERGY": 156.20838454647105, "DFT XC ENERGY": -18.8353846603948, "CURRENT DIPOLE Y": -1.5158577711530266, "CURRENT DIPOLE X": -0.44103952697166693, "SCF ITERATION ENERGY": -189.79511532149186, "ONE-ELECTRON ENERGY": -396.59806283906363, "SCF TOTAL ENERGY": -189.79511532149186, "SCF DIPOLE Z": 0.0}, "molecule": "\n  0  1\n  GH(C)        2.69240165        -0.20242478         0.00000000\n  GH(H)        3.79490134        -0.28531481         0.00000000\n  GH(O)        1.91833290        -1.14219531         0.00000000\n  GH(O)        2.32770522         1.10482267         0.00000000\n  GH(H)        1.35155974         1.13337052         0.00000000\n      C       -2.69240165         0.20242478         0.00000000\n      H       -3.79490134         0.28531481         0.00000000\n      O       -1.91833290         1.14219531         0.00000000\n      O       -2.32770522        -1.10482267         0.00000000\n      H       -1.35155974        -1.13337052         0.00000000\n", "error": "", "driver": "energy"}