{"modelchem": "B3LYP/aug-cc-pVDZ", "variables": {"SCF N ITERS": 8.0, "CURRENT REFERENCE ENERGY": -150.03400329846394, "SCF DIPOLE X": 1.8671996916403013, "SCF DIPOLE Z": 0.0, "CURRENT DIPOLE Z": 0.0, "DFT FUNCTIONAL TOTAL ENERGY": -150.03400329846394, "ONE-ELECTRON ENERGY": -343.4384844587669, "SCF DIPOLE Y": 2.3205178803618507, "CURRENT DIPOLE X": 1.8671996916403013, "NUCLEAR REPULSION ENERGY": 71.40770676529245, "CURRENT ENERGY": -150.03400329846394, "SCF ITERATION ENERGY": -150.03400329846394, "SCF TOTAL ENERGY": -150.03400329846394, "DFT XC ENERGY": -16.73967365633286, "DFT TOTAL ENERGY": -150.03400329846394, "TWO-ELECTRON ENERGY": 138.73644805134333, "CURRENT DIPOLE Y": 2.3205178803618507}, "driver": "energy", "return_value": -150.03400329846394, "output": "", "success": true, "molecule": "\n  0  1\n      C        2.29747604        -0.10772948         0.00000000\n      H        3.39968456        -0.15941244         0.00000000\n      N        1.54604150        -1.17743388         0.00000000\n      H        2.14951038        -2.00594097         0.00000000\n      N        1.74263302         1.14129835         0.00000000\n      H        0.72137666         1.23384217         0.00000000\n      H        2.32599570         1.96451573         0.00000000\n  GH(C)       -2.29747604         0.10772948         0.00000000\n  GH(H)       -3.39968456         0.15941244         0.00000000\n  GH(N)       -1.54604150         1.17743388         0.00000000\n  GH(H)       -2.14951038         2.00594097         0.00000000\n  GH(N)       -1.74263302        -1.14129835         0.00000000\n  GH(H)       -0.72137666        -1.23384217         0.00000000\n  GH(H)       -2.32599570        -1.96451573         0.00000000\n", "moleucle_hash": "808158e40da6684166eecacca4569342d9f1b62c", "args": "B3LYP/aug-cc-pVDZ", "error": ""}