{"return_value": -150.03440844003302, "molecule": "\n  0  1\n  GH(C)        4.99855171        -0.12037120         0.00000000\n  GH(H)        6.10329053        -0.14697466         0.00000000\n  GH(N)        4.23217198        -1.16574424         0.00000000\n  GH(H)        4.81516518        -2.00932380         0.00000000\n  GH(N)        4.47966407         1.15461725         0.00000000\n  GH(H)        3.47428778         1.27673150         0.00000000\n  GH(H)        5.07887010         1.96589319         0.00000000\n      C       -4.99855171         0.12037120         0.00000000\n      H       -6.10329053         0.14697466         0.00000000\n      N       -4.23217198         1.16574424         0.00000000\n      H       -4.81516518         2.00932380         0.00000000\n      N       -4.47966407        -1.15461725         0.00000000\n      H       -3.47428778        -1.27673150         0.00000000\n      H       -5.07887010        -1.96589319         0.00000000\n", "error": "", "success": true, "driver": "energy", "modelchem": "B3LYP/aug-cc-pVDZ", "moleucle_hash": "8091c8e424e6294bd574920fc87982fffad0dcb1", "args": "B3LYP/aug-cc-pVDZ", "output": "", "variables": {"SCF N ITERS": 8.0, "CURRENT DIPOLE X": -1.9098115695156832, "ONE-ELECTRON ENERGY": -343.49572594165136, "DFT XC ENERGY": -16.744910926292377, "DFT FUNCTIONAL TOTAL ENERGY": -150.03440844003302, "CURRENT ENERGY": -150.03440844003302, "NUCLEAR REPULSION ENERGY": 71.44390385624723, "SCF DIPOLE X": -1.9098115695156832, "CURRENT DIPOLE Z": 0.0, "TWO-ELECTRON ENERGY": 138.76232457166347, "SCF DIPOLE Y": -2.1890370879245054, "CURRENT REFERENCE ENERGY": -150.03440844003302, "SCF TOTAL ENERGY": -150.03440844003302, "DFT TOTAL ENERGY": -150.03440844003302, "SCF ITERATION ENERGY": -150.03440844003302, "SCF DIPOLE Z": 0.0, "CURRENT DIPOLE Y": -2.1890370879245054}}