{"molecule_hash": "816a199fe8bea4d53f50d279eada6f7574358dc4", "molecule": "\n  0  1\n      C       -1.82868510         0.13792020         0.00000000\n      H       -2.94280654         0.21653844         0.00000000\n      O       -1.18029155         1.19916421         0.00000000\n      N       -1.42121847        -1.13750418         0.00000000\n      H       -0.38876840        -1.35619673         0.00000000\n      H       -2.14603498        -1.84437855         0.00000000\n  GH(C)        1.86213779        -0.12252360         0.00000000\n  GH(H)        2.96689030        -0.20048072         0.00000000\n  GH(N)        1.19568826        -1.24658561         0.00000000\n  GH(H)        1.86217213        -2.02059464         0.00000000\n  GH(N)        1.41233657         1.14451863         0.00000000\n  GH(H)        0.39516324         1.32705396         0.00000000\n  GH(H)        2.09724900         1.88616308         0.00000000\n", "output": "", "error": "", "success": true, "args": "B3LYP/aug-cc-pVDZ", "return_value": -169.9207892175134, "variables": {"CURRENT DIPOLE Z": 0.0, "CURRENT REFERENCE ENERGY": -169.9207892175134, "SCF DIPOLE Y": -4.163988748948725, "CURRENT DIPOLE Y": -4.163988748948725, "SCF DIPOLE Z": 0.0, "CURRENT ENERGY": -169.9207892175134, "SCF TOTAL ENERGY": -169.9207892175134, "CURRENT DIPOLE X": -1.055097821438764, "ONE-ELECTRON ENERGY": -369.8811592069864, "DFT FUNCTIONAL TOTAL ENERGY": -169.9207892175134, "DFT TOTAL ENERGY": -169.9207892175134, "SCF ITERATION ENERGY": -169.9207892175134, "NUCLEAR REPULSION ENERGY": 70.29293604895554, "DFT XC ENERGY": -17.790014639456537, "TWO-ELECTRON ENERGY": 147.457448579974, "SCF N ITERS": 9.0, "SCF DIPOLE X": -1.055097821438764}, "modelchem": "B3LYP/aug-cc-pVDZ", "driver": "energy"}