{"moleucle_hash": "82480d60c46b6b430466c96118d0d6def20c448d", "driver": "energy", "molecule": "\n  0  1\n  GH(C)       -1.76494924         0.15235779         0.00000000\n  GH(H)       -2.87327871         0.25118115         0.00000000\n  GH(O)       -1.11608332         1.20862564         0.00000000\n  GH(O)       -1.38646683        -1.09127823         0.00000000\n  GH(H)       -0.29340506        -1.17844056         0.00000000\n      C        1.82082566        -0.16736510         0.00000000\n      H        2.92191627        -0.26554301         0.00000000\n      N        1.07144779        -1.23580930         0.00000000\n      H        1.63171355        -2.08650902         0.00000000\n      N        1.45046411         1.12181032         0.00000000\n      H        0.44433636         1.35982341         0.00000000\n      H        2.18036640         1.81973064         0.00000000\n", "return_value": -150.0314613566837, "output": "", "error": "", "variables": {"CURRENT DIPOLE X": 2.01044050171589, "SCF DIPOLE X": 2.01044050171589, "DFT XC ENERGY": -16.74853548531855, "SCF N ITERS": 8.0, "ONE-ELECTRON ENERGY": -343.5504127018971, "SCF DIPOLE Z": 0.0, "NUCLEAR REPULSION ENERGY": 71.49442229088605, "CURRENT ENERGY": -150.0314613566837, "TWO-ELECTRON ENERGY": 138.77306453964584, "SCF DIPOLE Y": 2.461230196337957, "CURRENT DIPOLE Y": 2.461230196337957, "CURRENT REFERENCE ENERGY": -150.0314613566837, "SCF ITERATION ENERGY": -150.0314613566837, "SCF TOTAL ENERGY": -150.0314613566837, "DFT TOTAL ENERGY": -150.0314613566837, "CURRENT DIPOLE Z": 0.0, "DFT FUNCTIONAL TOTAL ENERGY": -150.0314613566837}, "success": true, "modelchem": "B3LYP/aug-cc-pVDZ", "args": "B3LYP/aug-cc-pVDZ"}