{"modelchem": "B3LYP/aug-cc-pVDZ", "output": "", "driver": "energy", "return_value": -150.0338516649916, "variables": {"CURRENT REFERENCE ENERGY": -150.0338516649916, "SCF N ITERS": 8.0, "NUCLEAR REPULSION ENERGY": 71.39518799742231, "SCF DIPOLE Y": -2.3971134117691166, "CURRENT DIPOLE X": -1.8588251796899968, "SCF TOTAL ENERGY": -150.0338516649916, "CURRENT ENERGY": -150.0338516649916, "SCF ITERATION ENERGY": -150.0338516649916, "DFT XC ENERGY": -16.739215502713446, "DFT TOTAL ENERGY": -150.0338516649916, "ONE-ELECTRON ENERGY": -343.40884687496657, "SCF DIPOLE X": -1.8588251796899968, "SCF DIPOLE Z": 0.0, "DFT FUNCTIONAL TOTAL ENERGY": -150.0338516649916, "TWO-ELECTRON ENERGY": 138.71902271526608, "CURRENT DIPOLE Z": 0.0, "CURRENT DIPOLE Y": -2.3971134117691166}, "moleucle_hash": "82b652f9d3ebdb58dd95be5d3902031353d99926", "args": "B3LYP/aug-cc-pVDZ", "success": true, "molecule": "\n  0  1\n  GH(C)        2.14746429        -0.10439674         0.00000000\n  GH(H)        3.25020808        -0.15800548         0.00000000\n  GH(N)        1.41111901        -1.18596705         0.00000000\n  GH(H)        2.02643555        -2.00474792         0.00000000\n  GH(N)        1.60342559         1.14321301         0.00000000\n  GH(H)        0.57725829         1.24942013         0.00000000\n  GH(H)        2.20446212         1.95412762         0.00000000\n      C       -2.14746429         0.10439674         0.00000000\n      H       -3.25020808         0.15800548         0.00000000\n      N       -1.41111901         1.18596705         0.00000000\n      H       -2.02643555         2.00474792         0.00000000\n      N       -1.60342559        -1.14321301         0.00000000\n      H       -0.57725829        -1.24942013         0.00000000\n      H       -2.20446212        -1.95412762         0.00000000\n", "error": ""}