{"modelchem": "B3LYP/aug-cc-pVDZ", "error": "", "success": true, "output": "", "molecule": "\n  0  1\n  GH(C)        3.99646944        -0.16803989         0.00000000\n  GH(H)        5.10156877        -0.21450609         0.00000000\n  GH(O)        3.25414999        -1.12972545         0.00000000\n  GH(O)        3.59284622         1.13117851         0.00000000\n  GH(H)        2.61830479         1.12095879         0.00000000\n      C       -3.99646944         0.16803989         0.00000000\n      H       -5.10156877         0.21450609         0.00000000\n      O       -3.25414999         1.12972545         0.00000000\n      O       -3.59284622        -1.13117851         0.00000000\n      H       -2.61830479        -1.12095879         0.00000000\n", "variables": {"SCF TOTAL ENERGY": -189.79507967585596, "CURRENT DIPOLE X": -0.39164186171581056, "DFT FUNCTIONAL TOTAL ENERGY": -189.79507967585596, "SCF ITERATION ENERGY": -189.79507967585596, "DFT XC ENERGY": -18.836402053608904, "CURRENT ENERGY": -189.79507967585596, "CURRENT REFERENCE ENERGY": -189.79507967585596, "SCF DIPOLE Y": -1.4889066591135247, "CURRENT DIPOLE Z": 0.0, "NUCLEAR REPULSION ENERGY": 69.4349539155138, "TWO-ELECTRON ENERGY": 156.20692186314628, "DFT TOTAL ENERGY": -189.79507967585596, "SCF DIPOLE Z": 0.0, "ONE-ELECTRON ENERGY": -396.60055340090713, "CURRENT DIPOLE Y": -1.4889066591135247, "SCF DIPOLE X": -0.39164186171581056, "SCF N ITERS": 8.0}, "return_value": -189.79507967585596, "args": "B3LYP/aug-cc-pVDZ", "molecule_hash": "82da7bd352872325e63907e839c92720deaef989", "driver": "energy"}