{"return_value": -339.8706376236208, "error": "", "args": "B3LYP/aug-cc-pVDZ", "driver": "energy", "moleucle_hash": "83725f4ec1cb7abb38a02eca7574627dd0036ee1", "success": true, "modelchem": "B3LYP/aug-cc-pVDZ", "molecule": "\n  0  1\n      C        1.94550597        -0.13231698         0.00000000\n      H        3.05506108        -0.20777961         0.00000000\n      O        1.27444696        -1.17984091         0.00000000\n      N        1.46671040         1.12708677         0.00000000\n      H        0.44465999         1.27731960         0.00000000\n      H        2.11884877         1.90053586         0.00000000\n      C       -1.94550597         0.13231698         0.00000000\n      H       -3.05506108         0.20777961         0.00000000\n      O       -1.27444696         1.17984091         0.00000000\n      N       -1.46671040        -1.12708677         0.00000000\n      H       -0.44465999        -1.27731960         0.00000000\n      H       -2.11884877        -1.90053586         0.00000000\n", "output": "", "variables": {"CURRENT DIPOLE Z": 0.0, "SCF DIPOLE X": -2.2575241498401512e-15, "SCF ITERATION ENERGY": -339.8706376236208, "SCF DIPOLE Y": -3.386286224760227e-15, "CURRENT REFERENCE ENERGY": -339.8706376236208, "SCF DIPOLE Z": 0.0, "TWO-ELECTRON ENERGY": 386.89790096171924, "SCF TOTAL ENERGY": -339.8706376236208, "NUCLEAR REPULSION ENERGY": 232.30206865975882, "DFT XC ENERGY": -35.64433016681905, "CURRENT ENERGY": -339.8706376236208, "DFT FUNCTIONAL TOTAL ENERGY": -339.8706376236208, "SCF N ITERS": 8.0, "CURRENT DIPOLE X": -2.2575241498401512e-15, "ONE-ELECTRON ENERGY": -923.4262770782798, "CURRENT DIPOLE Y": -3.386286224760227e-15, "DFT TOTAL ENERGY": -339.8706376236208}}