{"molecule": "\n  0  1\n      C        2.08997101        -0.20499428         0.00000000\n      H        3.18887965        -0.31278045         0.00000000\n      O        1.31635032        -1.15775239         0.00000000\n      O        1.71259791         1.08444718         0.00000000\n      H        0.72653811         1.11533705         0.00000000\n      C       -2.08997101         0.20499428         0.00000000\n      H       -3.18887965         0.31278045         0.00000000\n      O       -1.31635032         1.15775239         0.00000000\n      O       -1.71259791        -1.08444718         0.00000000\n      H       -0.72653811        -1.11533705         0.00000000\n", "variables": {"CURRENT DIPOLE X": -1.0723239711740719e-14, "SCF N ITERS": 8.0, "CURRENT DIPOLE Y": 4.5150482996803025e-15, "SCF TOTAL ENERGY": -379.609789995481, "SCF ITERATION ENERGY": -379.609789995481, "NUCLEAR REPULSION ENERGY": 224.76664877366886, "SCF DIPOLE Y": 4.5150482996803025e-15, "SCF DIPOLE Z": 0.0, "CURRENT DIPOLE Z": 0.0, "DFT FUNCTIONAL TOTAL ENERGY": -379.609789995481, "ONE-ELECTRON ENERGY": -964.8837703629725, "DFT TOTAL ENERGY": -379.609789995481, "SCF DIPOLE X": -1.0723239711740719e-14, "TWO-ELECTRON ENERGY": 398.1901050004634, "DFT XC ENERGY": -37.68277340664071, "CURRENT ENERGY": -379.609789995481, "CURRENT REFERENCE ENERGY": -379.609789995481}, "modelchem": "B3LYP/aug-cc-pVDZ", "return_value": -379.609789995481, "molecule_hash": "83bd73bdbf2ceec4299be92e91cf4943fb6aeccf", "output": "", "error": "", "args": "B3LYP/aug-cc-pVDZ", "success": true, "driver": "energy"}