{"driver": "energy", "modelchem": "B3LYP/aug-cc-pVDZ", "success": true, "variables": {"SCF DIPOLE Z": 0.0, "SCF N ITERS": 10.0, "CURRENT DIPOLE X": 1.1511414319232434, "CURRENT DIPOLE Y": -1.5676157776828141, "SCF DIPOLE X": 1.1511414319232434, "DFT XC ENERGY": -34.54411861689133, "CURRENT REFERENCE ENERGY": -319.9734437446792, "TWO-ELECTRON ENERGY": 360.12935550491284, "DFT TOTAL ENERGY": -319.9734437446792, "SCF DIPOLE Y": -1.5676157776828141, "CURRENT ENERGY": -319.9734437446792, "CURRENT DIPOLE Z": 0.0, "SCF TOTAL ENERGY": -319.9734437446792, "DFT FUNCTIONAL TOTAL ENERGY": -319.9734437446792, "SCF ITERATION ENERGY": -319.9734437446792, "NUCLEAR REPULSION ENERGY": 215.3157189453301, "ONE-ELECTRON ENERGY": -860.8743995780308}, "return_value": -319.9734437446792, "output": "", "args": "B3LYP/aug-cc-pVDZ", "moleucle_hash": "83c0269b2182b0dfe138bd2bc5d5a4a139e206cd", "error": "", "molecule": "\n  0  1\n      C       -2.37001060         0.12298207         0.00000000\n      H       -3.47998730         0.18042379         0.00000000\n      O       -1.68320651         1.15259030         0.00000000\n      N       -1.83827892        -1.13269684         0.00000000\n      H       -0.81940832        -1.23705071         0.00000000\n      H       -2.43438758        -1.94974931         0.00000000\n      C        2.42357564        -0.12508788         0.00000000\n      H        3.52532822        -0.18210400         0.00000000\n      N        1.64921165        -1.17564041         0.00000000\n      H        2.23277319        -2.01853948         0.00000000\n      N        1.89367698         1.13774591         0.00000000\n      H        0.88057502         1.25034358         0.00000000\n      H        2.48658153         1.95391122         0.00000000\n"}