{"molecule": "\n  0  1\n  GH(C)        4.99839541        -0.12669527         0.00000000\n  GH(H)        6.11168302        -0.15491398         0.00000000\n  GH(O)        4.30803664        -1.14211866         0.00000000\n  GH(N)        4.50192844         1.15187623         0.00000000\n  GH(H)        3.49800610         1.29436065         0.00000000\n  GH(H)        5.11998480         1.95244688         0.00000000\n      C       -4.99839541         0.12669527         0.00000000\n      H       -6.11168302         0.15491398         0.00000000\n      O       -4.30803664         1.14211866         0.00000000\n      N       -4.50192844        -1.15187623         0.00000000\n      H       -3.49800610        -1.29436065         0.00000000\n      H       -5.11998480        -1.95244688         0.00000000\n", "moleucle_hash": "843613c9e46341297d4fbc07ce26a44ae4b92d5a", "error": "", "success": true, "driver": "energy", "modelchem": "B3LYP/aug-cc-pVDZ", "output": "", "variables": {"CURRENT ENERGY": -169.92509275691128, "CURRENT DIPOLE X": -1.1078112701412128, "SCF N ITERS": 8.0, "SCF TOTAL ENERGY": -169.92509275691128, "SCF DIPOLE X": -1.1078112701412128, "SCF DIPOLE Y": -3.8406430461005803, "DFT TOTAL ENERGY": -169.92509275691128, "SCF DIPOLE Z": 0.0, "NUCLEAR REPULSION ENERGY": 70.51470037484796, "CURRENT REFERENCE ENERGY": -169.92509275691128, "CURRENT DIPOLE Y": -3.8406430461005803, "TWO-ELECTRON ENERGY": 147.6828197617428, "SCF ITERATION ENERGY": -169.92509275691128, "ONE-ELECTRON ENERGY": -370.3220813511179, "CURRENT DIPOLE Z": 0.0, "DFT XC ENERGY": -17.800531542384146, "DFT FUNCTIONAL TOTAL ENERGY": -169.92509275691128}, "return_value": -169.92509275691128, "args": "B3LYP/aug-cc-pVDZ"}