{"molecule_hash": "844e5cfbc13ef0dc46d3674b93447791f445d12a", "args": "B3LYP/aug-cc-pVDZ", "success": true, "output": "", "driver": "energy", "return_value": -169.92461809227586, "error": "", "molecule": "\n  0  1\n      C        2.14607510        -0.12985845         0.00000000\n      H        3.25466017        -0.19693865         0.00000000\n      O        1.45130851        -1.15890002         0.00000000\n      N        1.63157574         1.12717703         0.00000000\n      H        0.61244489         1.24732130         0.00000000\n      H        2.24305687         1.93302516         0.00000000\n  GH(C)       -2.14607510         0.12985845         0.00000000\n  GH(H)       -3.25466017         0.19693865         0.00000000\n  GH(O)       -1.45130851         1.15890002         0.00000000\n  GH(N)       -1.63157574        -1.12717703         0.00000000\n  GH(H)       -0.61244489        -1.24732130         0.00000000\n  GH(H)       -2.24305687        -1.93302516         0.00000000\n", "variables": {"CURRENT DIPOLE Z": 0.0, "CURRENT DIPOLE X": 1.107521772024395, "DFT FUNCTIONAL TOTAL ENERGY": -169.92461809227586, "TWO-ELECTRON ENERGY": 147.6765310956943, "ONE-ELECTRON ENERGY": -370.2842740130119, "SCF DIPOLE Z": 0.0, "SCF DIPOLE Y": 3.957198791040636, "SCF N ITERS": 8.0, "CURRENT ENERGY": -169.92461809227586, "NUCLEAR REPULSION ENERGY": 70.47830732816996, "DFT XC ENERGY": -17.795182503128235, "CURRENT REFERENCE ENERGY": -169.92461809227586, "DFT TOTAL ENERGY": -169.92461809227586, "SCF ITERATION ENERGY": -169.92461809227586, "SCF TOTAL ENERGY": -169.92461809227586, "SCF DIPOLE X": 1.107521772024395, "CURRENT DIPOLE Y": 3.957198791040636}, "modelchem": "B3LYP/aug-cc-pVDZ"}