{"moleucle_hash": "846aeb51301612baf2d8ebaa70b3bbc9e3e02c2d", "error": "", "output": "", "modelchem": "B3LYP/aug-cc-pVDZ", "return_value": -359.74357768812996, "molecule": "\n  0  1\n      C       -1.92862050         0.16119369         0.00000000\n      H       -3.03011644         0.25790262         0.00000000\n      O       -1.23743130         1.18028070         0.00000000\n      O       -1.49236998        -1.09274175         0.00000000\n      H       -0.48861382        -1.09313129         0.00000000\n      C        1.95643502        -0.17990567         0.00000000\n      H        3.06274786        -0.27703752         0.00000000\n      O        1.20521341        -1.17264505         0.00000000\n      N        1.55000583         1.10795923         0.00000000\n      H        0.54440542         1.31463815         0.00000000\n      H        2.24038620         1.84747610         0.00000000\n", "variables": {"NUCLEAR REPULSION ENERGY": 232.18404485515492, "SCF DIPOLE Z": 0.0, "CURRENT ENERGY": -359.74357768812996, "SCF DIPOLE X": 1.6274851204741159, "TWO-ELECTRON ENERGY": 396.20449225522657, "SCF DIPOLE Y": 2.172734979205334, "CURRENT REFERENCE ENERGY": -359.74357768812996, "CURRENT DIPOLE X": 1.6274851204741159, "SCF N ITERS": 10.0, "CURRENT DIPOLE Y": 2.172734979205334, "DFT FUNCTIONAL TOTAL ENERGY": -359.74357768812996, "ONE-ELECTRON ENERGY": -951.4586982888181, "DFT XC ENERGY": -36.67341650969338, "SCF TOTAL ENERGY": -359.74357768812996, "CURRENT DIPOLE Z": 0.0, "SCF ITERATION ENERGY": -359.74357768812996, "DFT TOTAL ENERGY": -359.74357768812996}, "args": "B3LYP/aug-cc-pVDZ", "driver": "energy", "success": true}