{"args": "B3LYP/aug-cc-pVDZ", "modelchem": "B3LYP/aug-cc-pVDZ", "return_value": -150.03440823929617, "variables": {"CURRENT REFERENCE ENERGY": -150.03440823929617, "CURRENT ENERGY": -150.03440823929617, "CURRENT DIPOLE Z": 0.0, "ONE-ELECTRON ENERGY": -343.49453369974617, "SCF DIPOLE Z": 0.0, "DFT XC ENERGY": -16.744895344873544, "DFT FUNCTIONAL TOTAL ENERGY": -150.03440823929617, "CURRENT DIPOLE X": 1.9127368279877575, "SCF ITERATION ENERGY": -150.03440823929617, "SCF DIPOLE Y": 2.1879632746868833, "TWO-ELECTRON ENERGY": 138.7614885403325, "SCF TOTAL ENERGY": -150.03440823929617, "SCF DIPOLE X": 1.9127368279877575, "DFT TOTAL ENERGY": -150.03440823929617, "NUCLEAR REPULSION ENERGY": 71.44353226499108, "SCF N ITERS": 8.0, "CURRENT DIPOLE Y": 2.1879632746868833}, "molecule": "\n  0  1\n  GH(C)       -4.94051459         0.12561969         0.00000000\n  GH(H)       -6.05385655         0.15311771         0.00000000\n  GH(O)       -4.25179826         1.14206138         0.00000000\n  GH(N)       -4.44195445        -1.15218600         0.00000000\n  GH(H)       -3.43769145        -1.29256009         0.00000000\n  GH(H)       -5.05860183        -1.95380737         0.00000000\n      C        5.05643837        -0.12129136         0.00000000\n      H        6.16113003        -0.14857573         0.00000000\n      N        4.28876097        -1.16580235         0.00000000\n      H        4.87088844        -2.00997853         0.00000000\n      N        4.53935952         1.15434078         0.00000000\n      H        3.53425488         1.27830661         0.00000000\n      H        5.13978851         1.96474473         0.00000000\n", "output": "", "driver": "energy", "success": true, "error": "", "molecule_hash": "84d70db86a4c03fed4548844a2029c3187b4791f"}