{"molecule": "\n  0  1\n  GH(C)       -2.07549477         0.16808404         0.00000000\n  GH(H)       -3.17636801         0.25855097         0.00000000\n  GH(O)       -1.35622177         1.16316834         0.00000000\n  GH(O)       -1.63731502        -1.09834467         0.00000000\n  GH(H)       -0.64583681        -1.08819660         0.00000000\n      C        2.11039579        -0.17590164         0.00000000\n      H        3.21699962        -0.26683949         0.00000000\n      O        1.35401341        -1.16097028         0.00000000\n      N        1.67091982         1.10975954         0.00000000\n      H        0.66372245         1.28959945         0.00000000\n      H        2.33000288         1.87722287         0.00000000\n", "driver": "energy", "error": "", "return_value": -169.92483445011555, "args": "B3LYP/aug-cc-pVDZ", "moleucle_hash": "8588d0fac42bdd3cd72e736afa933999f55e0f5e", "success": true, "output": "", "variables": {"SCF ITERATION ENERGY": -169.92483445011555, "CURRENT DIPOLE Y": 3.8876998746012967, "SCF TOTAL ENERGY": -169.92483445011555, "CURRENT REFERENCE ENERGY": -169.92483445011555, "CURRENT DIPOLE X": 1.3414851333004512, "CURRENT ENERGY": -169.92483445011555, "CURRENT DIPOLE Z": 0.0, "SCF DIPOLE Y": 3.8876998746012967, "DFT XC ENERGY": -17.795811413292093, "TWO-ELECTRON ENERGY": 147.6791057277926, "SCF DIPOLE Z": 0.0, "DFT FUNCTIONAL TOTAL ENERGY": -169.92483445011555, "NUCLEAR REPULSION ENERGY": 70.48816654237908, "SCF DIPOLE X": 1.3414851333004512, "SCF N ITERS": 8.0, "ONE-ELECTRON ENERGY": -370.29629530699515, "DFT TOTAL ENERGY": -169.92483445011555}, "modelchem": "B3LYP/aug-cc-pVDZ"}