{"moleucle_hash": "8665e03700fd99259aa21c86fa2d2df11cb0dbef", "modelchem": "B3LYP/aug-cc-pVDZ", "return_value": -300.0451925071413, "error": "", "args": "B3LYP/aug-cc-pVDZ", "variables": {"CURRENT DIPOLE Y": -3.386286224760227e-15, "ONE-ELECTRON ENERGY": -880.1361554956865, "DFT XC ENERGY": -33.599829761623674, "SCF N ITERS": 8.0, "DFT TOTAL ENERGY": -300.0451925071413, "CURRENT DIPOLE X": -6.772572449520454e-15, "SCF TOTAL ENERGY": -300.0451925071413, "TWO-ELECTRON ENERGY": 374.4303230550996, "NUCLEAR REPULSION ENERGY": 239.26046969506916, "SCF ITERATION ENERGY": -300.0451925071413, "SCF DIPOLE Y": -3.386286224760227e-15, "CURRENT ENERGY": -300.0451925071413, "SCF DIPOLE Z": 0.0, "DFT FUNCTIONAL TOTAL ENERGY": -300.0451925071413, "CURRENT REFERENCE ENERGY": -300.0451925071413, "SCF DIPOLE X": -6.772572449520454e-15, "CURRENT DIPOLE Z": 0.0}, "output": "", "molecule": "\n  0  1\n      C        1.69498253        -0.13051889         0.00000000\n      H        2.80633596        -0.21609653         0.00000000\n      N        1.09905882        -1.29491251         0.00000000\n      H        1.82089470        -2.01478416         0.00000000\n      N        1.37286317         1.16800831         0.00000000\n      H        0.35212595         1.46532985         0.00000000\n      H        2.16581591         1.79503126         0.00000000\n      C       -1.69498253         0.13051889         0.00000000\n      H       -2.80633596         0.21609653         0.00000000\n      N       -1.09905882         1.29491251         0.00000000\n      H       -1.82089470         2.01478416         0.00000000\n      N       -1.37286317        -1.16800831         0.00000000\n      H       -0.35212595        -1.46532985         0.00000000\n      H       -2.16581591        -1.79503126         0.00000000\n", "success": true, "driver": "energy"}