{"success": true, "moleucle_hash": "86b253b5f1421fda4e0d10b46ff8c0b43ee87675", "output": "", "variables": {"SCF TOTAL ENERGY": -150.03193980808422, "SCF DIPOLE X": 1.8536736319152591, "DFT TOTAL ENERGY": -150.03193980808422, "NUCLEAR REPULSION ENERGY": 71.34148563771342, "ONE-ELECTRON ENERGY": -343.27332735296335, "CURRENT DIPOLE Y": 2.5879411835767314, "CURRENT ENERGY": -150.03193980808422, "TWO-ELECTRON ENERGY": 138.63967807454992, "SCF DIPOLE Y": 2.5879411835767314, "CURRENT DIPOLE Z": 0.0, "DFT XC ENERGY": -16.73977616738423, "SCF DIPOLE Z": 0.0, "CURRENT DIPOLE X": 1.8536736319152591, "CURRENT REFERENCE ENERGY": -150.03193980808422, "DFT FUNCTIONAL TOTAL ENERGY": -150.03193980808422, "SCF N ITERS": 8.0, "SCF ITERATION ENERGY": -150.03193980808422}, "driver": "energy", "return_value": -150.03193980808422, "args": "B3LYP/aug-cc-pVDZ", "molecule": "\n  0  1\n      C        1.94713954        -0.10558828         0.00000000\n      H        3.05254284        -0.16553141         0.00000000\n      N        1.25700152        -1.21627302         0.00000000\n      H        1.90673736        -2.00565055         0.00000000\n      N        1.46072682         1.15251669         0.00000000\n      H        0.42859974         1.31294465         0.00000000\n      H        2.12286880         1.91531762         0.00000000\n  GH(C)       -1.94713954         0.10558828         0.00000000\n  GH(H)       -3.05254284         0.16553141         0.00000000\n  GH(N)       -1.25700152         1.21627302         0.00000000\n  GH(H)       -1.90673736         2.00565055         0.00000000\n  GH(N)       -1.46072682        -1.15251669         0.00000000\n  GH(H)       -0.42859974        -1.31294465         0.00000000\n  GH(H)       -2.12286880        -1.91531762         0.00000000\n", "modelchem": "B3LYP/aug-cc-pVDZ", "error": ""}