{"error": "", "return_value": -189.79409312620282, "modelchem": "B3LYP/aug-cc-pVDZ", "success": true, "output": "", "args": "B3LYP/aug-cc-pVDZ", "molecule": "\n  0  1\n  GH(C)        1.93997588        -0.19747119         0.00000000\n  GH(H)        3.03876443        -0.30931746         0.00000000\n  GH(O)        1.18372180        -1.16964417         0.00000000\n  GH(O)        1.56485002         1.08053745         0.00000000\n  GH(H)        0.57046128         1.12083453         0.00000000\n      C       -1.93997588         0.19747119         0.00000000\n      H       -3.03876443         0.30931746         0.00000000\n      O       -1.18372180         1.16964417         0.00000000\n      O       -1.56485002        -1.08053745         0.00000000\n      H       -0.57046128        -1.12083453         0.00000000\n", "variables": {"DFT XC ENERGY": -18.83060417102519, "SCF DIPOLE X": -0.37875698606108815, "CURRENT DIPOLE Y": -1.7736995999230751, "SCF N ITERS": 8.0, "SCF DIPOLE Y": -1.7736995999230751, "CURRENT DIPOLE Z": 0.0, "CURRENT ENERGY": -189.79409312620282, "SCF ITERATION ENERGY": -189.79409312620282, "DFT TOTAL ENERGY": -189.79409312620282, "SCF TOTAL ENERGY": -189.79409312620282, "NUCLEAR REPULSION ENERGY": 69.46242034098893, "TWO-ELECTRON ENERGY": 156.2525636861139, "SCF DIPOLE Z": 0.0, "CURRENT REFERENCE ENERGY": -189.79409312620282, "ONE-ELECTRON ENERGY": -396.6784729822804, "CURRENT DIPOLE X": -0.37875698606108815, "DFT FUNCTIONAL TOTAL ENERGY": -189.79409312620282}, "moleucle_hash": "870a877888823e1819320db55ef9b4d0aeb913de", "driver": "energy"}