{"molecule_hash": "875978029fe739a5ec313be5d47d9d0ba405467e", "driver": "energy", "variables": {"SCF DIPOLE Z": 0.0, "SCF TOTAL ENERGY": -189.79471039548324, "SCF ITERATION ENERGY": -189.79471039548324, "SCF DIPOLE Y": -1.5866498492684133, "CURRENT DIPOLE Z": 0.0, "NUCLEAR REPULSION ENERGY": 69.43148739489197, "SCF N ITERS": 8.0, "SCF DIPOLE X": -0.3709296492966382, "DFT XC ENERGY": -18.832209606912432, "DFT TOTAL ENERGY": -189.79471039548324, "DFT FUNCTIONAL TOTAL ENERGY": -189.79471039548324, "CURRENT DIPOLE X": -0.3709296492966382, "TWO-ELECTRON ENERGY": 156.22564903821367, "CURRENT REFERENCE ENERGY": -189.79471039548324, "ONE-ELECTRON ENERGY": -396.61963722167644, "CURRENT ENERGY": -189.79471039548324, "CURRENT DIPOLE Y": -1.5866498492684133}, "error": "", "output": "", "modelchem": "B3LYP/aug-cc-pVDZ", "args": "B3LYP/aug-cc-pVDZ", "return_value": -189.79471039548324, "molecule": "\n  0  1\n      C       -2.34452726         0.16814176         0.00000000\n      H       -3.44693630         0.24477572         0.00000000\n      O       -1.61510986         1.14962012         0.00000000\n      O       -1.90907877        -1.10941692         0.00000000\n      H       -0.92394094        -1.08850288         0.00000000\n  GH(C)        2.44391781        -0.16472698         0.00000000\n  GH(H)        3.54466133        -0.24124517         0.00000000\n  GH(N)        1.61976719        -1.17478374         0.00000000\n  GH(H)        2.15288994        -2.05011167         0.00000000\n  GH(N)        1.96885825         1.12195665         0.00000000\n  GH(H)        0.96338922         1.27845400         0.00000000\n  GH(H)        2.59632255         1.91191489         0.00000000\n", "success": true}