{"molecule": "\n  0  1\n      C        1.94550597        -0.13231698         0.00000000\n      H        3.05506108        -0.20777961         0.00000000\n      O        1.27444696        -1.17984091         0.00000000\n      N        1.46671040         1.12708677         0.00000000\n      H        0.44465999         1.27731960         0.00000000\n      H        2.11884877         1.90053586         0.00000000\n  GH(C)       -1.94550597         0.13231698         0.00000000\n  GH(H)       -3.05506108         0.20777961         0.00000000\n  GH(O)       -1.27444696         1.17984091         0.00000000\n  GH(N)       -1.46671040        -1.12708677         0.00000000\n  GH(H)       -0.44465999        -1.27731960         0.00000000\n  GH(H)       -2.11884877        -1.90053586         0.00000000\n", "variables": {"DFT XC ENERGY": -17.79540635475686, "NUCLEAR REPULSION ENERGY": 70.44695377191952, "CURRENT REFERENCE ENERGY": -169.92397246852533, "CURRENT ENERGY": -169.92397246852533, "DFT FUNCTIONAL TOTAL ENERGY": -169.92397246852533, "SCF DIPOLE X": 1.0707298011922415, "SCF DIPOLE Y": 4.071387002963647, "SCF ITERATION ENERGY": -169.92397246852533, "CURRENT DIPOLE X": 1.0707298011922415, "CURRENT DIPOLE Y": 4.071387002963647, "SCF DIPOLE Z": 0.0, "DFT TOTAL ENERGY": -169.92397246852533, "TWO-ELECTRON ENERGY": 147.63094753843606, "CURRENT DIPOLE Z": 0.0, "ONE-ELECTRON ENERGY": -370.20646742412407, "SCF TOTAL ENERGY": -169.92397246852533, "SCF N ITERS": 8.0}, "output": "", "error": "", "driver": "energy", "args": "B3LYP/aug-cc-pVDZ", "return_value": -169.92397246852533, "molecule_hash": "8761b3e5828cac279110cbcde6b209441c9f5edd", "modelchem": "B3LYP/aug-cc-pVDZ", "success": true}