{"variables": {"CURRENT DIPOLE Y": 2.223271727765231, "NUCLEAR REPULSION ENERGY": 71.43632978925199, "SCF DIPOLE Z": 0.0, "SCF TOTAL ENERGY": -150.0342970252493, "DFT XC ENERGY": -16.743444276062675, "SCF DIPOLE X": 1.9148864805012784, "SCF DIPOLE Y": 2.223271727765231, "CURRENT DIPOLE Z": 0.0, "SCF ITERATION ENERGY": -150.0342970252493, "CURRENT ENERGY": -150.0342970252493, "CURRENT DIPOLE X": 1.9148864805012784, "TWO-ELECTRON ENERGY": 138.7570030105819, "ONE-ELECTRON ENERGY": -343.48418554902054, "DFT FUNCTIONAL TOTAL ENERGY": -150.03429702524932, "SCF N ITERS": 8.0, "DFT TOTAL ENERGY": -150.03429702524932, "CURRENT REFERENCE ENERGY": -150.0342970252493}, "args": "B3LYP/aug-cc-pVDZ", "driver": "energy", "molecule": "\n  0  1\n      C        2.89724776        -0.12632587         0.00000000\n      H        4.00054647        -0.17443193         0.00000000\n      N        2.12821587        -1.17451446         0.00000000\n      H        2.71529330        -2.01553546         0.00000000\n      N        2.37424699         1.14355972         0.00000000\n      H        1.36542121         1.26070273         0.00000000\n      H        2.97042339         1.95703238         0.00000000\n  GH(C)       -2.89724776         0.12632587         0.00000000\n  GH(H)       -4.00054647         0.17443193         0.00000000\n  GH(N)       -2.12821587         1.17451446         0.00000000\n  GH(H)       -2.71529330         2.01553546         0.00000000\n  GH(N)       -2.37424699        -1.14355972         0.00000000\n  GH(H)       -1.36542121        -1.26070273         0.00000000\n  GH(H)       -2.97042339        -1.95703238         0.00000000\n", "output": "", "modelchem": "B3LYP/aug-cc-pVDZ", "moleucle_hash": "87b7b9d3d7f737fddd6f35842cb16cc15cf3cc21", "success": true, "return_value": -150.0342970252493, "error": ""}