{"modelchem": "B3LYP/aug-cc-pVDZ", "args": "B3LYP/aug-cc-pVDZ", "success": true, "output": "", "error": "", "return_value": -339.85818042336916, "variables": {"ONE-ELECTRON ENERGY": -934.078469708691, "DFT FUNCTIONAL TOTAL ENERGY": -339.85818042336916, "CURRENT DIPOLE X": -1.3545144899040907e-14, "SCF ITERATION ENERGY": -339.85818042336916, "CURRENT ENERGY": -339.85818042336916, "NUCLEAR REPULSION ENERGY": 237.68153218263467, "DFT XC ENERGY": -35.67912623035577, "TWO-ELECTRON ENERGY": 392.217883333043, "CURRENT DIPOLE Z": 0.0, "SCF DIPOLE Z": 0.0, "CURRENT REFERENCE ENERGY": -339.85818042336916, "SCF DIPOLE X": -1.3545144899040907e-14, "SCF DIPOLE Y": -5.6438103746003785e-15, "CURRENT DIPOLE Y": -5.6438103746003785e-15, "DFT TOTAL ENERGY": -339.85818042336916, "SCF N ITERS": 8.0, "SCF TOTAL ENERGY": -339.85818042336916}, "moleucle_hash": "87dd5e1ce005034167c4c88cc1dc0b68a7843beb", "driver": "energy", "molecule": "\n  0  1\n      C        1.79214890        -0.16793868         0.00000000\n      H        2.90351314        -0.27208239         0.00000000\n      O        1.13654074        -1.22317842         0.00000000\n      N        1.41655781         1.11709296         0.00000000\n      H        0.40800979         1.35225476         0.00000000\n      H        2.15197143         1.81156642         0.00000000\n      C       -1.79214890         0.16793868         0.00000000\n      H       -2.90351314         0.27208239         0.00000000\n      O       -1.13654074         1.22317842         0.00000000\n      N       -1.41655781        -1.11709296         0.00000000\n      H       -0.40800979        -1.35225476         0.00000000\n      H       -2.15197143        -1.81156642         0.00000000\n"}