{"variables": {"CURRENT DIPOLE Y": 4.1360847585109, "CURRENT DIPOLE Z": 0.0, "DFT FUNCTIONAL TOTAL ENERGY": -169.92069117406677, "ONE-ELECTRON ENERGY": -369.9183338172658, "CURRENT ENERGY": -169.92069117406677, "SCF ITERATION ENERGY": -169.92069117406677, "SCF TOTAL ENERGY": -169.92069117406677, "DFT TOTAL ENERGY": -169.92069117406677, "SCF DIPOLE Z": 0.0, "CURRENT REFERENCE ENERGY": -169.92069117406677, "CURRENT DIPOLE X": 1.3409339620053962, "SCF DIPOLE Y": 4.1360847585109, "TWO-ELECTRON ENERGY": 147.46429512799267, "SCF DIPOLE X": 1.3409339620053962, "NUCLEAR REPULSION ENERGY": 70.33194828876601, "DFT XC ENERGY": -17.798600773559635, "SCF N ITERS": 9.0}, "error": "", "molecule": "\n  0  1\n  GH(C)       -1.73348582         0.18223355         0.00000000\n  GH(H)       -2.83797096         0.30364160         0.00000000\n  GH(O)       -1.07653282         1.22594575         0.00000000\n  GH(O)       -1.38752757        -1.07701453         0.00000000\n  GH(H)       -0.36204548        -1.15331467         0.00000000\n      C        1.74555921        -0.20019268         0.00000000\n      H        2.85267994        -0.32189045         0.00000000\n      O        1.03958692        -1.22627875         0.00000000\n      N        1.44809759         1.10348563         0.00000000\n      H        0.46246915         1.40389863         0.00000000\n      H        2.22816418         1.74757255         0.00000000\n", "moleucle_hash": "88cdacde2bb0ca584063ebedae493eb12b8debfc", "args": "B3LYP/aug-cc-pVDZ", "success": true, "driver": "energy", "modelchem": "B3LYP/aug-cc-pVDZ", "output": "", "return_value": -169.92069117406677}