{"success": true, "args": "B3LYP/aug-cc-pVDZ", "driver": "energy", "return_value": -150.03438538762316, "modelchem": "B3LYP/aug-cc-pVDZ", "output": "", "variables": {"DFT TOTAL ENERGY": -150.0343853876232, "CURRENT DIPOLE Z": 0.0, "TWO-ELECTRON ENERGY": 138.75595521789398, "SCF ITERATION ENERGY": -150.03438538762316, "SCF N ITERS": 9.0, "SCF DIPOLE Y": 2.1920186705097855, "ONE-ELECTRON ENERGY": -343.4837304539472, "CURRENT DIPOLE X": 1.9407073105269614, "NUCLEAR REPULSION ENERGY": 71.43776882376497, "DFT FUNCTIONAL TOTAL ENERGY": -150.0343853876232, "CURRENT DIPOLE Y": 2.1920186705097855, "SCF DIPOLE X": 1.9407073105269614, "SCF DIPOLE Z": 0.0, "CURRENT ENERGY": -150.03438538762316, "DFT XC ENERGY": -16.744378975334964, "SCF TOTAL ENERGY": -150.03438538762316, "CURRENT REFERENCE ENERGY": -150.03438538762316}, "molecule": "\n  0  1\n  GH(C)       -3.15990010         0.13729708         0.00000000\n  GH(H)       -4.27217260         0.18465048         0.00000000\n  GH(O)       -2.46166577         1.14950598         0.00000000\n  GH(N)       -2.66867708        -1.14125954         0.00000000\n  GH(H)       -1.66354000        -1.28595015         0.00000000\n  GH(H)       -3.28934347        -1.93968912         0.00000000\n      C        3.23430882        -0.13492712         0.00000000\n      H        4.33798775        -0.18191466         0.00000000\n      N        2.45446506        -1.17291481         0.00000000\n      H        3.03058764        -2.02136402         0.00000000\n      N        2.73117559         1.14418616         0.00000000\n      H        1.72670616         1.28092608         0.00000000\n      H        3.34065139         1.94785431         0.00000000\n", "moleucle_hash": "891ec5e190119cb6ceef6ffa14d609a04b5f4db8", "error": ""}