{"driver": "energy", "modelchem": "B3LYP/aug-cc-pVDZ", "args": "B3LYP/aug-cc-pVDZ", "output": "", "success": true, "molecule": "\n  0  1\n      C        1.79035823        -0.18606050         0.00000000\n      H        2.89087214        -0.30042988         0.00000000\n      O        1.07568931        -1.19425943         0.00000000\n      O        1.44185816         1.08049605         0.00000000\n      H        0.43274661         1.15045330         0.00000000\n      C       -1.79035823         0.18606050         0.00000000\n      H       -2.89087214         0.30042988         0.00000000\n      O       -1.07568931         1.19425943         0.00000000\n      O       -1.44185816        -1.08049605         0.00000000\n      H       -0.43274661        -1.15045330         0.00000000\n", "error": "", "return_value": -379.61220949398785, "moleucle_hash": "892b457301c239096b94951d861d362e72fcfcf6", "variables": {"SCF DIPOLE Z": 0.0, "NUCLEAR REPULSION ENERGY": 239.13071851825498, "CURRENT DIPOLE X": -2.5397146685701702e-15, "DFT TOTAL ENERGY": -379.61220949398785, "SCF DIPOLE X": -2.5397146685701702e-15, "SCF TOTAL ENERGY": -379.61220949398785, "SCF ITERATION ENERGY": -379.61220949398785, "ONE-ELECTRON ENERGY": -993.4129894147356, "CURRENT REFERENCE ENERGY": -379.61220949398785, "CURRENT DIPOLE Z": 0.0, "CURRENT ENERGY": -379.61220949398785, "DFT XC ENERGY": -37.74222902104799, "SCF N ITERS": 8.0, "DFT FUNCTIONAL TOTAL ENERGY": -379.61220949398785, "TWO-ELECTRON ENERGY": 412.4122904235408, "CURRENT DIPOLE Y": -1.0158858674280681e-14, "SCF DIPOLE Y": -1.0158858674280681e-14}}