{"variables": {"SCF DIPOLE X": 1.896498406949776, "CURRENT DIPOLE Y": 2.286918893576727, "SCF DIPOLE Z": 0.0, "DFT FUNCTIONAL TOTAL ENERGY": -150.0341878564248, "CURRENT DIPOLE X": 1.896498406949776, "DFT XC ENERGY": -16.741267652197866, "SCF N ITERS": 8.0, "CURRENT REFERENCE ENERGY": -150.0341878564248, "SCF ITERATION ENERGY": -150.0341878564248, "TWO-ELECTRON ENERGY": 138.75280142237582, "CURRENT DIPOLE Z": 0.0, "ONE-ELECTRON ENERGY": -343.4722538735588, "SCF TOTAL ENERGY": -150.0341878564248, "DFT TOTAL ENERGY": -150.0341878564248, "NUCLEAR REPULSION ENERGY": 71.42653224695609, "CURRENT ENERGY": -150.0341878564248, "SCF DIPOLE Y": 2.286918893576727}, "output": "", "molecule": "\n  0  1\n  GH(C)       -2.27098481         0.12071738         0.00000000\n  GH(H)       -3.38079959         0.17880004         0.00000000\n  GH(O)       -1.58441741         1.15276122         0.00000000\n  GH(N)       -1.73927197        -1.13261218         0.00000000\n  GH(H)       -0.71758673        -1.23769913         0.00000000\n  GH(H)       -2.33880523        -1.94731780         0.00000000\n      C        2.32272918        -0.11969671         0.00000000\n      H        3.42422935        -0.17734422         0.00000000\n      N        1.55712717        -1.17831430         0.00000000\n      H        2.14807243        -2.01572191         0.00000000\n      N        1.78379346         1.13726371         0.00000000\n      H        0.76811221         1.24281216         0.00000000\n      H        2.37265274         1.95644249         0.00000000\n", "return_value": -150.0341878564248, "driver": "energy", "modelchem": "B3LYP/aug-cc-pVDZ", "success": true, "molecule_hash": "893bc39208aa57abc04cb7518f1fffa36b26ab29", "args": "B3LYP/aug-cc-pVDZ", "error": ""}