{"output": "", "variables": {"CURRENT ENERGY": -189.78595610908675, "ONE-ELECTRON ENERGY": -396.1867213135116, "SCF TOTAL ENERGY": -189.78595610908675, "CURRENT DIPOLE Y": -2.11425549199656, "DFT FUNCTIONAL TOTAL ENERGY": -189.78595610908675, "DFT TOTAL ENERGY": -189.78595610908675, "CURRENT REFERENCE ENERGY": -189.78595610908675, "TWO-ELECTRON ENERGY": 156.01471128199225, "SCF ITERATION ENERGY": -189.78595610908675, "SCF N ITERS": 8.0, "SCF DIPOLE Y": -2.11425549199656, "CURRENT DIPOLE X": -0.05581272462002835, "CURRENT DIPOLE Z": 0.0, "NUCLEAR REPULSION ENERGY": 69.1985133228329, "SCF DIPOLE Z": 0.0, "SCF DIPOLE X": -0.05581272462002835, "DFT XC ENERGY": -18.812459400400318}, "moleucle_hash": "8abcf823b665765d669d78f5519be12382bcc6c9", "molecule": "\n  0  1\n      C       -1.81131260         0.15832706         0.00000000\n      H       -2.91739607         0.25779849         0.00000000\n      O       -1.14367167         1.19940056         0.00000000\n      O       -1.41977566        -1.09000937         0.00000000\n      H       -0.35849776        -1.15413164         0.00000000\n  GH(C)        1.87381606        -0.17308101         0.00000000\n  GH(H)        2.97427347        -0.27204647         0.00000000\n  GH(N)        1.09844368        -1.22316593         0.00000000\n  GH(H)        1.64649981        -2.08331650         0.00000000\n  GH(N)        1.48635545         1.11647699         0.00000000\n  GH(H)        0.48139283         1.34214247         0.00000000\n  GH(H)        2.19917472         1.83148239         0.00000000\n", "success": true, "error": "", "args": "B3LYP/aug-cc-pVDZ", "driver": "energy", "modelchem": "B3LYP/aug-cc-pVDZ", "return_value": -189.78595610908675}