{"return_value": -169.9247947212492, "molecule_hash": "8b65cb810e2ad0a6faa41daaff6226b051baf697", "variables": {"SCF ITERATION ENERGY": -169.9247947212492, "SCF N ITERS": 8.0, "DFT FUNCTIONAL TOTAL ENERGY": -169.9247947212492, "CURRENT DIPOLE Y": 3.910112816943202, "CURRENT ENERGY": -169.9247947212492, "SCF DIPOLE X": 1.131443759722057, "SCF TOTAL ENERGY": -169.9247947212492, "SCF DIPOLE Y": 3.910112816943202, "TWO-ELECTRON ENERGY": 147.68703226677098, "ONE-ELECTRON ENERGY": -370.3078143969404, "DFT XC ENERGY": -17.796199074683603, "DFT TOTAL ENERGY": -169.9247947212492, "CURRENT DIPOLE Z": 0.0, "CURRENT DIPOLE X": 1.131443759722057, "NUCLEAR REPULSION ENERGY": 70.49218648360379, "SCF DIPOLE Z": 0.0, "CURRENT REFERENCE ENERGY": -169.9247947212492}, "driver": "energy", "output": "", "modelchem": "B3LYP/aug-cc-pVDZ", "success": true, "molecule": "\n  0  1\n      C        2.29604573        -0.13481753         0.00000000\n      H        3.40501312        -0.19993307         0.00000000\n      O        1.59337012        -1.15484644         0.00000000\n      N        1.78457816         1.12819246         0.00000000\n      H        0.76947608         1.25110815         0.00000000\n      H        2.39273653         1.93641581         0.00000000\n  GH(C)       -2.29604573         0.13481753         0.00000000\n  GH(H)       -3.40501312         0.19993307         0.00000000\n  GH(O)       -1.59337012         1.15484644         0.00000000\n  GH(N)       -1.78457816        -1.12819246         0.00000000\n  GH(H)       -0.76947608        -1.25110815         0.00000000\n  GH(H)       -2.39273653        -1.93641581         0.00000000\n", "args": "B3LYP/aug-cc-pVDZ", "error": ""}