{"molecule_hash": "8c415425ec736c7977cbda03ba39d69cf082fd22", "variables": {"CURRENT REFERENCE ENERGY": -319.9763494549621, "ONE-ELECTRON ENERGY": -868.0634969377883, "SCF TOTAL ENERGY": -319.9763494549621, "DFT TOTAL ENERGY": -319.9763494549621, "TWO-ELECTRON ENERGY": 363.73866516306845, "SCF N ITERS": 9.0, "CURRENT ENERGY": -319.9763494549621, "SCF ITERATION ENERGY": -319.9763494549621, "SCF DIPOLE X": 1.174531333495615, "SCF DIPOLE Y": -1.5566799950214882, "DFT FUNCTIONAL TOTAL ENERGY": -319.9763494549621, "SCF DIPOLE Z": 0.0, "CURRENT DIPOLE X": 1.174531333495615, "NUCLEAR REPULSION ENERGY": 218.89644489826708, "CURRENT DIPOLE Y": -1.5566799950214882, "DFT XC ENERGY": -34.547962578509335, "CURRENT DIPOLE Z": 0.0}, "molecule": "\n  0  1\n      C       -2.27098481         0.12071738         0.00000000\n      H       -3.38079959         0.17880004         0.00000000\n      O       -1.58441741         1.15276122         0.00000000\n      N       -1.73927197        -1.13261218         0.00000000\n      H       -0.71758673        -1.23769913         0.00000000\n      H       -2.33880523        -1.94731780         0.00000000\n      C        2.32272918        -0.11969671         0.00000000\n      H        3.42422935        -0.17734422         0.00000000\n      N        1.55712717        -1.17831430         0.00000000\n      H        2.14807243        -2.01572191         0.00000000\n      N        1.78379346         1.13726371         0.00000000\n      H        0.76811221         1.24281216         0.00000000\n      H        2.37265274         1.95644249         0.00000000\n", "driver": "energy", "success": true, "output": "", "error": "", "modelchem": "B3LYP/aug-cc-pVDZ", "args": "B3LYP/aug-cc-pVDZ", "return_value": -319.9763494549621}