{"variables": {"SCF DIPOLE Y": 2.211412674528099, "ONE-ELECTRON ENERGY": -942.4046029745869, "SCF DIPOLE X": 1.4053026243005682, "CURRENT ENERGY": -359.7422036575513, "DFT FUNCTIONAL TOTAL ENERGY": -359.7422036575513, "SCF N ITERS": 10.0, "CURRENT DIPOLE Z": 0.0, "DFT TOTAL ENERGY": -359.7422036575513, "CURRENT DIPOLE X": 1.4053026243005682, "DFT XC ENERGY": -36.65587156975588, "TWO-ELECTRON ENERGY": 391.67451171253464, "SCF DIPOLE Z": 0.0, "SCF ITERATION ENERGY": -359.7422036575513, "NUCLEAR REPULSION ENERGY": 227.64375917425684, "CURRENT REFERENCE ENERGY": -359.7422036575513, "SCF TOTAL ENERGY": -359.7422036575513, "CURRENT DIPOLE Y": 2.211412674528099}, "molecule": "\n  0  1\n      C       -2.02654503         0.16495904         0.00000000\n      H       -3.12746053         0.25719799         0.00000000\n      O       -1.31615809         1.16794329         0.00000000\n      O       -1.58476587        -1.09656137         0.00000000\n      H       -0.58990682        -1.08671689         0.00000000\n      C        2.05914052        -0.17735549         0.00000000\n      H        3.16555405        -0.27005509         0.00000000\n      O        1.30164029        -1.16302967         0.00000000\n      N        1.62857259         1.10890330         0.00000000\n      H        0.62159334         1.29571943         0.00000000\n      H        2.29594551         1.86920816         0.00000000\n", "modelchem": "B3LYP/aug-cc-pVDZ", "driver": "energy", "moleucle_hash": "8c75352cd32667cab8a5a161f1ebb882b06a9577", "return_value": -359.7422036575513, "args": "B3LYP/aug-cc-pVDZ", "error": "", "success": true, "output": ""}