{"error": "", "variables": {"DFT FUNCTIONAL TOTAL ENERGY": -169.92454888294702, "SCF DIPOLE Y": -3.979682650492867, "TWO-ELECTRON ENERGY": 147.67025036227855, "ONE-ELECTRON ENERGY": -370.27265682036074, "CURRENT ENERGY": -169.92454888294702, "SCF DIPOLE X": -1.098005118099549, "DFT XC ENERGY": -17.79496569053477, "SCF ITERATION ENERGY": -169.92454888294702, "SCF N ITERS": 8.0, "CURRENT DIPOLE X": -1.098005118099549, "CURRENT DIPOLE Y": -3.979682650492867, "CURRENT REFERENCE ENERGY": -169.92454888294702, "CURRENT DIPOLE Z": 0.0, "DFT TOTAL ENERGY": -169.92454888294702, "NUCLEAR REPULSION ENERGY": 70.47282326566994, "SCF DIPOLE Z": 0.0, "SCF TOTAL ENERGY": -169.92454888294702}, "moleucle_hash": "8dff90be172f0b56bea273b7995baa5f9c942627", "molecule": "\n  0  1\n  GH(C)        2.09604836        -0.12877408         0.00000000\n  GH(H)        3.20466046        -0.19688344         0.00000000\n  GH(O)        1.40550526        -1.16174638         0.00000000\n  GH(N)        1.58426128         1.12705799         0.00000000\n  GH(H)        0.56383358         1.24955108         0.00000000\n  GH(H)        2.20059240         1.92925606         0.00000000\n      C       -2.09604836         0.12877408         0.00000000\n      H       -3.20466046         0.19688344         0.00000000\n      O       -1.40550526         1.16174638         0.00000000\n      N       -1.58426128        -1.12705799         0.00000000\n      H       -0.56383358        -1.24955108         0.00000000\n      H       -2.20059240        -1.92925606         0.00000000\n", "return_value": -169.92454888294702, "success": true, "driver": "energy", "args": "B3LYP/aug-cc-pVDZ", "output": "", "modelchem": "B3LYP/aug-cc-pVDZ"}