{"modelchem": "B3LYP/aug-cc-pVDZ", "output": "", "moleucle_hash": "8fe46cbe28a69402d4b5f164d141d7ffe38c9268", "return_value": -339.8469297878382, "success": true, "args": "B3LYP/aug-cc-pVDZ", "variables": {"CURRENT REFERENCE ENERGY": -339.8469297878382, "SCF N ITERS": 10.0, "TWO-ELECTRON ENERGY": 372.44886547766646, "CURRENT DIPOLE X": 2.2022810668175214, "CURRENT ENERGY": -339.8469297878382, "DFT XC ENERGY": -35.582033988259845, "ONE-ELECTRON ENERGY": -894.8307851549483, "SCF DIPOLE X": 2.2022810668175214, "SCF DIPOLE Y": 0.5648891347210722, "SCF TOTAL ENERGY": -339.8469297878382, "NUCLEAR REPULSION ENERGY": 218.11702387770356, "SCF DIPOLE Z": 0.0, "CURRENT DIPOLE Y": 0.5648891347210722, "DFT FUNCTIONAL TOTAL ENERGY": -339.8469297878382, "SCF ITERATION ENERGY": -339.8469297878382, "CURRENT DIPOLE Z": 0.0, "DFT TOTAL ENERGY": -339.8469297878382}, "molecule": "\n  0  1\n      C       -2.24680225         0.16448460         0.00000000\n      H       -3.34889590         0.24405206         0.00000000\n      O       -1.52408934         1.15343926         0.00000000\n      O       -1.80181709        -1.10653912         0.00000000\n      H       -0.81274434        -1.08325157         0.00000000\n      C        2.34125676        -0.16675788         0.00000000\n      H        3.44152405        -0.24619349         0.00000000\n      N        1.51181334        -1.17441280         0.00000000\n      H        2.03873187        -2.05311586         0.00000000\n      N        1.86930785         1.11945644         0.00000000\n      H        0.86293152         1.27779567         0.00000000\n      H        2.49986583         1.90702451         0.00000000\n", "error": "", "driver": "energy"}