{"error": "", "driver": "energy", "args": "B3LYP/aug-cc-pVDZ", "moleucle_hash": "8feab3a751e852b207bd8912b602ef3a875172ad", "success": true, "output": "", "modelchem": "B3LYP/aug-cc-pVDZ", "variables": {"SCF N ITERS": 8.0, "SCF DIPOLE Z": 0.0, "CURRENT REFERENCE ENERGY": -189.79115082593202, "SCF DIPOLE Y": -1.979576603243464, "SCF TOTAL ENERGY": -189.79115082593202, "CURRENT DIPOLE Y": -1.979576603243464, "DFT XC ENERGY": -18.827715582242114, "DFT FUNCTIONAL TOTAL ENERGY": -189.79115082593202, "SCF DIPOLE X": -0.13403910096379504, "NUCLEAR REPULSION ENERGY": 69.42869780952901, "CURRENT DIPOLE Z": 0.0, "TWO-ELECTRON ENERGY": 156.2068401189989, "SCF ITERATION ENERGY": -189.79115082593202, "DFT TOTAL ENERGY": -189.79115082593202, "CURRENT ENERGY": -189.79115082593202, "CURRENT DIPOLE X": -0.13403910096379504, "ONE-ELECTRON ENERGY": -396.5989731722178}, "molecule": "\n  0  1\n      C       -1.83088576         0.16446589         0.00000000\n      H       -2.93370803         0.26905294         0.00000000\n      O       -1.15951512         1.19856960         0.00000000\n      O       -1.42420415        -1.08772422         0.00000000\n      H       -0.40924981        -1.11532142         0.00000000\n  GH(C)        1.85258766        -0.18485933         0.00000000\n  GH(H)        2.95926374        -0.28981186         0.00000000\n  GH(O)        1.12048297        -1.19270075         0.00000000\n  GH(N)        1.48618925         1.10754437         0.00000000\n  GH(H)        0.48561914         1.34851310         0.00000000\n  GH(H)        2.21266192         1.81160865         0.00000000\n", "return_value": -189.79115082593202}