{"return_value": -319.97919566981193, "error": "", "moleucle_hash": "904c3a3d12d62512b59cc19cd286846c75532e0c", "modelchem": "B3LYP/aug-cc-pVDZ", "args": "B3LYP/aug-cc-pVDZ", "driver": "energy", "success": true, "variables": {"CURRENT REFERENCE ENERGY": -319.97919566981193, "ONE-ELECTRON ENERGY": -875.7246565767855, "SCF DIPOLE Z": 0.0, "CURRENT DIPOLE X": 1.1768304344732503, "NUCLEAR REPULSION ENERGY": 222.71416709891386, "CURRENT ENERGY": -319.97919566981193, "SCF DIPOLE Y": -1.5425445113011422, "TWO-ELECTRON ENERGY": 367.58667701653235, "CURRENT DIPOLE Z": 0.0, "SCF DIPOLE X": 1.1768304344732503, "SCF ITERATION ENERGY": -319.97919566981193, "SCF N ITERS": 9.0, "DFT XC ENERGY": -34.555383208472655, "CURRENT DIPOLE Y": -1.5425445113011422, "DFT FUNCTIONAL TOTAL ENERGY": -319.97919566981193, "SCF TOTAL ENERGY": -319.97919566981193, "DFT TOTAL ENERGY": -319.97919566981193}, "output": "", "molecule": "\n  0  1\n      C       -2.17188140         0.11988045         0.00000000\n      H       -3.28175966         0.17894887         0.00000000\n      O       -1.48523553         1.15415106         0.00000000\n      N       -1.64740473        -1.13310658         0.00000000\n      H       -0.62269709        -1.24587569         0.00000000\n      H       -2.25726874        -1.94034051         0.00000000\n      C        2.22190118        -0.11395941         0.00000000\n      H        3.32331433        -0.17257731         0.00000000\n      N        1.46969819        -1.18352562         0.00000000\n      H        2.07143556        -2.01270689         0.00000000\n      N        1.67623295         1.13700945         0.00000000\n      H        0.65776551         1.23805882         0.00000000\n      H        2.26434801         1.95686864         0.00000000\n"}