{"output": "", "molecule": "\n  0  1\n  GH(C)        1.99581166        -0.12937222         0.00000000\n  GH(H)        3.10488983        -0.20126473         0.00000000\n  GH(O)        1.31722472        -1.17176432         0.00000000\n  GH(N)        1.50061758         1.12716306         0.00000000\n  GH(H)        0.47842639         1.26369880         0.00000000\n  GH(H)        2.13649227         1.91403520         0.00000000\n      C       -1.99581166         0.12937222         0.00000000\n      H       -3.10488983         0.20126473         0.00000000\n      O       -1.31722472         1.17176432         0.00000000\n      N       -1.50061758        -1.12716306         0.00000000\n      H       -0.47842639        -1.26369880         0.00000000\n      H       -2.13649227        -1.91403520         0.00000000\n", "args": "B3LYP/aug-cc-pVDZ", "return_value": -169.9242781834719, "success": true, "moleucle_hash": "90e54ca027de1b725897b22acd9aa8c632eea08b", "driver": "energy", "error": "", "variables": {"SCF DIPOLE X": -1.078085981856691, "SCF ITERATION ENERGY": -169.9242781834719, "DFT TOTAL ENERGY": -169.9242781834719, "SCF DIPOLE Y": -4.037479439450567, "ONE-ELECTRON ENERGY": -370.23712402509335, "CURRENT ENERGY": -169.9242781834719, "NUCLEAR REPULSION ENERGY": 70.45845934631423, "CURRENT DIPOLE Z": 0.0, "SCF TOTAL ENERGY": -169.9242781834719, "CURRENT DIPOLE Y": -4.037479439450567, "CURRENT REFERENCE ENERGY": -169.9242781834719, "SCF DIPOLE Z": 0.0, "SCF N ITERS": 8.0, "DFT XC ENERGY": -17.795066823144587, "TWO-ELECTRON ENERGY": 147.64945331845183, "DFT FUNCTIONAL TOTAL ENERGY": -169.9242781834719, "CURRENT DIPOLE X": -1.078085981856691}, "modelchem": "B3LYP/aug-cc-pVDZ"}