{"args": "B3LYP/aug-cc-pVDZ", "return_value": -300.08995800509433, "modelchem": "B3LYP/aug-cc-pVDZ", "moleucle_hash": "91372f04b456c1260c69b6fc27ae4d75f521a779", "output": "", "success": true, "molecule": "\n  0  1\n      C        2.04736978        -0.10381896         0.00000000\n      H        3.15111193        -0.15978802         0.00000000\n      N        1.32968607        -1.19773394         0.00000000\n      H        1.95888022        -2.00487461         0.00000000\n      N        1.52453108         1.14670134         0.00000000\n      H        0.49489283         1.27394294         0.00000000\n      H        2.15004136         1.93933564         0.00000000\n      C       -2.04736978         0.10381896         0.00000000\n      H       -3.15111193         0.15978802         0.00000000\n      N       -1.32968607         1.19773394         0.00000000\n      H       -1.95888022         2.00487461         0.00000000\n      N       -1.52453108        -1.14670134         0.00000000\n      H       -0.49489283        -1.27394294         0.00000000\n      H       -2.15004136        -1.93933564         0.00000000\n", "error": "", "variables": {"SCF TOTAL ENERGY": -300.08995800509433, "CURRENT DIPOLE Y": -3.386286224760227e-15, "SCF N ITERS": 9.0, "CURRENT ENERGY": -300.08995800509433, "DFT FUNCTIONAL TOTAL ENERGY": -300.08995800509433, "SCF DIPOLE Z": 0.0, "TWO-ELECTRON ENERGY": 364.20758100178926, "CURRENT REFERENCE ENERGY": -300.08995800509433, "NUCLEAR REPULSION ENERGY": 229.00938305397705, "CURRENT DIPOLE X": 5.418057959616363e-14, "CURRENT DIPOLE Z": 0.0, "SCF ITERATION ENERGY": -300.08995800509433, "SCF DIPOLE Y": -3.386286224760227e-15, "ONE-ELECTRON ENERGY": -859.7790741688148, "DFT XC ENERGY": -33.52784789204581, "DFT TOTAL ENERGY": -300.08995800509433, "SCF DIPOLE X": 5.418057959616363e-14}, "driver": "energy"}