{"error": "", "moleucle_hash": "9185160e677170cd6d72d78356b8d7a190060283", "molecule": "\n  0  1\n  GH(C)        2.39742249        -0.11120861         0.00000000\n  GH(H)        3.49964090        -0.16233693         0.00000000\n  GH(N)        1.64041315        -1.17535654         0.00000000\n  GH(H)        2.23917184        -2.00764182         0.00000000\n  GH(N)        1.84436251         1.14107385         0.00000000\n  GH(H)        0.82590336         1.23313494         0.00000000\n  GH(H)        2.42493207         1.96604670         0.00000000\n      C       -2.39742249         0.11120861         0.00000000\n      H       -3.49964090         0.16233693         0.00000000\n      N       -1.64041315         1.17535654         0.00000000\n      H       -2.23917184         2.00764182         0.00000000\n      N       -1.84436251        -1.14107385         0.00000000\n      H       -0.82590336        -1.23313494         0.00000000\n      H       -2.42493207        -1.96604670         0.00000000\n", "output": "", "modelchem": "B3LYP/aug-cc-pVDZ", "driver": "energy", "success": true, "return_value": -150.03405602053635, "args": "B3LYP/aug-cc-pVDZ", "variables": {"SCF N ITERS": 8.0, "SCF DIPOLE Z": 0.0, "CURRENT DIPOLE Z": 0.0, "CURRENT DIPOLE Y": -2.289338535022051, "ONE-ELECTRON ENERGY": -343.4522849020167, "SCF DIPOLE Y": -2.289338535022051, "CURRENT ENERGY": -150.03405602053635, "SCF TOTAL ENERGY": -150.03405602053635, "NUCLEAR REPULSION ENERGY": 71.4150411790374, "SCF DIPOLE X": -1.874939644822949, "DFT TOTAL ENERGY": -150.03405602053635, "TWO-ELECTRON ENERGY": 138.743507025661, "CURRENT DIPOLE X": -1.874939644822949, "SCF ITERATION ENERGY": -150.03405602053635, "CURRENT REFERENCE ENERGY": -150.03405602053635, "DFT FUNCTIONAL TOTAL ENERGY": -150.03405602053635, "DFT XC ENERGY": -16.74031932321806}}