{"args": "B3LYP/aug-cc-pVDZ", "modelchem": "B3LYP/aug-cc-pVDZ", "driver": "energy", "molecule": "\n  0  1\n  GH(C)        3.49721450        -0.13962406         0.00000000\n  GH(H)        4.60973564        -0.18404076         0.00000000\n  GH(O)        2.79431063        -1.14771035         0.00000000\n  GH(N)        3.01520025         1.14321645         0.00000000\n  GH(H)        2.01252678         1.29808475         0.00000000\n  GH(H)        3.64229745         1.93673374         0.00000000\n      C       -3.49721450         0.13962406         0.00000000\n      H       -4.60973564         0.18404076         0.00000000\n      O       -2.79431063         1.14771035         0.00000000\n      N       -3.01520025        -1.14321645         0.00000000\n      H       -2.01252678        -1.29808475         0.00000000\n      H       -3.64229745        -1.93673374         0.00000000\n", "variables": {"CURRENT DIPOLE X": -1.1541672347930019, "SCF ITERATION ENERGY": -169.9251033118501, "DFT XC ENERGY": -17.800285467452877, "CURRENT DIPOLE Z": 0.0, "CURRENT REFERENCE ENERGY": -169.9251033118501, "SCF DIPOLE X": -1.1541672347930019, "SCF DIPOLE Z": 0.0, "CURRENT ENERGY": -169.9251033118501, "TWO-ELECTRON ENERGY": 147.68319337125666, "SCF DIPOLE Y": -3.838871580135395, "DFT FUNCTIONAL TOTAL ENERGY": -169.9251033118501, "CURRENT DIPOLE Y": -3.838871580135395, "SCF N ITERS": 9.0, "SCF TOTAL ENERGY": -169.9251033118501, "ONE-ELECTRON ENERGY": -370.32083229004087, "DFT TOTAL ENERGY": -169.9251033118501, "NUCLEAR REPULSION ENERGY": 70.51282107438695}, "success": true, "return_value": -169.9251033118501, "output": "", "molecule_hash": "9284ff84f936d1a9dabda8a5ec6292a7108bfd9a", "error": ""}