{"args": "B3LYP/aug-cc-pVDZ", "molecule": "\n  0  1\n      C        2.39092365        -0.20853307         0.00000000\n      H        3.49171140        -0.30454226         0.00000000\n      O        1.61118653        -1.14785646         0.00000000\n      O        2.02488292         1.09452849         0.00000000\n      H        1.04594759         1.12557184         0.00000000\n  GH(C)       -2.39092365         0.20853307         0.00000000\n  GH(H)       -3.49171140         0.30454226         0.00000000\n  GH(O)       -1.61118653         1.14785646         0.00000000\n  GH(O)       -2.02488292        -1.09452849         0.00000000\n  GH(H)       -1.04594759        -1.12557184         0.00000000\n", "molecule_hash": "92e555f5a694412f24704857de9615f4bf38df82", "error": "", "driver": "energy", "success": true, "output": "", "return_value": -189.7950578304332, "modelchem": "B3LYP/aug-cc-pVDZ", "variables": {"SCF ITERATION ENERGY": -189.7950578304332, "CURRENT DIPOLE Z": 0.0, "SCF TOTAL ENERGY": -189.7950578304332, "CURRENT DIPOLE Y": 1.5432681118514953, "CURRENT ENERGY": -189.7950578304332, "CURRENT DIPOLE X": 0.455528257901827, "DFT XC ENERGY": -18.83405979329899, "DFT TOTAL ENERGY": -189.7950578304332, "SCF N ITERS": 8.0, "ONE-ELECTRON ENERGY": -396.61493358476883, "TWO-ELECTRON ENERGY": 156.21982174661073, "SCF DIPOLE Z": 0.0, "DFT FUNCTIONAL TOTAL ENERGY": -189.7950578304332, "CURRENT REFERENCE ENERGY": -189.7950578304332, "SCF DIPOLE X": 0.455528257901827, "SCF DIPOLE Y": 1.5432681118514953, "NUCLEAR REPULSION ENERGY": 69.4341138010239}}