{"molecule": "\n  0  1\n      C       -2.37053947         0.18335144         0.00000000\n      H       -3.47255698         0.26439714         0.00000000\n      O       -1.61858011         1.14618338         0.00000000\n      O       -1.96882669        -1.10687094         0.00000000\n      H       -0.98773609        -1.11271132         0.00000000\n  GH(C)        2.41653317        -0.16870436         0.00000000\n  GH(H)        3.52489949        -0.25021697         0.00000000\n  GH(O)        1.67809174        -1.15922822         0.00000000\n  GH(N)        1.95399445         1.11666331         0.00000000\n  GH(H)        0.94841269         1.28120182         0.00000000\n  GH(H)        2.59207415         1.90149404         0.00000000\n", "variables": {"DFT XC ENERGY": -18.83376413485554, "SCF TOTAL ENERGY": -189.79498684575026, "CURRENT DIPOLE Z": 0.0, "DFT TOTAL ENERGY": -189.79498684575026, "NUCLEAR REPULSION ENERGY": 69.43900063940305, "DFT FUNCTIONAL TOTAL ENERGY": -189.79498684575026, "CURRENT DIPOLE X": -0.4059847435574481, "SCF DIPOLE X": -0.4059847435574481, "SCF N ITERS": 8.0, "CURRENT ENERGY": -189.79498684575026, "CURRENT REFERENCE ENERGY": -189.79498684575026, "SCF ITERATION ENERGY": -189.79498684575026, "SCF DIPOLE Y": -1.5733006185851923, "SCF DIPOLE Z": 0.0, "CURRENT DIPOLE Y": -1.5733006185851923, "TWO-ELECTRON ENERGY": 156.22651031504478, "ONE-ELECTRON ENERGY": -396.62673366534256}, "success": true, "error": "", "return_value": -189.79498684575026, "driver": "energy", "moleucle_hash": "93f893f39ec6c8c757031ef046eb4c419fa8017b", "args": "B3LYP/aug-cc-pVDZ", "modelchem": "B3LYP/aug-cc-pVDZ", "output": ""}