{"variables": {"CURRENT DIPOLE X": -0.37096619104330814, "DFT TOTAL ENERGY": -189.79459442299796, "CURRENT REFERENCE ENERGY": -189.79459442299796, "DFT XC ENERGY": -18.83209646187381, "NUCLEAR REPULSION ENERGY": 69.4401849866671, "SCF TOTAL ENERGY": -189.79459442299796, "SCF DIPOLE Z": 0.0, "DFT FUNCTIONAL TOTAL ENERGY": -189.79459442299796, "CURRENT ENERGY": -189.79459442299796, "ONE-ELECTRON ENERGY": -396.63845914189, "CURRENT DIPOLE Y": -1.6359794517323993, "SCF ITERATION ENERGY": -189.79459442299796, "SCF N ITERS": 8.0, "CURRENT DIPOLE Z": 0.0, "SCF DIPOLE X": -0.37096619104330814, "SCF DIPOLE Y": -1.6359794517323993, "TWO-ELECTRON ENERGY": 156.23577619409872}, "driver": "energy", "success": true, "moleucle_hash": "94c3a0041c244e0fb635514c91177219cde6cae7", "args": "B3LYP/aug-cc-pVDZ", "molecule": "\n  0  1\n      C       -2.17348283         0.17454732         0.00000000\n      H       -3.27458485         0.26172858         0.00000000\n      O       -1.43904397         1.15551433         0.00000000\n      O       -1.74791159        -1.10161980         0.00000000\n      H       -0.76134836        -1.09577404         0.00000000\n  GH(C)        2.21279083        -0.17274192         0.00000000\n  GH(H)        3.31991768        -0.26040021         0.00000000\n  GH(O)        1.46265433        -1.15955428         0.00000000\n  GH(N)        1.75999690         1.11191304         0.00000000\n  GH(H)        0.75279213         1.28183397         0.00000000\n  GH(H)        2.40708847         1.88942849         0.00000000\n", "return_value": -189.79459442299796, "modelchem": "B3LYP/aug-cc-pVDZ", "output": "", "error": ""}