{"args": "B3LYP/aug-cc-pVDZ", "output": "", "moleucle_hash": "94e8dd048319da34f1d712c56f1f6cdef7e27c9d", "return_value": -150.0328467573833, "modelchem": "B3LYP/aug-cc-pVDZ", "variables": {"CURRENT REFERENCE ENERGY": -150.0328467573833, "SCF ITERATION ENERGY": -150.0328467573833, "CURRENT DIPOLE Z": 0.0, "SCF DIPOLE Y": 2.5304835073147007, "SCF DIPOLE X": 1.8535853544648553, "DFT FUNCTIONAL TOTAL ENERGY": -150.0328467573833, "CURRENT ENERGY": -150.0328467573833, "NUCLEAR REPULSION ENERGY": 71.36468653560621, "SCF TOTAL ENERGY": -150.0328467573833, "CURRENT DIPOLE X": 1.8535853544648553, "ONE-ELECTRON ENERGY": -343.3299514887636, "SCF N ITERS": 8.0, "DFT XC ENERGY": -16.73963907642736, "TWO-ELECTRON ENERGY": 138.6720572722014, "DFT TOTAL ENERGY": -150.0328467573833, "CURRENT DIPOLE Y": 2.5304835073147007, "SCF DIPOLE Z": 0.0}, "error": "", "driver": "energy", "molecule": "\n  0  1\n      C        1.99727808        -0.10431489         0.00000000\n      H        3.10176903        -0.16200082         0.00000000\n      N        1.29228783        -1.20609151         0.00000000\n      H        1.93090747        -2.00517101         0.00000000\n      N        1.49059653         1.14934169         0.00000000\n      H        0.45949690         1.29156428         0.00000000\n      H        2.13289668         1.92867591         0.00000000\n  GH(C)       -1.99727808         0.10431489         0.00000000\n  GH(H)       -3.10176903         0.16200082         0.00000000\n  GH(N)       -1.29228783         1.20609151         0.00000000\n  GH(H)       -1.93090747         2.00517101         0.00000000\n  GH(N)       -1.49059653        -1.14934169         0.00000000\n  GH(H)       -0.45949690        -1.29156428         0.00000000\n  GH(H)       -2.13289668        -1.92867591         0.00000000\n", "success": true}