{"error": "", "success": true, "variables": {"CURRENT ENERGY": -339.8434515755274, "DFT FUNCTIONAL TOTAL ENERGY": -339.8434515755274, "SCF DIPOLE X": 2.075183484542801, "CURRENT DIPOLE Y": 0.5984061147852955, "NUCLEAR REPULSION ENERGY": 214.45680621785962, "TWO-ELECTRON ENERGY": 368.76090161127007, "SCF DIPOLE Z": 0.0, "SCF N ITERS": 10.0, "SCF ITERATION ENERGY": -339.8434515755274, "DFT TOTAL ENERGY": -339.8434515755274, "CURRENT DIPOLE Z": 0.0, "CURRENT DIPOLE X": 2.075183484542801, "ONE-ELECTRON ENERGY": -887.4818908464005, "CURRENT REFERENCE ENERGY": -339.8434515755274, "DFT XC ENERGY": -35.57926855825664, "SCF DIPOLE Y": 0.5984061147852955, "SCF TOTAL ENERGY": -339.8434515755274}, "moleucle_hash": "957798531f973e521a5e1bcb8cc097d6e5272e5f", "output": "", "return_value": -339.8434515755274, "driver": "energy", "molecule": "\n  0  1\n      C       -2.34452726         0.16814176         0.00000000\n      H       -3.44693630         0.24477572         0.00000000\n      O       -1.61510986         1.14962012         0.00000000\n      O       -1.90907877        -1.10941692         0.00000000\n      H       -0.92394094        -1.08850288         0.00000000\n      C        2.44391781        -0.16472698         0.00000000\n      H        3.54466133        -0.24124517         0.00000000\n      N        1.61976719        -1.17478374         0.00000000\n      H        2.15288994        -2.05011167         0.00000000\n      N        1.96885825         1.12195665         0.00000000\n      H        0.96338922         1.27845400         0.00000000\n      H        2.59632255         1.91191489         0.00000000\n", "args": "B3LYP/aug-cc-pVDZ", "modelchem": "B3LYP/aug-cc-pVDZ"}