{"molecule": "\n  0  1\n  GH(C)       -2.05155512         0.15829850         0.00000000\n  GH(H)       -3.15369321         0.24486622         0.00000000\n  GH(O)       -1.34536667         1.16523819         0.00000000\n  GH(O)       -1.60135034        -1.09941548         0.00000000\n  GH(H)       -0.59665904        -1.08819693         0.00000000\n      C        2.13554958        -0.17057869         0.00000000\n      H        3.23507103        -0.25694088         0.00000000\n      N        1.30498819        -1.18028525         0.00000000\n      H        1.82500469        -2.06170111         0.00000000\n      N        1.67894465         1.11473347         0.00000000\n      H        0.67115531         1.28502625         0.00000000\n      H        2.32574278         1.88931006         0.00000000\n", "args": "B3LYP/aug-cc-pVDZ", "driver": "energy", "return_value": -150.03451087056686, "modelchem": "B3LYP/aug-cc-pVDZ", "output": "", "variables": {"TWO-ELECTRON ENERGY": 138.79318179870774, "DFT TOTAL ENERGY": -150.03451087056686, "CURRENT DIPOLE Y": 2.1683914621516243, "CURRENT REFERENCE ENERGY": -150.03451087056686, "ONE-ELECTRON ENERGY": -343.55313821656284, "CURRENT ENERGY": -150.03451087056686, "SCF TOTAL ENERGY": -150.03451087056686, "CURRENT DIPOLE Z": 0.0, "NUCLEAR REPULSION ENERGY": 71.46764546071829, "SCF N ITERS": 8.0, "SCF DIPOLE Z": 0.0, "SCF DIPOLE Y": 2.1683914621516243, "DFT XC ENERGY": -16.742199913430053, "SCF DIPOLE X": 2.02253889419822, "DFT FUNCTIONAL TOTAL ENERGY": -150.03451087056686, "SCF ITERATION ENERGY": -150.03451087056686, "CURRENT DIPOLE X": 2.02253889419822}, "error": "", "molecule_hash": "96a324ef45a94628e3a1822854107afc4d980c1b", "success": true}