{"modelchem": "B3LYP/aug-cc-pVDZ", "error": "", "moleucle_hash": "9711153dfbeb98d06677e82176f349bebc501403", "success": true, "args": "B3LYP/aug-cc-pVDZ", "return_value": -189.79509282895475, "molecule": "\n  0  1\n  GH(C)        3.49547568        -0.17791547         0.00000000\n  GH(H)        4.60006941        -0.23413795         0.00000000\n  GH(O)        2.74388512        -1.13278853         0.00000000\n  GH(O)        3.10454835         1.12465267         0.00000000\n  GH(H)        2.12977769         1.12626632         0.00000000\n      C       -3.49547568         0.17791547         0.00000000\n      H       -4.60006941         0.23413795         0.00000000\n      O       -2.74388512         1.13278853         0.00000000\n      O       -3.10454835        -1.12465267         0.00000000\n      H       -2.12977769        -1.12626632         0.00000000\n", "output": "", "variables": {"SCF TOTAL ENERGY": -189.79509282895475, "CURRENT REFERENCE ENERGY": -189.79509282895475, "DFT XC ENERGY": -18.836348172907073, "CURRENT ENERGY": -189.79509282895475, "CURRENT DIPOLE Z": 0.0, "SCF DIPOLE X": -0.4044025933060668, "SCF DIPOLE Z": 0.0, "CURRENT DIPOLE Y": -1.4933641062604506, "SCF N ITERS": 8.0, "ONE-ELECTRON ENERGY": -396.5988458645216, "TWO-ELECTRON ENERGY": 156.20659705009834, "NUCLEAR REPULSION ENERGY": 69.43350415837558, "DFT TOTAL ENERGY": -189.79509282895475, "CURRENT DIPOLE X": -0.4044025933060668, "DFT FUNCTIONAL TOTAL ENERGY": -189.79509282895475, "SCF DIPOLE Y": -1.4933641062604506, "SCF ITERATION ENERGY": -189.79509282895475}, "driver": "energy"}