{"moleucle_hash": "977731dd6cdc8392529cef748ceb814bf0651f4c", "molecule": "\n  0  1\n      C       -2.66850366         0.18514825         0.00000000\n      H       -3.77181125         0.25702537         0.00000000\n      O       -1.91234427         1.14028296         0.00000000\n      O       -2.28050679        -1.11367376         0.00000000\n      H       -1.30314992        -1.12550085         0.00000000\n      C        2.72007445        -0.16590118         0.00000000\n      H        3.83020333        -0.23822269         0.00000000\n      O        1.98935069        -1.15730079         0.00000000\n      N        2.26253222         1.12413593         0.00000000\n      H        1.26110058         1.29739823         0.00000000\n      H        2.90434733         1.90588628         0.00000000\n", "error": "", "args": "B3LYP/aug-cc-pVDZ", "return_value": -359.72632779838364, "modelchem": "B3LYP/aug-cc-pVDZ", "success": true, "variables": {"CURRENT DIPOLE Y": 2.286373946360599, "SCF DIPOLE Z": 0.0, "DFT TOTAL ENERGY": -359.72632779838364, "CURRENT REFERENCE ENERGY": -359.72632779838364, "CURRENT DIPOLE Z": 0.0, "CURRENT ENERGY": -359.72632779838364, "NUCLEAR REPULSION ENERGY": 204.21761684510292, "TWO-ELECTRON ENERGY": 368.217255163048, "SCF TOTAL ENERGY": -359.72632779838364, "SCF DIPOLE X": 0.9025671427995999, "ONE-ELECTRON ENERGY": -895.5255306934181, "CURRENT DIPOLE X": 0.9025671427995999, "SCF N ITERS": 10.0, "SCF ITERATION ENERGY": -359.72632779838364, "SCF DIPOLE Y": 2.286373946360599, "DFT XC ENERGY": -36.635669113116464, "DFT FUNCTIONAL TOTAL ENERGY": -359.72632779838364}, "output": "", "driver": "energy"}