{"error": "", "success": true, "driver": "energy", "modelchem": "B3LYP/aug-cc-pVDZ", "output": "", "args": "B3LYP/aug-cc-pVDZ", "molecule_hash": "98b4816aacaf4d7484d124b9904c98c3518b0f96", "variables": {"SCF DIPOLE Z": 0.0, "SCF TOTAL ENERGY": -169.92496905928004, "DFT FUNCTIONAL TOTAL ENERGY": -169.92496905928004, "DFT TOTAL ENERGY": -169.92496905928004, "CURRENT DIPOLE Z": 0.0, "DFT XC ENERGY": -17.797722100086585, "SCF ITERATION ENERGY": -169.92496905928004, "SCF N ITERS": 8.0, "CURRENT ENERGY": -169.92496905928004, "TWO-ELECTRON ENERGY": 147.6905400820073, "NUCLEAR REPULSION ENERGY": 70.50390115194453, "SCF DIPOLE X": 1.157014168655016, "CURRENT DIPOLE Y": 3.8762186649606503, "CURRENT REFERENCE ENERGY": -169.92496905928004, "SCF DIPOLE Y": 3.8762186649606503, "ONE-ELECTRON ENERGY": -370.3216881931453, "CURRENT DIPOLE X": 1.157014168655016}, "molecule": "\n  0  1\n      C        2.49599331        -0.14149026         0.00000000\n      H        3.60589309        -0.20440710         0.00000000\n      O        1.78830561        -1.15373352         0.00000000\n      N        1.99827465         1.13031983         0.00000000\n      H        0.98820948         1.26676542         0.00000000\n      H        2.61374032         1.93291817         0.00000000\n  GH(C)       -2.49599331         0.14149026         0.00000000\n  GH(H)       -3.60589309         0.20440710         0.00000000\n  GH(O)       -1.78830561         1.15373352         0.00000000\n  GH(N)       -1.99827465        -1.13031983         0.00000000\n  GH(H)       -0.98820948        -1.26676542         0.00000000\n  GH(H)       -2.61374032        -1.93291817         0.00000000\n", "return_value": -169.92496905928004}