{"driver": "energy", "args": "B3LYP/aug-cc-pVDZ", "return_value": -189.79471128380584, "output": "", "variables": {"SCF DIPOLE X": -0.44068367691301114, "SCF TOTAL ENERGY": -189.79471128380584, "CURRENT DIPOLE X": -0.44068367691301114, "SCF DIPOLE Y": -1.6407547022253888, "NUCLEAR REPULSION ENERGY": 69.44786994958933, "CURRENT ENERGY": -189.79471128380584, "SCF DIPOLE Z": 0.0, "CURRENT DIPOLE Y": -1.6407547022253888, "CURRENT REFERENCE ENERGY": -189.79471128380584, "DFT XC ENERGY": -18.831854507360166, "DFT TOTAL ENERGY": -189.79471128380584, "ONE-ELECTRON ENERGY": -396.65295792307006, "SCF N ITERS": 8.0, "DFT FUNCTIONAL TOTAL ENERGY": -189.79471128380584, "TWO-ELECTRON ENERGY": 156.24223119703504, "SCF ITERATION ENERGY": -189.79471128380584, "CURRENT DIPOLE Z": 0.0}, "modelchem": "B3LYP/aug-cc-pVDZ", "moleucle_hash": "9c5b251eb1e52bbeb32d883eee5d4f3ede413cb2", "error": "", "molecule": "\n  0  1\n  GH(C)        2.08997101        -0.20499428         0.00000000\n  GH(H)        3.18887965        -0.31278045         0.00000000\n  GH(O)        1.31635032        -1.15775239         0.00000000\n  GH(O)        1.71259791         1.08444718         0.00000000\n  GH(H)        0.72653811         1.11533705         0.00000000\n      C       -2.08997101         0.20499428         0.00000000\n      H       -3.18887965         0.31278045         0.00000000\n      O       -1.31635032         1.15775239         0.00000000\n      O       -1.71259791        -1.08444718         0.00000000\n      H       -0.72653811        -1.11533705         0.00000000\n", "success": true}