{"driver": "energy", "moleucle_hash": "9de882b420108a5dc4e193030e313e40f7546090", "args": "B3LYP/aug-cc-pVDZ", "return_value": -339.8642106321634, "success": true, "output": "", "molecule": "\n  0  1\n      C        1.84396206        -0.14934877         0.00000000\n      H        2.95481237        -0.23932033         0.00000000\n      O        1.18668392        -1.20479449         0.00000000\n      N        1.42230702         1.12368101         0.00000000\n      H        0.40573498         1.32114549         0.00000000\n      H        2.12347975         1.85285206         0.00000000\n      C       -1.84396206         0.14934877         0.00000000\n      H       -2.95481237         0.23932033         0.00000000\n      O       -1.18668392         1.20479449         0.00000000\n      N       -1.42230702        -1.12368101         0.00000000\n      H       -0.40573498        -1.32114549         0.00000000\n      H       -2.12347975        -1.85285206         0.00000000\n", "variables": {"CURRENT ENERGY": -339.8642106321634, "SCF ITERATION ENERGY": -339.8642106321634, "CURRENT DIPOLE Y": 4.5150482996803025e-15, "DFT XC ENERGY": -35.66760205091556, "SCF N ITERS": 8.0, "CURRENT REFERENCE ENERGY": -339.8642106321634, "DFT FUNCTIONAL TOTAL ENERGY": -339.8642106321634, "NUCLEAR REPULSION ENERGY": 236.03200309263312, "CURRENT DIPOLE X": 6.772572449520454e-15, "SCF DIPOLE X": 6.772572449520454e-15, "TWO-ELECTRON ENERGY": 390.59425428992705, "DFT TOTAL ENERGY": -339.8642106321634, "SCF TOTAL ENERGY": -339.8642106321634, "SCF DIPOLE Y": 4.5150482996803025e-15, "ONE-ELECTRON ENERGY": -930.822865963808, "CURRENT DIPOLE Z": 0.0, "SCF DIPOLE Z": 0.0}, "modelchem": "B3LYP/aug-cc-pVDZ", "error": ""}