{"molecule": "\n  0  1\n  GH(C)        2.09742845        -0.10390077         0.00000000\n  GH(H)        3.20059131        -0.15854840         0.00000000\n  GH(N)        1.36932506        -1.19108785         0.00000000\n  GH(H)        1.99079936        -2.00473399         0.00000000\n  GH(N)        1.56227621         1.14466550         0.00000000\n  GH(H)        0.53433608         1.25999374         0.00000000\n  GH(H)        2.17408498         1.94769642         0.00000000\n      C       -2.09742845         0.10390077         0.00000000\n      H       -3.20059131         0.15854840         0.00000000\n      N       -1.36932506         1.19108785         0.00000000\n      H       -1.99079936         2.00473399         0.00000000\n      N       -1.56227621        -1.14466550         0.00000000\n      H       -0.53433608        -1.25999374         0.00000000\n      H       -2.17408498        -1.94769642         0.00000000\n", "moleucle_hash": "9e3ed1b244e54615e3e9356eb99388130aa8788a", "success": true, "modelchem": "B3LYP/aug-cc-pVDZ", "variables": {"CURRENT DIPOLE Y": -2.4344298040113825, "DFT XC ENERGY": -16.7392707585885, "CURRENT REFERENCE ENERGY": -150.033693223156, "DFT FUNCTIONAL TOTAL ENERGY": -150.033693223156, "TWO-ELECTRON ENERGY": 138.70892909177536, "SCF DIPOLE Z": 0.0, "CURRENT DIPOLE X": -1.8565956893254387, "NUCLEAR REPULSION ENERGY": 71.38901927417989, "DFT TOTAL ENERGY": -150.033693223156, "CURRENT ENERGY": -150.033693223156, "SCF TOTAL ENERGY": -150.033693223156, "SCF DIPOLE Y": -2.4344298040113825, "ONE-ELECTRON ENERGY": -343.39237083052274, "SCF ITERATION ENERGY": -150.033693223156, "SCF DIPOLE X": -1.8565956893254387, "CURRENT DIPOLE Z": 0.0, "SCF N ITERS": 8.0}, "error": "", "args": "B3LYP/aug-cc-pVDZ", "output": "", "return_value": -150.033693223156, "driver": "energy"}