{"return_value": -169.92454888297223, "output": "", "variables": {"NUCLEAR REPULSION ENERGY": 70.47282326566993, "ONE-ELECTRON ENERGY": -370.2726568203684, "TWO-ELECTRON ENERGY": 147.6702503622622, "DFT TOTAL ENERGY": -169.92454888297223, "SCF DIPOLE Y": 3.9796826504212883, "CURRENT DIPOLE Y": 3.9796826504212883, "CURRENT DIPOLE Z": 0.0, "SCF N ITERS": 8.0, "CURRENT REFERENCE ENERGY": -169.92454888297223, "SCF DIPOLE X": 1.0980051181077484, "SCF ITERATION ENERGY": -169.92454888297223, "CURRENT ENERGY": -169.92454888297223, "DFT XC ENERGY": -17.79496569053598, "CURRENT DIPOLE X": 1.0980051181077484, "DFT FUNCTIONAL TOTAL ENERGY": -169.92454888297223, "SCF DIPOLE Z": 0.0, "SCF TOTAL ENERGY": -169.92454888297223}, "error": "", "moleucle_hash": "9efbf9043afdf4e050812fe1b4898db56523e816", "modelchem": "B3LYP/aug-cc-pVDZ", "molecule": "\n  0  1\n      C        2.09604836        -0.12877408         0.00000000\n      H        3.20466046        -0.19688344         0.00000000\n      O        1.40550526        -1.16174638         0.00000000\n      N        1.58426128         1.12705799         0.00000000\n      H        0.56383358         1.24955108         0.00000000\n      H        2.20059240         1.92925606         0.00000000\n  GH(C)       -2.09604836         0.12877408         0.00000000\n  GH(H)       -3.20466046         0.19688344         0.00000000\n  GH(O)       -1.40550526         1.16174638         0.00000000\n  GH(N)       -1.58426128        -1.12705799         0.00000000\n  GH(H)       -0.56383358        -1.24955108         0.00000000\n  GH(H)       -2.20059240        -1.92925606         0.00000000\n", "success": true, "driver": "energy", "args": "B3LYP/aug-cc-pVDZ"}