{"variables": {"TWO-ELECTRON ENERGY": 147.59318536840507, "CURRENT DIPOLE X": 1.3441520162503315, "DFT FUNCTIONAL TOTAL ENERGY": -169.9236369071133, "DFT XC ENERGY": -17.797370833862672, "CURRENT ENERGY": -169.92363690711326, "NUCLEAR REPULSION ENERGY": 70.42973314985883, "CURRENT DIPOLE Y": 4.0489919966475405, "SCF DIPOLE X": 1.3441520162503315, "SCF DIPOLE Y": 4.0489919966475405, "DFT TOTAL ENERGY": -169.9236369071133, "SCF TOTAL ENERGY": -169.92363690711326, "CURRENT REFERENCE ENERGY": -169.92363690711326, "CURRENT DIPOLE Z": 0.0, "SCF N ITERS": 9.0, "SCF DIPOLE Z": 0.0, "SCF ITERATION ENERGY": -169.92363690711326, "ONE-ELECTRON ENERGY": -370.14918459151454}, "modelchem": "B3LYP/aug-cc-pVDZ", "molecule": "\n  0  1\n  GH(C)       -1.83088576         0.16446589         0.00000000\n  GH(H)       -2.93370803         0.26905294         0.00000000\n  GH(O)       -1.15951512         1.19856960         0.00000000\n  GH(O)       -1.42420415        -1.08772422         0.00000000\n  GH(H)       -0.40924981        -1.11532142         0.00000000\n      C        1.85258766        -0.18485933         0.00000000\n      H        2.95926374        -0.28981186         0.00000000\n      O        1.12048297        -1.19270075         0.00000000\n      N        1.48618925         1.10754437         0.00000000\n      H        0.48561914         1.34851310         0.00000000\n      H        2.21266192         1.81160865         0.00000000\n", "success": true, "args": "B3LYP/aug-cc-pVDZ", "output": "", "driver": "energy", "error": "", "moleucle_hash": "a03874c59b34839b3ba5ec600eaba13af5f653d3", "return_value": -169.92363690711326}