{"molecule": "\n  0  1\n      C        1.93997588        -0.19747119         0.00000000\n      H        3.03876443        -0.30931746         0.00000000\n      O        1.18372180        -1.16964417         0.00000000\n      O        1.56485002         1.08053745         0.00000000\n      H        0.57046128         1.12083453         0.00000000\n      C       -1.93997588         0.19747119         0.00000000\n      H       -3.03876443         0.30931746         0.00000000\n      O       -1.18372180         1.16964417         0.00000000\n      O       -1.56485002        -1.08053745         0.00000000\n      H       -0.57046128        -1.12083453         0.00000000\n", "modelchem": "B3LYP/aug-cc-pVDZ", "args": "B3LYP/aug-cc-pVDZ", "return_value": -379.61459904349124, "output": "", "error": "", "driver": "energy", "success": true, "variables": {"SCF DIPOLE Y": -2.2575241498401512e-15, "SCF TOTAL ENERGY": -379.61459904349124, "DFT TOTAL ENERGY": -379.61459904349124, "CURRENT REFERENCE ENERGY": -379.61459904349124, "DFT FUNCTIONAL TOTAL ENERGY": -379.61459904349124, "ONE-ELECTRON ENERGY": -979.2753979336055, "SCF ITERATION ENERGY": -379.61459904349124, "SCF DIPOLE Z": 0.0, "CURRENT DIPOLE Y": -2.2575241498401512e-15, "SCF DIPOLE X": 1.6931431123801134e-14, "SCF N ITERS": 8.0, "CURRENT DIPOLE Z": 0.0, "NUCLEAR REPULSION ENERGY": 231.99257052755712, "CURRENT ENERGY": -379.61459904349124, "DFT XC ENERGY": -37.70394953586947, "TWO-ELECTRON ENERGY": 405.3721778984267, "CURRENT DIPOLE X": 1.6931431123801134e-14}, "moleucle_hash": "a1957057ddbd655db3b03b1347c93d7fc153f7ac"}