{"variables": {"CURRENT REFERENCE ENERGY": -150.03421582617386, "CURRENT DIPOLE Z": 0.0, "SCF DIPOLE Z": 0.0, "CURRENT DIPOLE Y": 2.2409327974668276, "SCF TOTAL ENERGY": -150.03421582617386, "CURRENT DIPOLE X": 1.902069822371134, "TWO-ELECTRON ENERGY": 138.75468677523793, "NUCLEAR REPULSION ENERGY": 71.43139268796745, "DFT TOTAL ENERGY": -150.03421582617386, "DFT XC ENERGY": -16.74247248068799, "DFT FUNCTIONAL TOTAL ENERGY": -150.03421582617386, "SCF DIPOLE Y": 2.2409327974668276, "SCF DIPOLE X": 1.902069822371134, "ONE-ELECTRON ENERGY": -343.47782280869126, "SCF ITERATION ENERGY": -150.03421582617386, "CURRENT ENERGY": -150.03421582617386, "SCF N ITERS": 8.0}, "driver": "energy", "output": "", "molecule_hash": "a1956e4deb919c3ef4995b4c15afe40d52e0c9bc", "modelchem": "B3LYP/aug-cc-pVDZ", "error": "", "return_value": -150.03421582617386, "args": "B3LYP/aug-cc-pVDZ", "success": true, "molecule": "\n  0  1\n      C        2.69724643        -0.12191870         0.00000000\n      H        3.80009014        -0.17176852         0.00000000\n      N        1.93139799        -1.17474481         0.00000000\n      H        2.52207952        -2.01322139         0.00000000\n      N        2.16339519         1.14223517         0.00000000\n      H        1.15164366         1.24943138         0.00000000\n      H        2.75270049         1.96073403         0.00000000\n  GH(C)       -2.69724643         0.12191870         0.00000000\n  GH(H)       -3.80009014         0.17176852         0.00000000\n  GH(N)       -1.93139799         1.17474481         0.00000000\n  GH(H)       -2.52207952         2.01322139         0.00000000\n  GH(N)       -2.16339519        -1.14223517         0.00000000\n  GH(H)       -1.15164366        -1.24943138         0.00000000\n  GH(H)       -2.75270049        -1.96073403         0.00000000\n"}