{"molecule_hash": "a2605e98f775b39be2fb756e6c1fc745532a080f", "success": true, "molecule": "\n  0  1\n      C        4.99839541        -0.12669527         0.00000000\n      H        6.11168302        -0.15491398         0.00000000\n      O        4.30803664        -1.14211866         0.00000000\n      N        4.50192844         1.15187623         0.00000000\n      H        3.49800610         1.29436065         0.00000000\n      H        5.11998480         1.95244688         0.00000000\n  GH(C)       -4.99839541         0.12669527         0.00000000\n  GH(H)       -6.11168302         0.15491398         0.00000000\n  GH(O)       -4.30803664         1.14211866         0.00000000\n  GH(N)       -4.50192844        -1.15187623         0.00000000\n  GH(H)       -3.49800610        -1.29436065         0.00000000\n  GH(H)       -5.11998480        -1.95244688         0.00000000\n", "args": "B3LYP/aug-cc-pVDZ", "variables": {"DFT TOTAL ENERGY": -169.92509275688462, "TWO-ELECTRON ENERGY": 147.6828197617576, "CURRENT DIPOLE Y": 3.840643046147304, "SCF ITERATION ENERGY": -169.92509275688462, "SCF DIPOLE X": 1.1078112701509653, "DFT XC ENERGY": -17.800531542383194, "CURRENT ENERGY": -169.92509275688462, "SCF TOTAL ENERGY": -169.92509275688462, "CURRENT REFERENCE ENERGY": -169.92509275688462, "ONE-ELECTRON ENERGY": -370.322081351107, "SCF N ITERS": 8.0, "DFT FUNCTIONAL TOTAL ENERGY": -169.92509275688462, "NUCLEAR REPULSION ENERGY": 70.51470037484795, "SCF DIPOLE Z": 0.0, "SCF DIPOLE Y": 3.840643046147304, "CURRENT DIPOLE Z": 0.0, "CURRENT DIPOLE X": 1.1078112701509653}, "output": "", "error": "", "return_value": -169.92509275688462, "modelchem": "B3LYP/aug-cc-pVDZ", "driver": "energy"}