{"variables": {"SCF ITERATION ENERGY": -379.59519815350774, "ONE-ELECTRON ENERGY": -922.0626729213725, "DFT XC ENERGY": -37.67165018543376, "DFT FUNCTIONAL TOTAL ENERGY": -379.59519815350774, "SCF DIPOLE Z": 0.0, "NUCLEAR REPULSION ENERGY": 203.3261447118388, "SCF N ITERS": 9.0, "SCF DIPOLE X": -3.386286224760227e-14, "SCF DIPOLE Y": -5.6438103746003785e-15, "SCF TOTAL ENERGY": -379.59519815350774, "CURRENT REFERENCE ENERGY": -379.59519815350774, "CURRENT DIPOLE Y": -5.6438103746003785e-15, "DFT TOTAL ENERGY": -379.59519815350774, "CURRENT ENERGY": -379.59519815350774, "CURRENT DIPOLE X": -3.386286224760227e-14, "CURRENT DIPOLE Z": 0.0, "TWO-ELECTRON ENERGY": 376.81298024145974}, "success": true, "molecule": "\n  0  1\n      C        2.69240165        -0.20242478         0.00000000\n      H        3.79490134        -0.28531481         0.00000000\n      O        1.91833290        -1.14219531         0.00000000\n      O        2.32770522         1.10482267         0.00000000\n      H        1.35155974         1.13337052         0.00000000\n      C       -2.69240165         0.20242478         0.00000000\n      H       -3.79490134         0.28531481         0.00000000\n      O       -1.91833290         1.14219531         0.00000000\n      O       -2.32770522        -1.10482267         0.00000000\n      H       -1.35155974        -1.13337052         0.00000000\n", "driver": "energy", "output": "", "args": "B3LYP/aug-cc-pVDZ", "error": "", "moleucle_hash": "a3de67b5c87effa9b839d7628821c0fd42f459e7", "return_value": -379.59519815350774, "modelchem": "B3LYP/aug-cc-pVDZ"}