{"args": "B3LYP/aug-cc-pVDZ", "error": "", "variables": {"DFT TOTAL ENERGY": -359.7211130454099, "SCF TOTAL ENERGY": -359.7211130454099, "CURRENT DIPOLE X": 0.795407622826321, "TWO-ELECTRON ENERGY": 345.6717181220509, "SCF DIPOLE X": 0.795407622826321, "SCF DIPOLE Z": 0.0, "CURRENT ENERGY": -359.7211130454099, "DFT XC ENERGY": -36.637161025864486, "CURRENT DIPOLE Z": 0.0, "NUCLEAR REPULSION ENERGY": 181.6992310310829, "DFT FUNCTIONAL TOTAL ENERGY": -359.7211130454099, "SCF DIPOLE Y": 2.323506847798816, "SCF ITERATION ENERGY": -359.7211130454099, "ONE-ELECTRON ENERGY": -850.4549011726791, "CURRENT DIPOLE Y": 2.323506847798816, "CURRENT REFERENCE ENERGY": -359.7211130454099, "SCF N ITERS": 10.0}, "output": "", "success": true, "molecule_hash": "a4a4de4eadd608cbe70986290d5416a54d51d9be", "molecule": "\n  0  1\n      C       -3.95866293         0.16221564         0.00000000\n      H       -5.06397335         0.20411777         0.00000000\n      O       -3.22210995         1.12855078         0.00000000\n      O       -3.54823170        -1.13429286         0.00000000\n      H       -2.57357553        -1.11984997         0.00000000\n      C        4.03559598        -0.14084533         0.00000000\n      H        5.14833239        -0.18302898         0.00000000\n      O        3.33114210        -1.14677626         0.00000000\n      N        3.55651747         1.14422533         0.00000000\n      H        2.55468792         1.30114823         0.00000000\n      H        4.18559310         1.93619532         0.00000000\n", "modelchem": "B3LYP/aug-cc-pVDZ", "driver": "energy", "return_value": -359.7211130454099}