{"variables": {"CURRENT REFERENCE ENERGY": -339.83227006578346, "CURRENT ENERGY": -339.83227006578346, "DFT FUNCTIONAL TOTAL ENERGY": -339.83227006578346, "CURRENT DIPOLE X": 1.694556801104226, "CURRENT DIPOLE Y": 0.666596330521701, "SCF DIPOLE X": 1.694556801104226, "DFT TOTAL ENERGY": -339.83227006578346, "TWO-ELECTRON ENERGY": 348.3634999323001, "CURRENT DIPOLE Z": 0.0, "SCF ITERATION ENERGY": -339.83227006578346, "SCF TOTAL ENERGY": -339.83227006578346, "SCF DIPOLE Y": 0.666596330521701, "NUCLEAR REPULSION ENERGY": 194.15525335485015, "ONE-ELECTRON ENERGY": -846.7704269905275, "SCF N ITERS": 10.0, "SCF DIPOLE Z": 0.0, "DFT XC ENERGY": -35.58059636240619}, "return_value": -339.83227006578346, "args": "B3LYP/aug-cc-pVDZ", "modelchem": "B3LYP/aug-cc-pVDZ", "output": "", "moleucle_hash": "a4d0b15198c58a9871780f87c1a455a5e9e13846", "molecule": "\n  0  1\n      C       -3.12831510         0.17084992         0.00000000\n      H       -4.23295676         0.22611350         0.00000000\n      O       -2.38703135         1.13479845         0.00000000\n      O       -2.72349375        -1.12568269         0.00000000\n      H       -1.74750630        -1.11756461         0.00000000\n      C        3.26369185        -0.14893273         0.00000000\n      H        4.36705371        -0.20413229         0.00000000\n      N        2.46830003        -1.17413526         0.00000000\n      H        3.02869067        -2.03292199         0.00000000\n      N        2.77871570         1.13816091         0.00000000\n      H        1.77677840         1.28984953         0.00000000\n      H        3.39990002         1.93285794         0.00000000\n", "error": "", "driver": "energy", "success": true}