{"molecule_hash": "a56d008c5867960d5a63aa8b8d607a88aa0afa7f", "success": true, "variables": {"CURRENT DIPOLE Y": -1.8027673661012382, "DFT TOTAL ENERGY": -189.7927912535777, "SCF DIPOLE X": -0.25840713970580736, "CURRENT DIPOLE Z": 0.0, "SCF ITERATION ENERGY": -189.7927912535777, "DFT XC ENERGY": -18.824879412276143, "CURRENT ENERGY": -189.7927912535777, "CURRENT DIPOLE X": -0.25840713970580736, "CURRENT REFERENCE ENERGY": -189.7927912535777, "ONE-ELECTRON ENERGY": -396.5208263464395, "SCF N ITERS": 8.0, "DFT FUNCTIONAL TOTAL ENERGY": -189.7927912535777, "SCF DIPOLE Z": 0.0, "SCF DIPOLE Y": -1.8027673661012382, "SCF TOTAL ENERGY": -189.7927912535777, "TWO-ELECTRON ENERGY": 156.183555994985, "NUCLEAR REPULSION ENERGY": 69.36935851015295}, "error": "", "molecule": "\n  0  1\n      C       -2.00288568         0.15766229         0.00000000\n      H       -3.10533408         0.24633212         0.00000000\n      O       -1.30161674         1.16963551         0.00000000\n      O       -1.55791984        -1.09749465         0.00000000\n      H       -0.54668214        -1.09529505         0.00000000\n  GH(C)        2.08391761        -0.17103897         0.00000000\n  GH(H)        3.18340265        -0.25947047         0.00000000\n  GH(N)        1.25831080        -1.18492468         0.00000000\n  GH(H)        1.78008989        -2.06474177         0.00000000\n  GH(N)        1.63434437         1.11404135         0.00000000\n  GH(H)        0.62635840         1.29004572         0.00000000\n  GH(H)        2.28868862         1.88235333         0.00000000\n", "output": "", "driver": "energy", "return_value": -189.7927912535777, "args": "B3LYP/aug-cc-pVDZ", "modelchem": "B3LYP/aug-cc-pVDZ"}