{"args": "B3LYP/aug-cc-pVDZ", "modelchem": "B3LYP/aug-cc-pVDZ", "error": "", "molecule_hash": "a5c26471b790bc35a1603490b4d91e74924739ee", "variables": {"TWO-ELECTRON ENERGY": 138.7501542012238, "CURRENT ENERGY": -150.03403839432656, "DFT XC ENERGY": -16.741275185063767, "CURRENT REFERENCE ENERGY": -150.03403839432656, "DFT FUNCTIONAL TOTAL ENERGY": -150.03403839432656, "SCF ITERATION ENERGY": -150.03403839432656, "SCF DIPOLE Z": 0.0, "SCF DIPOLE X": 1.8673139086418098, "SCF DIPOLE Y": 2.3664998744977446, "DFT TOTAL ENERGY": -150.03403839432656, "CURRENT DIPOLE X": 1.8673139086418098, "SCF TOTAL ENERGY": -150.03403839432656, "ONE-ELECTRON ENERGY": -343.4703732762641, "CURRENT DIPOLE Z": 0.0, "NUCLEAR REPULSION ENERGY": 71.4274558657775, "CURRENT DIPOLE Y": 2.3664998744977446, "SCF N ITERS": 8.0}, "output": "", "return_value": -150.03403839432656, "success": true, "molecule": "\n  0  1\n  GH(C)       -2.12238102         0.12001003         0.00000000\n  GH(H)       -3.23241727         0.17981127         0.00000000\n  GH(O)       -1.43641896         1.15577795         0.00000000\n  GH(N)       -1.60476162        -1.13362638         0.00000000\n  GH(H)       -0.57842142        -1.25321622         0.00000000\n  GH(H)       -2.22287071        -1.93470173         0.00000000\n      C        2.17139325        -0.11130946         0.00000000\n      H        3.27288112        -0.17065017         0.00000000\n      N        1.42791432        -1.18745819         0.00000000\n      H        2.03640187        -2.01135424         0.00000000\n      N        1.62476864         1.13714001         0.00000000\n      H        0.60488448         1.23808048         0.00000000\n      H        2.21504656         1.95554011         0.00000000\n", "driver": "energy"}