{"success": true, "molecule": "\n  0  1\n      C        3.19458871        -0.18602798         0.00000000\n      H        4.29867458        -0.25032135         0.00000000\n      O        2.43545364        -1.13545523         0.00000000\n      O        2.81355286         1.11890079         0.00000000\n      H        1.83855220         1.13009890         0.00000000\n      C       -3.19458871         0.18602798         0.00000000\n      H       -4.29867458         0.25032135         0.00000000\n      O       -2.43545364         1.13545523         0.00000000\n      O       -2.81355286        -1.11890079         0.00000000\n      H       -1.83855220        -1.13009890         0.00000000\n", "output": "", "modelchem": "B3LYP/aug-cc-pVDZ", "args": "B3LYP/aug-cc-pVDZ", "moleucle_hash": "aad2ac1bce78ce98a630e19559378e4458a7053b", "return_value": -379.59210253683534, "variables": {"CURRENT DIPOLE Y": -1.1287620749200756e-15, "CURRENT DIPOLE Z": 0.0, "CURRENT DIPOLE X": 4.5150482996803025e-15, "TWO-ELECTRON ENERGY": 365.7614573168571, "SCF DIPOLE Y": -1.1287620749200756e-15, "SCF DIPOLE Z": 0.0, "DFT FUNCTIONAL TOTAL ENERGY": -379.59210253683534, "ONE-ELECTRON ENERGY": -899.9324450671686, "SCF TOTAL ENERGY": -379.59210253683534, "CURRENT REFERENCE ENERGY": -379.59210253683534, "CURRENT ENERGY": -379.59210253683534, "SCF ITERATION ENERGY": -379.59210253683534, "SCF N ITERS": 9.0, "SCF DIPOLE X": 4.5150482996803025e-15, "DFT TOTAL ENERGY": -379.59210253683534, "NUCLEAR REPULSION ENERGY": 192.25159891925287, "DFT XC ENERGY": -37.672713705776715}, "driver": "energy", "error": ""}