{"error": "", "args": "B3LYP/aug-cc-pVDZ", "output": "", "variables": {"CURRENT DIPOLE X": 1.969235236948202, "CURRENT REFERENCE ENERGY": -150.0344098540117, "CURRENT ENERGY": -150.0344098540117, "ONE-ELECTRON ENERGY": -343.4845863537973, "NUCLEAR REPULSION ENERGY": 71.43803562893208, "SCF TOTAL ENERGY": -150.0344098540117, "SCF DIPOLE Z": 0.0, "CURRENT DIPOLE Z": 0.0, "SCF ITERATION ENERGY": -150.0344098540117, "TWO-ELECTRON ENERGY": 138.7566148596496, "SCF DIPOLE Y": 2.1505419767046074, "SCF N ITERS": 8.0, "CURRENT DIPOLE Y": 2.1505419767046074, "DFT XC ENERGY": -16.744473988796102, "SCF DIPOLE X": 1.969235236948202, "DFT TOTAL ENERGY": -150.0344098540117, "DFT FUNCTIONAL TOTAL ENERGY": -150.0344098540117}, "return_value": -150.0344098540117, "molecule": "\n  0  1\n  GH(C)       -3.12831510         0.17084992         0.00000000\n  GH(H)       -4.23295676         0.22611350         0.00000000\n  GH(O)       -2.38703135         1.13479845         0.00000000\n  GH(O)       -2.72349375        -1.12568269         0.00000000\n  GH(H)       -1.74750630        -1.11756461         0.00000000\n      C        3.26369185        -0.14893273         0.00000000\n      H        4.36705371        -0.20413229         0.00000000\n      N        2.46830003        -1.17413526         0.00000000\n      H        3.02869067        -2.03292199         0.00000000\n      N        2.77871570         1.13816091         0.00000000\n      H        1.77677840         1.28984953         0.00000000\n      H        3.39990002         1.93285794         0.00000000\n", "moleucle_hash": "ab3f0c7c8ab7ec1aa220774749587885d4b269c1", "modelchem": "B3LYP/aug-cc-pVDZ", "driver": "energy", "success": true}