{"output": "", "variables": {"SCF DIPOLE X": -1.1314437598201599, "CURRENT ENERGY": -169.92479472111455, "CURRENT DIPOLE Y": -3.9101128169020205, "TWO-ELECTRON ENERGY": 147.68703226687643, "SCF TOTAL ENERGY": -169.92479472111455, "SCF ITERATION ENERGY": -169.92479472111455, "ONE-ELECTRON ENERGY": -370.3078143969127, "DFT TOTAL ENERGY": -169.92479472111452, "SCF DIPOLE Y": -3.9101128169020205, "CURRENT REFERENCE ENERGY": -169.92479472111455, "DFT FUNCTIONAL TOTAL ENERGY": -169.92479472111452, "CURRENT DIPOLE Z": 0.0, "SCF N ITERS": 8.0, "NUCLEAR REPULSION ENERGY": 70.49218648360379, "DFT XC ENERGY": -17.79619907468205, "CURRENT DIPOLE X": -1.1314437598201599, "SCF DIPOLE Z": 0.0}, "driver": "energy", "error": "", "args": "B3LYP/aug-cc-pVDZ", "modelchem": "B3LYP/aug-cc-pVDZ", "success": true, "molecule": "\n  0  1\n  GH(C)        2.29604573        -0.13481753         0.00000000\n  GH(H)        3.40501312        -0.19993307         0.00000000\n  GH(O)        1.59337012        -1.15484644         0.00000000\n  GH(N)        1.78457816         1.12819246         0.00000000\n  GH(H)        0.76947608         1.25110815         0.00000000\n  GH(H)        2.39273653         1.93641581         0.00000000\n      C       -2.29604573         0.13481753         0.00000000\n      H       -3.40501312         0.19993307         0.00000000\n      O       -1.59337012         1.15484644         0.00000000\n      N       -1.78457816        -1.12819246         0.00000000\n      H       -0.76947608        -1.25110815         0.00000000\n      H       -2.39273653        -1.93641581         0.00000000\n", "moleucle_hash": "ab58f9caaaec3b1a7e302d7a5b4610d60aace84a", "return_value": -169.92479472111455}