{"driver": "energy", "args": "B3LYP/aug-cc-pVDZ", "return_value": -339.8509070874915, "output": "", "molecule_hash": "ac307beec29052333676112e278a875d23d67f0b", "modelchem": "B3LYP/aug-cc-pVDZ", "error": "", "molecule": "\n  0  1\n      C       -2.14914999         0.16086986         0.00000000\n      H       -3.25109115         0.24371672         0.00000000\n      O       -1.43435230         1.15849662         0.00000000\n      O       -1.69755858        -1.10315341         0.00000000\n      H       -0.70240660        -1.08186738         0.00000000\n      C        2.23846787        -0.16900290         0.00000000\n      H        3.33829123        -0.25169053         0.00000000\n      N        1.40543473        -1.17550354         0.00000000\n      H        1.92694842        -2.05687020         0.00000000\n      N        1.77253439         1.11690493         0.00000000\n      H        0.76542789         1.27975581         0.00000000\n      H        2.40921970         1.89964705         0.00000000\n", "variables": {"CURRENT DIPOLE Y": 0.517787547397664, "SCF DIPOLE X": 2.3666525540380805, "SCF N ITERS": 10.0, "SCF DIPOLE Y": 0.517787547397664, "CURRENT DIPOLE Z": 0.0, "SCF ITERATION ENERGY": -339.8509070874915, "DFT FUNCTIONAL TOTAL ENERGY": -339.8509070874915, "DFT XC ENERGY": -35.588001842872, "CURRENT REFERENCE ENERGY": -339.8509070874915, "SCF TOTAL ENERGY": -339.8509070874915, "DFT TOTAL ENERGY": -339.8509070874915, "SCF DIPOLE Z": 0.0, "TWO-ELECTRON ENERGY": 376.44796630328466, "ONE-ELECTRON ENERGY": -902.792748385695, "CURRENT ENERGY": -339.8509070874915, "NUCLEAR REPULSION ENERGY": 222.08187683779076, "CURRENT DIPOLE X": 2.3666525540380805}, "success": true}