{"output": "", "modelchem": "B3LYP/aug-cc-pVDZ", "error": "", "args": "B3LYP/aug-cc-pVDZ", "return_value": -359.743227311444, "variables": {"SCF N ITERS": 10.0, "CURRENT DIPOLE Z": 0.0, "NUCLEAR REPULSION ENERGY": 229.92100143732634, "CURRENT DIPOLE X": 1.5141851596782434, "DFT XC ENERGY": -36.66371724442948, "SCF TOTAL ENERGY": -359.743227311444, "ONE-ELECTRON ENERGY": -946.9498603237842, "SCF DIPOLE Z": 0.0, "CURRENT DIPOLE Y": 2.1934918002608708, "SCF DIPOLE X": 1.5141851596782434, "CURRENT REFERENCE ENERGY": -359.743227311444, "SCF ITERATION ENERGY": -359.743227311444, "CURRENT ENERGY": -359.743227311444, "DFT FUNCTIONAL TOTAL ENERGY": -359.743227311444, "TWO-ELECTRON ENERGY": 393.9493488194433, "DFT TOTAL ENERGY": -359.743227311444, "SCF DIPOLE Y": 2.1934918002608708}, "molecule": "\n  0  1\n      C       -1.97758328         0.16248610         0.00000000\n      H       -3.07869694         0.25672827         0.00000000\n      O       -1.27661752         1.17355076         0.00000000\n      O       -1.53599418        -1.09470560         0.00000000\n      H       -0.53703710        -1.08809981         0.00000000\n      C        2.00784676        -0.17861908         0.00000000\n      H        3.11415420        -0.27330577         0.00000000\n      O        1.25185521        -1.16673528         0.00000000\n      N        1.58801714         1.10829528         0.00000000\n      H        0.58149375         1.30380344         0.00000000\n      H        2.26561575         1.85952935         0.00000000\n", "success": true, "driver": "energy", "moleucle_hash": "acf40e1d7a8a1d9be55d37a96bb982b6bcd17560"}