{"moleucle_hash": "ad77287a1010a6ad585c02a9bed180fe65aedcf8", "args": "B3LYP/aug-cc-pVDZ", "driver": "energy", "variables": {"SCF DIPOLE Z": 0.0, "CURRENT ENERGY": -169.92490225308362, "SCF DIPOLE Y": 3.8637513660918446, "SCF N ITERS": 8.0, "CURRENT DIPOLE Y": 3.8637513660918446, "DFT FUNCTIONAL TOTAL ENERGY": -169.92490225308362, "DFT XC ENERGY": -17.796278989443064, "TWO-ELECTRON ENERGY": 147.68550225383146, "SCF DIPOLE X": 1.311933752201066, "ONE-ELECTRON ENERGY": -370.3085477859475, "DFT TOTAL ENERGY": -169.92490225308362, "SCF ITERATION ENERGY": -169.92490225308362, "CURRENT REFERENCE ENERGY": -169.92490225308362, "SCF TOTAL ENERGY": -169.92490225308362, "CURRENT DIPOLE X": 1.311933752201066, "CURRENT DIPOLE Z": 0.0, "NUCLEAR REPULSION ENERGY": 70.4944222684755}, "output": "", "error": "", "molecule": "\n  0  1\n  GH(C)       -2.17348283         0.17454732         0.00000000\n  GH(H)       -3.27458485         0.26172858         0.00000000\n  GH(O)       -1.43904397         1.15551433         0.00000000\n  GH(O)       -1.74791159        -1.10161980         0.00000000\n  GH(H)       -0.76134836        -1.09577404         0.00000000\n      C        2.21279083        -0.17274192         0.00000000\n      H        3.31991768        -0.26040021         0.00000000\n      O        1.46265433        -1.15955428         0.00000000\n      N        1.75999690         1.11191304         0.00000000\n      H        0.75279213         1.28183397         0.00000000\n      H        2.40708847         1.88942849         0.00000000\n", "return_value": -169.92490225308362, "modelchem": "B3LYP/aug-cc-pVDZ", "success": true}