{"modelchem": "B3LYP/aug-cc-pVDZ", "error": "", "moleucle_hash": "adba822a4225f4d8aacb02d64d579110cc231da4", "success": true, "driver": "energy", "args": "B3LYP/aug-cc-pVDZ", "output": "", "variables": {"SCF DIPOLE X": -9.030096599360605e-15, "SCF DIPOLE Y": 0.0, "SCF TOTAL ENERGY": -300.07602373401784, "CURRENT DIPOLE Z": 0.0, "DFT TOTAL ENERGY": -300.07602373401784, "SCF DIPOLE Z": 0.0, "CURRENT DIPOLE Y": 0.0, "NUCLEAR REPULSION ENERGY": 207.11781747606562, "CURRENT ENERGY": -300.07602373401784, "CURRENT DIPOLE X": -9.030096599360605e-15, "SCF ITERATION ENERGY": -300.07602373401784, "ONE-ELECTRON ENERGY": -815.7996588830165, "DFT XC ENERGY": -33.485198835018345, "DFT FUNCTIONAL TOTAL ENERGY": -300.07602373401784, "SCF N ITERS": 9.0, "TWO-ELECTRON ENERGY": 342.0910165079514, "CURRENT REFERENCE ENERGY": -300.07602373401784}, "return_value": -300.07602373401784, "molecule": "\n  0  1\n      C        2.69724643        -0.12191870         0.00000000\n      H        3.80009014        -0.17176852         0.00000000\n      N        1.93139799        -1.17474481         0.00000000\n      H        2.52207952        -2.01322139         0.00000000\n      N        2.16339519         1.14223517         0.00000000\n      H        1.15164366         1.24943138         0.00000000\n      H        2.75270049         1.96073403         0.00000000\n      C       -2.69724643         0.12191870         0.00000000\n      H       -3.80009014         0.17176852         0.00000000\n      N       -1.93139799         1.17474481         0.00000000\n      H       -2.52207952         2.01322139         0.00000000\n      N       -2.16339519        -1.14223517         0.00000000\n      H       -1.15164366        -1.24943138         0.00000000\n      H       -2.75270049        -1.96073403         0.00000000\n"}