{"driver": "energy", "variables": {"CURRENT DIPOLE Y": 1.6407476490516273, "CURRENT ENERGY": -189.7947112836829, "CURRENT REFERENCE ENERGY": -189.7947112836829, "DFT TOTAL ENERGY": -189.7947112836829, "TWO-ELECTRON ENERGY": 156.24220101019026, "SCF N ITERS": 8.0, "DFT XC ENERGY": -18.83185094650558, "NUCLEAR REPULSION ENERGY": 69.44786994958933, "SCF DIPOLE Z": 0.0, "SCF DIPOLE Y": 1.6407476490516273, "SCF ITERATION ENERGY": -189.7947112836829, "CURRENT DIPOLE Z": 0.0, "CURRENT DIPOLE X": 0.44068043527289646, "SCF DIPOLE X": 0.44068043527289646, "DFT FUNCTIONAL TOTAL ENERGY": -189.7947112836829, "SCF TOTAL ENERGY": -189.7947112836829, "ONE-ELECTRON ENERGY": -396.6529312969569}, "molecule_hash": "ade5c413ef6369bf042b5376ed67fcb39b160f1e", "molecule": "\n  0  1\n      C        2.08997101        -0.20499428         0.00000000\n      H        3.18887965        -0.31278045         0.00000000\n      O        1.31635032        -1.15775239         0.00000000\n      O        1.71259791         1.08444718         0.00000000\n      H        0.72653811         1.11533705         0.00000000\n  GH(C)       -2.08997101         0.20499428         0.00000000\n  GH(H)       -3.18887965         0.31278045         0.00000000\n  GH(O)       -1.31635032         1.15775239         0.00000000\n  GH(O)       -1.71259791        -1.08444718         0.00000000\n  GH(H)       -0.72653811        -1.11533705         0.00000000\n", "output": "", "return_value": -189.7947112836829, "error": "", "success": true, "modelchem": "B3LYP/aug-cc-pVDZ", "args": "B3LYP/aug-cc-pVDZ"}