{"success": true, "modelchem": "B3LYP/aug-cc-pVDZ", "variables": {"CURRENT REFERENCE ENERGY": -150.0343986381046, "TWO-ELECTRON ENERGY": 138.7609617080492, "SCF DIPOLE Y": 2.189252325857873, "DFT TOTAL ENERGY": -150.0343986381046, "CURRENT ENERGY": -150.0343986381046, "SCF N ITERS": 8.0, "SCF TOTAL ENERGY": -150.0343986381046, "SCF DIPOLE X": 1.9200205817791267, "CURRENT DIPOLE Z": 0.0, "SCF ITERATION ENERGY": -150.0343986381046, "CURRENT DIPOLE Y": 2.189252325857873, "NUCLEAR REPULSION ENERGY": 71.44290876789717, "DFT XC ENERGY": -16.74477456202053, "CURRENT DIPOLE X": 1.9200205817791267, "ONE-ELECTRON ENERGY": -343.4934945520304, "SCF DIPOLE Z": 0.0, "DFT FUNCTIONAL TOTAL ENERGY": -150.0343986381046}, "molecule": "\n  0  1\n      C        3.99802556        -0.12568606         0.00000000\n      H        5.10246875        -0.16040648         0.00000000\n      N        3.22763840        -1.16876965         0.00000000\n      H        3.80888196        -2.01363519         0.00000000\n      N        3.48433462         1.15076117         0.00000000\n      H        2.47917010         1.27706322         0.00000000\n      H        4.08677787         1.95961623         0.00000000\n  GH(C)       -3.99802556         0.12568606         0.00000000\n  GH(H)       -5.10246875         0.16040648         0.00000000\n  GH(N)       -3.22763840         1.16876965         0.00000000\n  GH(H)       -3.80888196         2.01363519         0.00000000\n  GH(N)       -3.48433462        -1.15076117         0.00000000\n  GH(H)       -2.47917010        -1.27706322         0.00000000\n  GH(H)       -4.08677787        -1.95961623         0.00000000\n", "moleucle_hash": "aeab3697a4d0e0295cc9a6f128d791ae9839e347", "driver": "energy", "error": "", "args": "B3LYP/aug-cc-pVDZ", "output": "", "return_value": -150.0343986381046}