{"driver": "energy", "success": true, "output": "", "args": "B3LYP/aug-cc-pVDZ", "modelchem": "B3LYP/aug-cc-pVDZ", "variables": {"SCF DIPOLE Z": 0.0, "DFT TOTAL ENERGY": -189.79484954711916, "CURRENT ENERGY": -189.79484954711916, "CURRENT DIPOLE Y": -1.5981159478731892, "DFT XC ENERGY": -18.833008002714603, "SCF DIPOLE Y": -1.5981159478731892, "SCF ITERATION ENERGY": -189.79484954711916, "SCF N ITERS": 8.0, "DFT FUNCTIONAL TOTAL ENERGY": -189.79484954711916, "SCF DIPOLE X": -0.3937084217955228, "NUCLEAR REPULSION ENERGY": 69.44001991143836, "SCF TOTAL ENERGY": -189.79484954711916, "ONE-ELECTRON ENERGY": -396.6332655989399, "CURRENT REFERENCE ENERGY": -189.79484954711916, "TWO-ELECTRON ENERGY": 156.23140414309697, "CURRENT DIPOLE X": -0.3937084217955228, "CURRENT DIPOLE Z": 0.0}, "return_value": -189.79484954711916, "error": "", "molecule": "\n  0  1\n      C       -2.27180865         0.17975090         0.00000000\n      H       -3.37333986         0.26380020         0.00000000\n      O       -1.52660441         1.14998794         0.00000000\n      O       -1.85932830        -1.10443098         0.00000000\n      H       -0.87597638        -1.10468982         0.00000000\n  GH(C)        2.31485963        -0.17022217         0.00000000\n  GH(H)        3.42259050        -0.25474451         0.00000000\n  GH(O)        1.57138429        -1.15932816         0.00000000\n  GH(N)        1.85465707         1.11426632         0.00000000\n  GH(H)        0.84799242         1.27930626         0.00000000\n  GH(H)        2.49507804         1.89722164         0.00000000\n", "moleucle_hash": "b02f7f15f493193d77266782ccb1b177ff913723"}