{"return_value": -300.0898597720009, "moleucle_hash": "b17bae4d4c167b7d93321867a6484d90657e177f", "success": true, "molecule": "\n  0  1\n      C        2.14746429        -0.10439674         0.00000000\n      H        3.25020808        -0.15800548         0.00000000\n      N        1.41111901        -1.18596705         0.00000000\n      H        2.02643555        -2.00474792         0.00000000\n      N        1.60342559         1.14321301         0.00000000\n      H        0.57725829         1.24942013         0.00000000\n      H        2.20446212         1.95412762         0.00000000\n      C       -2.14746429         0.10439674         0.00000000\n      H       -3.25020808         0.15800548         0.00000000\n      N       -1.41111901         1.18596705         0.00000000\n      H       -2.02643555         2.00474792         0.00000000\n      N       -1.60342559        -1.14321301         0.00000000\n      H       -0.57725829        -1.24942013         0.00000000\n      H       -2.20446212        -1.95412762         0.00000000\n", "args": "B3LYP/aug-cc-pVDZ", "variables": {"TWO-ELECTRON ENERGY": 360.4854793803576, "DFT TOTAL ENERGY": -300.0898597720009, "CURRENT REFERENCE ENERGY": -300.0898597720009, "SCF DIPOLE Z": 0.0, "CURRENT ENERGY": -300.0898597720009, "SCF DIPOLE X": -1.3545144899040907e-14, "CURRENT DIPOLE Z": 0.0, "DFT XC ENERGY": -33.50983190978526, "NUCLEAR REPULSION ENERGY": 225.3238631799519, "SCF ITERATION ENERGY": -300.0898597720009, "SCF N ITERS": 9.0, "SCF DIPOLE Y": 1.1287620749200756e-15, "ONE-ELECTRON ENERGY": -852.3893704225252, "DFT FUNCTIONAL TOTAL ENERGY": -300.0898597720009, "CURRENT DIPOLE X": -1.3545144899040907e-14, "CURRENT DIPOLE Y": 1.1287620749200756e-15, "SCF TOTAL ENERGY": -300.0898597720009}, "error": "", "output": "", "modelchem": "B3LYP/aug-cc-pVDZ", "driver": "energy"}