{"args": "B3LYP/aug-cc-pVDZ", "molecule": "\n  0  1\n      C        2.19748298        -0.10521494         0.00000000\n      H        3.29994728        -0.15800065         0.00000000\n      N        1.45477374        -1.18214133         0.00000000\n      H        2.06523281        -2.00494056         0.00000000\n      N        1.64750275         1.14225070         0.00000000\n      H        0.62306965         1.24181216         0.00000000\n      H        2.24041883         1.95893145         0.00000000\n      C       -2.19748298         0.10521494         0.00000000\n      H       -3.29994728         0.15800065         0.00000000\n      N       -1.45477374         1.18214133         0.00000000\n      H       -2.06523281         2.00494056         0.00000000\n      N       -1.64750275        -1.14225070         0.00000000\n      H       -0.62306965        -1.24181216         0.00000000\n      H       -2.24041883        -1.95893145         0.00000000\n", "variables": {"CURRENT DIPOLE Y": 5.6438103746003785e-15, "SCF N ITERS": 9.0, "CURRENT DIPOLE Z": 0.0, "TWO-ELECTRON ENERGY": 358.5912723235856, "CURRENT DIPOLE X": -4.5150482996803025e-15, "NUCLEAR REPULSION ENERGY": 223.45062337665175, "DFT XC ENERGY": -33.50293880203585, "ONE-ELECTRON ENERGY": -848.6278625283333, "DFT TOTAL ENERGY": -300.08890563013176, "SCF DIPOLE X": -4.5150482996803025e-15, "SCF TOTAL ENERGY": -300.08890563013176, "SCF DIPOLE Z": 0.0, "DFT FUNCTIONAL TOTAL ENERGY": -300.08890563013176, "SCF DIPOLE Y": 5.6438103746003785e-15, "CURRENT REFERENCE ENERGY": -300.08890563013176, "CURRENT ENERGY": -300.08890563013176, "SCF ITERATION ENERGY": -300.08890563013176}, "driver": "energy", "return_value": -300.08890563013176, "modelchem": "B3LYP/aug-cc-pVDZ", "success": true, "molecule_hash": "b2592a9292baf007be3b1db382199a66b57c5b83", "output": "", "error": ""}