{"return_value": -169.91791576728875, "variables": {"SCF DIPOLE Y": 4.164333885865972, "DFT XC ENERGY": -17.79903738311748, "ONE-ELECTRON ENERGY": -369.72991405975074, "CURRENT DIPOLE X": 1.3705110508803608, "DFT FUNCTIONAL TOTAL ENERGY": -169.91791576728875, "CURRENT DIPOLE Y": 4.164333885865972, "SCF DIPOLE X": 1.3705110508803608, "SCF DIPOLE Z": 0.0, "DFT TOTAL ENERGY": -169.91791576728875, "CURRENT ENERGY": -169.91791576728875, "SCF N ITERS": 8.0, "SCF ITERATION ENERGY": -169.91791576728875, "CURRENT REFERENCE ENERGY": -169.91791576728875, "SCF TOTAL ENERGY": -169.91791576728875, "CURRENT DIPOLE Z": 0.0, "TWO-ELECTRON ENERGY": 147.36084491956828, "NUCLEAR REPULSION ENERGY": 70.2501907560112}, "molecule": "\n  0  1\n  GH(C)       -1.68442643         0.20364693         0.00000000\n  GH(H)       -2.78917270         0.34190070         0.00000000\n  GH(O)       -1.02504588         1.24486390         0.00000000\n  GH(O)       -1.38766062        -1.06424798         0.00000000\n  GH(H)       -0.36064758        -1.17759060         0.00000000\n      C        1.68925857        -0.21855377         0.00000000\n      H        2.79602984        -0.35706095         0.00000000\n      O        0.99264772        -1.25039598         0.00000000\n      N        1.44623488         1.09491586         0.00000000\n      H        0.47728536         1.44199769         0.00000000\n      H        2.26183892         1.69328776         0.00000000\n", "driver": "energy", "success": true, "error": "", "molecule_hash": "b38d3049cdffe169fd88b2ffe20494ac4e56ac9c", "modelchem": "B3LYP/aug-cc-pVDZ", "output": "", "args": "B3LYP/aug-cc-pVDZ"}