{"output": "", "modelchem": "B3LYP/aug-cc-pVDZ", "variables": {"SCF TOTAL ENERGY": -169.9211902006815, "SCF N ITERS": 8.0, "SCF DIPOLE Y": 4.15549360965561, "NUCLEAR REPULSION ENERGY": 70.37064234556217, "SCF ITERATION ENERGY": -169.9211902006815, "CURRENT DIPOLE Y": 4.15549360965561, "SCF DIPOLE X": 1.1192819098400177, "SCF DIPOLE Z": 0.0, "DFT FUNCTIONAL TOTAL ENERGY": -169.9211902006815, "DFT XC ENERGY": -17.797515941186287, "DFT TOTAL ENERGY": -169.9211902006815, "CURRENT DIPOLE X": 1.1192819098400177, "CURRENT DIPOLE Z": 0.0, "TWO-ELECTRON ENERGY": 147.51547311451318, "ONE-ELECTRON ENERGY": -370.00978971957056, "CURRENT REFERENCE ENERGY": -169.9211902006815, "CURRENT ENERGY": -169.9211902006815}, "moleucle_hash": "b41b5832dc6c1aaeef0c42f265dd7fcb04438e30", "error": "", "molecule": "\n  0  1\n      C        1.79214890        -0.16793868         0.00000000\n      H        2.90351314        -0.27208239         0.00000000\n      O        1.13654074        -1.22317842         0.00000000\n      N        1.41655781         1.11709296         0.00000000\n      H        0.40800979         1.35225476         0.00000000\n      H        2.15197143         1.81156642         0.00000000\n  GH(C)       -1.79214890         0.16793868         0.00000000\n  GH(H)       -2.90351314         0.27208239         0.00000000\n  GH(O)       -1.13654074         1.22317842         0.00000000\n  GH(N)       -1.41655781        -1.11709296         0.00000000\n  GH(H)       -0.40800979        -1.35225476         0.00000000\n  GH(H)       -2.15197143        -1.81156642         0.00000000\n", "driver": "energy", "return_value": -169.9211902006815, "args": "B3LYP/aug-cc-pVDZ", "success": true}