{"success": true, "molecule_hash": "b4c7b9c44c79521f76b28e6504d8931136aed48d", "molecule": "\n  0  1\n  GH(C)        1.79035823        -0.18606050         0.00000000\n  GH(H)        2.89087214        -0.30042988         0.00000000\n  GH(O)        1.07568931        -1.19425943         0.00000000\n  GH(O)        1.44185816         1.08049605         0.00000000\n  GH(H)        0.43274661         1.15045330         0.00000000\n      C       -1.79035823         0.18606050         0.00000000\n      H       -2.89087214         0.30042988         0.00000000\n      O       -1.07568931         1.19425943         0.00000000\n      O       -1.44185816        -1.08049605         0.00000000\n      H       -0.43274661        -1.15045330         0.00000000\n", "output": "", "return_value": -189.79163101550202, "driver": "energy", "variables": {"CURRENT ENERGY": -189.79163101550202, "NUCLEAR REPULSION ENERGY": 69.44436720964012, "SCF N ITERS": 8.0, "DFT XC ENERGY": -18.82902402725814, "SCF ITERATION ENERGY": -189.79163101550202, "SCF DIPOLE X": -0.22028292991030984, "DFT FUNCTIONAL TOTAL ENERGY": -189.79163101550202, "SCF DIPOLE Y": -2.0140162031414457, "SCF TOTAL ENERGY": -189.79163101550202, "CURRENT DIPOLE Y": -2.0140162031414457, "CURRENT DIPOLE X": -0.22028292991030984, "SCF DIPOLE Z": 0.0, "DFT TOTAL ENERGY": -189.79163101550202, "CURRENT REFERENCE ENERGY": -189.79163101550202, "ONE-ELECTRON ENERGY": -396.6185299927545, "TWO-ELECTRON ENERGY": 156.21155579487046, "CURRENT DIPOLE Z": 0.0}, "modelchem": "B3LYP/aug-cc-pVDZ", "error": "", "args": "B3LYP/aug-cc-pVDZ"}