{"molecule_hash": "b4f7e902ca31867d6bbc20bb0ffafaa5c9cc13e3", "modelchem": "B3LYP/aug-cc-pVDZ", "return_value": -339.87172489831335, "driver": "energy", "args": "B3LYP/aug-cc-pVDZ", "success": true, "output": "", "error": "", "variables": {"SCF DIPOLE X": -4.5150482996803025e-15, "SCF N ITERS": 8.0, "SCF DIPOLE Z": 0.0, "ONE-ELECTRON ENERGY": -915.2151985827945, "DFT TOTAL ENERGY": -339.87172489831335, "NUCLEAR REPULSION ENERGY": 228.18215799732698, "CURRENT DIPOLE Y": 5.6438103746003785e-15, "DFT XC ENERGY": -35.62505686818926, "SCF DIPOLE Y": 5.6438103746003785e-15, "CURRENT REFERENCE ENERGY": -339.87172489831335, "SCF ITERATION ENERGY": -339.87172489831335, "TWO-ELECTRON ENERGY": 382.7863725553435, "CURRENT ENERGY": -339.87172489831335, "CURRENT DIPOLE Z": 0.0, "SCF TOTAL ENERGY": -339.87172489831335, "CURRENT DIPOLE X": -4.5150482996803025e-15, "DFT FUNCTIONAL TOTAL ENERGY": -339.87172489831335}, "molecule": "\n  0  1\n      C        2.04597250        -0.12844429         0.00000000\n      H        3.15473976        -0.19805169         0.00000000\n      O        1.36080054        -1.16589088         0.00000000\n      N        1.54023054         1.12707489         0.00000000\n      H        0.51870599         1.25472290         0.00000000\n      H        2.16442795         1.92321328         0.00000000\n      C       -2.04597250         0.12844429         0.00000000\n      H       -3.15473976         0.19805169         0.00000000\n      O       -1.36080054         1.16589088         0.00000000\n      N       -1.54023054        -1.12707489         0.00000000\n      H       -0.51870599        -1.25472290         0.00000000\n      H       -2.16442795        -1.92321328         0.00000000\n"}