{"output": "", "modelchem": "B3LYP/aug-cc-pVDZ", "molecule": "\n  0  1\n      C        4.99839541        -0.12669527         0.00000000\n      H        6.11168302        -0.15491398         0.00000000\n      O        4.30803664        -1.14211866         0.00000000\n      N        4.50192844         1.15187623         0.00000000\n      H        3.49800610         1.29436065         0.00000000\n      H        5.11998480         1.95244688         0.00000000\n      C       -4.99839541         0.12669527         0.00000000\n      H       -6.11168302         0.15491398         0.00000000\n      O       -4.30803664         1.14211866         0.00000000\n      N       -4.50192844        -1.15187623         0.00000000\n      H       -3.49800610        -1.29436065         0.00000000\n      H       -5.11998480        -1.95244688         0.00000000\n", "return_value": -339.85073062284994, "args": "B3LYP/aug-cc-pVDZ", "driver": "energy", "variables": {"CURRENT DIPOLE X": 9.030096599360606e-14, "SCF DIPOLE Y": 2.2575241498401512e-15, "CURRENT ENERGY": -339.85073062284994, "DFT FUNCTIONAL TOTAL ENERGY": -339.85073062284994, "CURRENT REFERENCE ENERGY": -339.85073062284994, "SCF TOTAL ENERGY": -339.85073062284994, "SCF N ITERS": 8.0, "SCF DIPOLE X": 9.030096599360606e-14, "TWO-ELECTRON ENERGY": 328.2084089594748, "NUCLEAR REPULSION ENERGY": 173.81988857881063, "CURRENT DIPOLE Y": 2.2575241498401512e-15, "CURRENT DIPOLE Z": 0.0, "SCF ITERATION ENERGY": -339.85073062284994, "DFT TOTAL ENERGY": -339.85073062284994, "DFT XC ENERGY": -35.601206927815696, "ONE-ELECTRON ENERGY": -806.2778212333196, "SCF DIPOLE Z": 0.0}, "success": true, "error": "", "moleucle_hash": "b765dac439b3391f15d6e9a5efeee817f1c04b3f"}