{"error": "", "modelchem": "B3LYP/aug-cc-pVDZ", "molecule": "\n  0  1\n  GH(C)        2.29747604        -0.10772948         0.00000000\n  GH(H)        3.39968456        -0.15941244         0.00000000\n  GH(N)        1.54604150        -1.17743388         0.00000000\n  GH(H)        2.14951038        -2.00594097         0.00000000\n  GH(N)        1.74263302         1.14129835         0.00000000\n  GH(H)        0.72137666         1.23384217         0.00000000\n  GH(H)        2.32599570         1.96451573         0.00000000\n      C       -2.29747604         0.10772948         0.00000000\n      H       -3.39968456         0.15941244         0.00000000\n      N       -1.54604150         1.17743388         0.00000000\n      H       -2.14951038         2.00594097         0.00000000\n      N       -1.74263302        -1.14129835         0.00000000\n      H       -0.72137666        -1.23384217         0.00000000\n      H       -2.32599570        -1.96451573         0.00000000\n", "output": "", "args": "B3LYP/aug-cc-pVDZ", "success": true, "return_value": -150.03400329833994, "variables": {"DFT FUNCTIONAL TOTAL ENERGY": -150.03400329833994, "SCF N ITERS": 8.0, "CURRENT REFERENCE ENERGY": -150.03400329833994, "SCF ITERATION ENERGY": -150.03400329833994, "SCF DIPOLE Z": 0.0, "CURRENT ENERGY": -150.03400329833994, "SCF DIPOLE X": -1.8671996917268818, "DFT TOTAL ENERGY": -150.03400329833994, "DFT XC ENERGY": -16.739673656325014, "ONE-ELECTRON ENERGY": -343.43848445866803, "CURRENT DIPOLE X": -1.8671996917268818, "CURRENT DIPOLE Y": -2.3205178803851894, "SCF DIPOLE Y": -2.3205178803851894, "TWO-ELECTRON ENERGY": 138.73644805136064, "CURRENT DIPOLE Z": 0.0, "NUCLEAR REPULSION ENERGY": 71.40770676529245, "SCF TOTAL ENERGY": -150.03400329833994}, "molecule_hash": "b7a560b2bae7fa88686d935252b3a9964f794efe", "driver": "energy"}