{"variables": {"CURRENT DIPOLE Z": 0.0, "CURRENT DIPOLE Y": 2.497059408626621, "CURRENT DIPOLE X": 1.846927068520594, "SCF TOTAL ENERGY": -150.03347585066777, "SCF DIPOLE X": 1.846927068520594, "SCF ITERATION ENERGY": -150.03347585066777, "SCF DIPOLE Y": 2.497059408626621, "CURRENT ENERGY": -150.03347585066777, "DFT FUNCTIONAL TOTAL ENERGY": -150.03347585066777, "DFT XC ENERGY": -16.74284298790133, "CURRENT REFERENCE ENERGY": -150.03347585066777, "SCF N ITERS": 8.0, "SCF DIPOLE Z": 0.0, "ONE-ELECTRON ENERGY": -343.45051023089707, "DFT TOTAL ENERGY": -150.03347585066777, "NUCLEAR REPULSION ENERGY": 71.42614416465513, "TWO-ELECTRON ENERGY": 138.7337332034755}, "error": "", "success": true, "output": "", "moleucle_hash": "b932917484517300f532e4887705a522c79b933b", "return_value": -150.03347585066777, "modelchem": "B3LYP/aug-cc-pVDZ", "args": "B3LYP/aug-cc-pVDZ", "driver": "energy", "molecule": "\n  0  1\n  GH(C)       -1.97471721         0.12295853         0.00000000\n  GH(H)       -3.08604013         0.18727896         0.00000000\n  GH(O)       -1.30050144         1.16840525         0.00000000\n  GH(N)       -1.49363393        -1.13636823         0.00000000\n  GH(H)       -0.46222530        -1.29037121         0.00000000\n  GH(H)       -2.15122398        -1.90581462         0.00000000\n      C        2.01860067        -0.10816415         0.00000000\n      H        3.12111663        -0.17197486         0.00000000\n      N        1.30940050        -1.20735856         0.00000000\n      H        1.94334630        -2.01030940         0.00000000\n      N        1.49223980         1.13988904         0.00000000\n      H        0.46948873         1.25930607         0.00000000\n      H        2.10902806         1.93883512         0.00000000\n"}