{"error": "", "args": "B3LYP/aug-cc-pVDZ", "return_value": -169.9225437149993, "modelchem": "B3LYP/aug-cc-pVDZ", "output": "", "driver": "energy", "molecule_hash": "bbe599da88108afd6183fdc1dd3625ca4dc874bc", "success": true, "molecule": "\n  0  1\n  GH(C)        1.84396206        -0.14934877         0.00000000\n  GH(H)        2.95481237        -0.23932033         0.00000000\n  GH(O)        1.18668392        -1.20479449         0.00000000\n  GH(N)        1.42230702         1.12368101         0.00000000\n  GH(H)        0.40573498         1.32114549         0.00000000\n  GH(H)        2.12347975         1.85285206         0.00000000\n      C       -1.84396206         0.14934877         0.00000000\n      H       -2.95481237         0.23932033         0.00000000\n      O       -1.18668392         1.20479449         0.00000000\n      N       -1.42230702        -1.12368101         0.00000000\n      H       -0.40573498        -1.32114549         0.00000000\n      H       -2.12347975        -1.85285206         0.00000000\n", "variables": {"SCF DIPOLE Z": 0.0, "CURRENT DIPOLE Z": 0.0, "SCF DIPOLE Y": -4.136045140172636, "CURRENT DIPOLE X": -1.0822757961417744, "CURRENT DIPOLE Y": -4.136045140172636, "SCF N ITERS": 8.0, "DFT TOTAL ENERGY": -169.9225437149993, "ONE-ELECTRON ENERGY": -370.09679067686295, "SCF ITERATION ENERGY": -169.9225437149993, "DFT XC ENERGY": -17.79666246067051, "DFT FUNCTIONAL TOTAL ENERGY": -169.9225437149993, "SCF DIPOLE X": -1.0822757961417744, "SCF TOTAL ENERGY": -169.9225437149993, "TWO-ELECTRON ENERGY": 147.5661323380888, "CURRENT ENERGY": -169.9225437149993, "CURRENT REFERENCE ENERGY": -169.9225437149993, "NUCLEAR REPULSION ENERGY": 70.40477708444534}}