{"driver": "energy", "error": "", "args": "B3LYP/aug-cc-pVDZ", "variables": {"SCF DIPOLE X": 2.2575241498401512e-15, "CURRENT DIPOLE Y": 1.1287620749200756e-15, "SCF DIPOLE Z": 0.0, "DFT TOTAL ENERGY": -339.8716796213149, "CURRENT DIPOLE X": 2.2575241498401512e-15, "CURRENT ENERGY": -339.8716796213149, "DFT XC ENERGY": -35.63396643718428, "TWO-ELECTRON ENERGY": 384.8760103145516, "SCF ITERATION ENERGY": -339.8716796213149, "DFT FUNCTIONAL TOTAL ENERGY": -339.8716796213149, "NUCLEAR REPULSION ENERGY": 230.2731622665346, "CURRENT DIPOLE Z": 0.0, "SCF N ITERS": 8.0, "CURRENT REFERENCE ENERGY": -339.8716796213149, "SCF DIPOLE Y": 1.1287620749200756e-15, "ONE-ELECTRON ENERGY": -919.3868857652169, "SCF TOTAL ENERGY": -339.8716796213149}, "success": true, "molecule": "\n  0  1\n      C        1.99581166        -0.12937222         0.00000000\n      H        3.10488983        -0.20126473         0.00000000\n      O        1.31722472        -1.17176432         0.00000000\n      N        1.50061758         1.12716306         0.00000000\n      H        0.47842639         1.26369880         0.00000000\n      H        2.13649227         1.91403520         0.00000000\n      C       -1.99581166         0.12937222         0.00000000\n      H       -3.10488983         0.20126473         0.00000000\n      O       -1.31722472         1.17176432         0.00000000\n      N       -1.50061758        -1.12716306         0.00000000\n      H       -0.47842639        -1.26369880         0.00000000\n      H       -2.13649227        -1.91403520         0.00000000\n", "moleucle_hash": "bc0c656d4c54d900da2bf70f12c59d80b1918a47", "modelchem": "B3LYP/aug-cc-pVDZ", "output": "", "return_value": -339.8716796213149}