{"modelchem": "B3LYP/aug-cc-pVDZ", "output": "", "moleucle_hash": "bdbd38545ec0c121ca77f0299747d59a5b2131c0", "driver": "energy", "return_value": -379.60789489292637, "args": "B3LYP/aug-cc-pVDZ", "success": true, "variables": {"ONE-ELECTRON ENERGY": -960.3515279228516, "CURRENT DIPOLE X": 1.4109525936500945e-14, "SCF DIPOLE Z": 0.0, "SCF TOTAL ENERGY": -379.60789489292637, "NUCLEAR REPULSION ENERGY": 222.4948446211905, "CURRENT DIPOLE Z": 0.0, "DFT XC ENERGY": -37.67894740890004, "CURRENT REFERENCE ENERGY": -379.60789489292637, "SCF N ITERS": 9.0, "DFT FUNCTIONAL TOTAL ENERGY": -379.60789489292637, "DFT TOTAL ENERGY": -379.60789489292637, "SCF DIPOLE Y": -2.2575241498401512e-15, "SCF DIPOLE X": 1.4109525936500945e-14, "TWO-ELECTRON ENERGY": 395.92773581763475, "CURRENT ENERGY": -379.60789489292637, "CURRENT DIPOLE Y": -2.2575241498401512e-15, "SCF ITERATION ENERGY": -379.60789489292637}, "molecule": "\n  0  1\n      C        2.14005789        -0.20652795         0.00000000\n      H        3.23921879        -0.31260333         0.00000000\n      O        1.36379229        -1.15537668         0.00000000\n      O        1.76438167         1.08605925         0.00000000\n      H        0.78011615         1.11617462         0.00000000\n      C       -2.14005789         0.20652795         0.00000000\n      H       -3.23921879         0.31260333         0.00000000\n      O       -1.36379229         1.15537668         0.00000000\n      O       -1.76438167        -1.08605925         0.00000000\n      H       -0.78011615        -1.11617462         0.00000000\n", "error": ""}