{"success": true, "error": "", "driver": "energy", "output": "", "return_value": -319.9544402554771, "molecule": "\n  0  1\n      C       -1.73161493         0.16885424         0.00000000\n      H       -2.84774407         0.27229826         0.00000000\n      O       -1.09203207         1.23345283         0.00000000\n      N       -1.40935402        -1.12703884         0.00000000\n      H       -0.38663445        -1.41522920         0.00000000\n      H       -2.19618815        -1.76421756         0.00000000\n      C        1.75344970        -0.15414523         0.00000000\n      H        2.85932238        -0.25663867         0.00000000\n      N        1.10888334        -1.28995398         0.00000000\n      H        1.79513417        -2.04501619         0.00000000\n      N        1.40087130         1.13935068         0.00000000\n      H        0.40196256         1.40065024         0.00000000\n      H        2.15615427         1.80923145         0.00000000\n", "variables": {"SCF TOTAL ENERGY": -319.9544402554771, "CURRENT ENERGY": -319.9544402554771, "SCF ITERATION ENERGY": -319.9544402554771, "SCF DIPOLE X": 1.3652222578489106, "CURRENT DIPOLE Z": 0.0, "CURRENT DIPOLE X": 1.3652222578489106, "NUCLEAR REPULSION ENERGY": 238.6786867065691, "DFT TOTAL ENERGY": -319.9544402554771, "SCF N ITERS": 9.0, "DFT FUNCTIONAL TOTAL ENERGY": -319.9544402554771, "DFT XC ENERGY": -34.64141412627469, "CURRENT REFERENCE ENERGY": -319.9544402554771, "SCF DIPOLE Y": -1.456125108902442, "SCF DIPOLE Z": 0.0, "TWO-ELECTRON ENERGY": 383.5420978808296, "ONE-ELECTRON ENERGY": -907.5338107166011, "CURRENT DIPOLE Y": -1.456125108902442}, "args": "B3LYP/aug-cc-pVDZ", "modelchem": "B3LYP/aug-cc-pVDZ", "moleucle_hash": "be3fed884fbedf0f605ac905e1e1eb52ab301c63"}