{"args": "B3LYP/aug-cc-pVDZ", "driver": "energy", "molecule": "\n  0  1\n      C       -1.78022870         0.14987298         0.00000000\n      H       -2.89545364         0.23836736         0.00000000\n      O       -1.13881825         1.21461091         0.00000000\n      N       -1.41027191        -1.13460552         0.00000000\n      H       -0.38077495        -1.38453958         0.00000000\n      H       -2.16426193        -1.81034042         0.00000000\n  GH(C)        1.80849126        -0.13489609         0.00000000\n  GH(H)        2.91397761        -0.22261770         0.00000000\n  GH(N)        1.15496921        -1.26599407         0.00000000\n  GH(H)        1.83228961        -2.02978225         0.00000000\n  GH(N)        1.40124345         1.14388415         0.00000000\n  GH(H)        0.39074481         1.36097240         0.00000000\n  GH(H)        2.11873085         1.85410086         0.00000000\n", "error": "", "molecule_hash": "bef49e070547098198d0c15918da4689d311cfa7", "success": true, "output": "", "return_value": -169.9189167193669, "modelchem": "B3LYP/aug-cc-pVDZ", "variables": {"NUCLEAR REPULSION ENERGY": 70.24012729732813, "CURRENT DIPOLE Z": 0.0, "DFT FUNCTIONAL TOTAL ENERGY": -169.9189167193669, "DFT XC ENERGY": -17.789273939911705, "CURRENT DIPOLE X": -1.0674183040124061, "ONE-ELECTRON ENERGY": -369.7607199111043, "SCF TOTAL ENERGY": -169.9189167193669, "DFT TOTAL ENERGY": -169.9189167193669, "CURRENT ENERGY": -169.9189167193669, "TWO-ELECTRON ENERGY": 147.39094983432096, "CURRENT DIPOLE Y": -4.187982984746017, "SCF ITERATION ENERGY": -169.9189167193669, "CURRENT REFERENCE ENERGY": -169.9189167193669, "SCF DIPOLE Y": -4.187982984746017, "SCF N ITERS": 8.0, "SCF DIPOLE Z": 0.0, "SCF DIPOLE X": -1.0674183040124061}}