{"return_value": -150.03432310133982, "args": "B3LYP/aug-cc-pVDZ", "molecule": "\n  0  1\n  GH(C)       -2.66627924         0.13246574         0.00000000\n  GH(H)       -3.77728386         0.18752690         0.00000000\n  GH(O)       -1.97376452         1.15272174         0.00000000\n  GH(N)       -2.15448827        -1.13525942         0.00000000\n  GH(H)       -1.14315421        -1.25838806         0.00000000\n  GH(H)       -2.76095466        -1.94449331         0.00000000\n      C        2.72710220        -0.13482909         0.00000000\n      H        3.82978184        -0.18947766         0.00000000\n      N        1.94426866        -1.17439124         0.00000000\n      H        2.52008027        -2.02303547         0.00000000\n      N        2.21808889         1.13969445         0.00000000\n      H        1.21077019         1.27082675         0.00000000\n      H        2.82358807         1.94643158         0.00000000\n", "variables": {"NUCLEAR REPULSION ENERGY": 71.43261759427116, "CURRENT DIPOLE X": 1.9398888710398778, "SCF N ITERS": 8.0, "CURRENT DIPOLE Y": 2.2105949413773627, "DFT XC ENERGY": -16.743155040235052, "DFT FUNCTIONAL TOTAL ENERGY": -150.03432310133982, "SCF TOTAL ENERGY": -150.03432310133982, "CURRENT ENERGY": -150.03432310133982, "ONE-ELECTRON ENERGY": -343.47748890922094, "SCF ITERATION ENERGY": -150.03432310133982, "CURRENT DIPOLE Z": 0.0, "DFT TOTAL ENERGY": -150.03432310133982, "SCF DIPOLE Z": 0.0, "TWO-ELECTRON ENERGY": 138.753703253845, "SCF DIPOLE X": 1.9398888710398778, "CURRENT REFERENCE ENERGY": -150.03432310133982, "SCF DIPOLE Y": 2.2105949413773627}, "output": "", "modelchem": "B3LYP/aug-cc-pVDZ", "driver": "energy", "error": "", "moleucle_hash": "c048b998bfb676f0092c4d70a354d2bbdd0d6f3d", "success": true}