{"moleucle_hash": "c05be13ed55306d8faf45bbcd258a537afc2edb3", "driver": "energy", "variables": {"CURRENT DIPOLE X": -1.855657158998631, "CURRENT REFERENCE ENERGY": -150.03054006418802, "DFT FUNCTIONAL TOTAL ENERGY": -150.03054006418802, "SCF ITERATION ENERGY": -150.03054006418802, "SCF DIPOLE X": -1.855657158998631, "CURRENT ENERGY": -150.03054006418802, "SCF DIPOLE Y": -2.650513867888691, "CURRENT DIPOLE Z": 0.0, "TWO-ELECTRON ENERGY": 138.59483332806846, "SCF DIPOLE Z": 0.0, "DFT TOTAL ENERGY": -150.03054006418802, "DFT XC ENERGY": -16.739785936982077, "NUCLEAR REPULSION ENERGY": 71.3072379535196, "CURRENT DIPOLE Y": -2.650513867888691, "SCF TOTAL ENERGY": -150.03054006418802, "ONE-ELECTRON ENERGY": -343.19282540879396, "SCF N ITERS": 8.0}, "success": true, "modelchem": "B3LYP/aug-cc-pVDZ", "molecule": "\n  0  1\n  GH(C)        1.89693820        -0.10782700         0.00000000\n  GH(H)        3.00339990        -0.17072121         0.00000000\n  GH(N)        1.22354936        -1.22831838         0.00000000\n  GH(H)        1.88594286        -2.00636060         0.00000000\n  GH(N)        1.43499889         1.15607525         0.00000000\n  GH(H)        0.40250444         1.33793562         0.00000000\n  GH(H)        2.11977084         1.89888692         0.00000000\n      C       -1.89693820         0.10782700         0.00000000\n      H       -3.00339990         0.17072121         0.00000000\n      N       -1.22354936         1.22831838         0.00000000\n      H       -1.88594286         2.00636060         0.00000000\n      N       -1.43499889        -1.15607525         0.00000000\n      H       -0.40250444        -1.33793562         0.00000000\n      H       -2.11977084        -1.89888692         0.00000000\n", "args": "B3LYP/aug-cc-pVDZ", "output": "", "return_value": -150.03054006418802, "error": ""}