{"error": "", "args": "B3LYP/aug-cc-pVDZ", "modelchem": "B3LYP/aug-cc-pVDZ", "return_value": -189.78661939358508, "molecule": "\n  0  1\n  GH(C)        1.69147262        -0.17006280         0.00000000\n  GH(H)        2.79500199        -0.28101305         0.00000000\n  GH(O)        1.02814129        -1.21720864         0.00000000\n  GH(O)        1.36966587         1.08860681         0.00000000\n  GH(H)        0.34380745         1.18798183         0.00000000\n      C       -1.69147262         0.17006280         0.00000000\n      H       -2.79500199         0.28101305         0.00000000\n      O       -1.02814129         1.21720864         0.00000000\n      O       -1.36966587        -1.08860681         0.00000000\n      H       -0.34380745        -1.18798183         0.00000000\n", "output": "", "success": true, "variables": {"CURRENT DIPOLE Z": 0.0, "DFT XC ENERGY": -18.824996084137105, "CURRENT REFERENCE ENERGY": -189.78661939358508, "CURRENT DIPOLE X": -0.038874350713446096, "TWO-ELECTRON ENERGY": 156.08048505704681, "SCF DIPOLE Y": -2.2366075351405117, "DFT FUNCTIONAL TOTAL ENERGY": -189.78661939358508, "SCF DIPOLE X": -0.038874350713446096, "NUCLEAR REPULSION ENERGY": 69.3389400485488, "DFT TOTAL ENERGY": -189.78661939358508, "SCF N ITERS": 8.0, "CURRENT ENERGY": -189.78661939358508, "SCF TOTAL ENERGY": -189.78661939358508, "CURRENT DIPOLE Y": -2.2366075351405117, "SCF DIPOLE Z": 0.0, "SCF ITERATION ENERGY": -189.78661939358508, "ONE-ELECTRON ENERGY": -396.3810484150436}, "driver": "energy", "moleucle_hash": "c09fb18eee9b9eabe7a907e38cecf49c4e0b942d"}