{"error": "", "success": true, "molecule_hash": "c10070996280f208ca042bc3a6679c3fce4a6682", "args": "B3LYP/aug-cc-pVDZ", "return_value": -359.73753794476545, "modelchem": "B3LYP/aug-cc-pVDZ", "molecule": "\n  0  1\n      C       -2.17348283         0.17454732         0.00000000\n      H       -3.27458485         0.26172858         0.00000000\n      O       -1.43904397         1.15551433         0.00000000\n      O       -1.74791159        -1.10161980         0.00000000\n      H       -0.76134836        -1.09577404         0.00000000\n      C        2.21279083        -0.17274192         0.00000000\n      H        3.31991768        -0.26040021         0.00000000\n      O        1.46265433        -1.15955428         0.00000000\n      N        1.75999690         1.11191304         0.00000000\n      H        0.75279213         1.28183397         0.00000000\n      H        2.40708847         1.88942849         0.00000000\n", "output": "", "driver": "energy", "variables": {"SCF N ITERS": 10.0, "DFT XC ENERGY": -36.64192298494022, "SCF TOTAL ENERGY": -359.73753794476545, "SCF DIPOLE X": 1.1383427643994521, "SCF DIPOLE Y": 2.25146122949179, "CURRENT REFERENCE ENERGY": -359.73753794476545, "SCF DIPOLE Z": 0.0, "ONE-ELECTRON ENERGY": -929.2679061351627, "DFT FUNCTIONAL TOTAL ENERGY": -359.73753794476545, "CURRENT ENERGY": -359.73753794476545, "CURRENT DIPOLE Y": 2.25146122949179, "SCF ITERATION ENERGY": -359.73753794476545, "CURRENT DIPOLE X": 1.1383427643994521, "CURRENT DIPOLE Z": 0.0, "TWO-ELECTRON ENERGY": 385.09810002804096, "DFT TOTAL ENERGY": -359.73753794476545, "NUCLEAR REPULSION ENERGY": 221.07419114729646}}