{"variables": {"DFT XC ENERGY": -35.68954922473138, "DFT FUNCTIONAL TOTAL ENERGY": -339.84994460974355, "SCF DIPOLE Y": -2.2575241498401512e-15, "ONE-ELECTRON ENERGY": -936.998041102099, "CURRENT DIPOLE X": 1.3545144899040907e-14, "CURRENT REFERENCE ENERGY": -339.84994460974355, "SCF DIPOLE X": 1.3545144899040907e-14, "CURRENT ENERGY": -339.84994460974355, "CURRENT DIPOLE Z": 0.0, "NUCLEAR REPULSION ENERGY": 239.16459501094764, "CURRENT DIPOLE Y": -2.2575241498401512e-15, "SCF TOTAL ENERGY": -339.84994460974355, "SCF ITERATION ENERGY": -339.84994460974355, "SCF DIPOLE Z": 0.0, "DFT TOTAL ENERGY": -339.84994460974355, "SCF N ITERS": 9.0, "TWO-ELECTRON ENERGY": 393.6730507061392}, "modelchem": "B3LYP/aug-cc-pVDZ", "molecule": "\n  0  1\n      C        1.73857937        -0.19960660         0.00000000\n      H        2.84972331        -0.32717722         0.00000000\n      O        1.07441392        -1.24725582         0.00000000\n      N        1.42842301         1.10192478         0.00000000\n      H        0.43552514         1.39016691         0.00000000\n      H        2.20654586         1.74794356         0.00000000\n      C       -1.73857937         0.19960660         0.00000000\n      H       -2.84972331         0.32717722         0.00000000\n      O       -1.07441392         1.24725582         0.00000000\n      N       -1.42842301        -1.10192478         0.00000000\n      H       -0.43552514        -1.39016691         0.00000000\n      H       -2.20654586        -1.74794356         0.00000000\n", "return_value": -339.84994460974355, "output": "", "success": true, "args": "B3LYP/aug-cc-pVDZ", "error": "", "driver": "energy", "molecule_hash": "c1301dbd0ef1a97cba1d5960425ca4883b170b72"}