{"molecule_hash": "c1609b827dc3ed047d6d525369f56c8ee8b1277f", "output": "", "driver": "energy", "return_value": -319.97564969614086, "error": "", "success": true, "variables": {"DFT FUNCTIONAL TOTAL ENERGY": -319.97564969614086, "SCF N ITERS": 9.0, "SCF TOTAL ENERGY": -319.97564969614086, "CURRENT REFERENCE ENERGY": -319.97564969614086, "CURRENT ENERGY": -319.97564969614086, "SCF DIPOLE Z": 0.0, "SCF ITERATION ENERGY": -319.97564969614086, "CURRENT DIPOLE Z": 0.0, "DFT XC ENERGY": -34.60882336195135, "TWO-ELECTRON ENERGY": 379.0986993442826, "DFT TOTAL ENERGY": -319.97564969614086, "NUCLEAR REPULSION ENERGY": 234.18695439910894, "SCF DIPOLE Y": -1.4938501135536497, "CURRENT DIPOLE X": 1.2206945021654214, "CURRENT DIPOLE Y": -1.4938501135536497, "SCF DIPOLE X": 1.2206945021654214, "ONE-ELECTRON ENERGY": -898.652480077581}, "modelchem": "B3LYP/aug-cc-pVDZ", "molecule": "\n  0  1\n      C       -1.87720296         0.13037316         0.00000000\n      H       -2.99024880         0.20231026         0.00000000\n      O       -1.21984382         1.18650518         0.00000000\n      N       -1.43964187        -1.13803078         0.00000000\n      H       -0.40644181        -1.33086253         0.00000000\n      H       -2.13868738        -1.87029717         0.00000000\n      C        1.91488588        -0.11471276         0.00000000\n      H        3.01882141        -0.18606105         0.00000000\n      N        1.23404120        -1.23071467         0.00000000\n      H        1.88923247        -2.01504741         0.00000000\n      N        1.43187244         1.14338561         0.00000000\n      H        0.41107420         1.29878706         0.00000000\n      H        2.08912295         1.90958573         0.00000000\n", "args": "B3LYP/aug-cc-pVDZ"}