{"variables": {"CURRENT REFERENCE ENERGY": -189.7950442567969, "SCF TOTAL ENERGY": -189.7950442567969, "NUCLEAR REPULSION ENERGY": 69.44196665495082, "DFT FUNCTIONAL TOTAL ENERGY": -189.7950442567969, "CURRENT DIPOLE Z": 0.0, "ONE-ELECTRON ENERGY": -396.62582972893244, "TWO-ELECTRON ENERGY": 156.2235601129484, "CURRENT DIPOLE X": -0.3887188918343803, "SCF ITERATION ENERGY": -189.7950442567969, "CURRENT ENERGY": -189.7950442567969, "CURRENT DIPOLE Y": -1.5372789971588403, "SCF DIPOLE X": -0.3887188918343803, "DFT XC ENERGY": -18.834741295763685, "SCF DIPOLE Y": -1.5372789971588403, "SCF DIPOLE Z": 0.0, "SCF N ITERS": 8.0, "DFT TOTAL ENERGY": -189.7950442567969}, "return_value": -189.7950442567969, "error": "", "output": "", "molecule": "\n  0  1\n      C       -2.63833181         0.17421223         0.00000000\n      H       -3.74182732         0.24259469         0.00000000\n      O       -1.89813960         1.14236018         0.00000000\n      O       -2.22587715        -1.11630144         0.00000000\n      H       -1.24674157        -1.10613581         0.00000000\n  GH(C)        2.75133046        -0.15977949         0.00000000\n  GH(H)        3.85338801        -0.22807284         0.00000000\n  GH(N)        1.94079641        -1.17624150         0.00000000\n  GH(H)        2.48828614        -2.04318335         0.00000000\n  GH(N)        2.27517829         1.12893018         0.00000000\n  GH(H)        1.27261881         1.28724241         0.00000000\n  GH(H)        2.90172978         1.91949574         0.00000000\n", "moleucle_hash": "c21d109e8feda8eb94c3202bd2edba7f560efd6f", "success": true, "args": "B3LYP/aug-cc-pVDZ", "driver": "energy", "modelchem": "B3LYP/aug-cc-pVDZ"}