{"return_value": -150.02223432643484, "error": "", "molecule": "\n  0  1\n      C        1.74573454        -0.12211451         0.00000000\n      H        2.85588849        -0.19977002         0.00000000\n      N        1.13008345        -1.27542245         0.00000000\n      H        1.83665594        -2.01109010         0.00000000\n      N        1.38209118         1.16632433         0.00000000\n      H        0.35550066         1.43042391         0.00000000\n      H        2.14642150         1.82776097         0.00000000\n  GH(C)       -1.74573454         0.12211451         0.00000000\n  GH(H)       -2.85588849         0.19977002         0.00000000\n  GH(N)       -1.13008345         1.27542245         0.00000000\n  GH(H)       -1.83665594         2.01109010         0.00000000\n  GH(N)       -1.38209118        -1.16632433         0.00000000\n  GH(H)       -0.35550066        -1.43042391         0.00000000\n  GH(H)       -2.14642150        -1.82776097         0.00000000\n", "driver": "energy", "variables": {"CURRENT ENERGY": -150.02223432643484, "SCF N ITERS": 8.0, "CURRENT DIPOLE Y": 2.848850921224775, "SCF ITERATION ENERGY": -150.02223432643484, "CURRENT DIPOLE Z": 0.0, "DFT TOTAL ENERGY": -150.02223432643484, "SCF TOTAL ENERGY": -150.02223432643484, "CURRENT DIPOLE X": 1.8788010219348243, "CURRENT REFERENCE ENERGY": -150.02223432643484, "DFT XC ENERGY": -16.73797610877855, "SCF DIPOLE Z": 0.0, "SCF DIPOLE Y": 2.848850921224775, "TWO-ELECTRON ENERGY": 138.36727954863065, "SCF DIPOLE X": 1.8788010219348243, "DFT FUNCTIONAL TOTAL ENERGY": -150.02223432643484, "ONE-ELECTRON ENERGY": -342.77255564696924, "NUCLEAR REPULSION ENERGY": 71.12101788068232}, "output": "", "success": true, "args": "B3LYP/aug-cc-pVDZ", "modelchem": "B3LYP/aug-cc-pVDZ", "molecule_hash": "c5111777e74dc26ea614cc07cdf7784e74900082"}