{"modelchem": "B3LYP/aug-cc-pVDZ", "variables": {"DFT XC ENERGY": -17.795914862016808, "CURRENT DIPOLE Y": 4.105509507701592, "NUCLEAR REPULSION ENERGY": 70.42980104321587, "SCF N ITERS": 8.0, "CURRENT REFERENCE ENERGY": -169.92343407890368, "DFT TOTAL ENERGY": -169.92343407890368, "SCF DIPOLE Y": 4.105509507701592, "SCF DIPOLE X": 1.0699051367658061, "CURRENT DIPOLE Z": 0.0, "ONE-ELECTRON ENERGY": -370.1609588763994, "CURRENT ENERGY": -169.92343407890368, "TWO-ELECTRON ENERGY": 147.60363861629662, "SCF TOTAL ENERGY": -169.92343407890368, "SCF ITERATION ENERGY": -169.92343407890368, "DFT FUNCTIONAL TOTAL ENERGY": -169.92343407890368, "CURRENT DIPOLE X": 1.0699051367658061, "SCF DIPOLE Z": 0.0}, "error": "", "molecule": "\n  0  1\n      C        1.89495225        -0.13840942         0.00000000\n      H        3.00512682        -0.21949780         0.00000000\n      O        1.23153916        -1.19064307         0.00000000\n      N        1.43998729         1.12629331         0.00000000\n      H        0.41948596         1.29629750         0.00000000\n      H        2.11367741         1.88100998         0.00000000\n  GH(C)       -1.89495225         0.13840942         0.00000000\n  GH(H)       -3.00512682         0.21949780         0.00000000\n  GH(O)       -1.23153916         1.19064307         0.00000000\n  GH(N)       -1.43998729        -1.12629331         0.00000000\n  GH(H)       -0.41948596        -1.29629750         0.00000000\n  GH(H)       -2.11367741        -1.88100998         0.00000000\n", "success": true, "moleucle_hash": "c59165f433bf33ea74b476559c0f512d3f299e37", "return_value": -169.92343407890368, "driver": "energy", "output": "", "args": "B3LYP/aug-cc-pVDZ"}