{"driver": "energy", "output": "", "error": "", "modelchem": "B3LYP/aug-cc-pVDZ", "moleucle_hash": "c66367fb9d15a15a4209a85bef7f5604f06bac95", "molecule": "\n  0  1\n  GH(C)       -1.90625728         0.15789816         0.00000000\n  GH(H)       -3.00992908         0.25165586         0.00000000\n  GH(O)       -1.21798842         1.18183546         0.00000000\n  GH(O)       -1.48225867        -1.09353763         0.00000000\n  GH(H)       -0.45272461        -1.11834425         0.00000000\n      C        1.97974667        -0.17222063         0.00000000\n      H        3.07948948        -0.26564455         0.00000000\n      N        1.17265485        -1.20000472         0.00000000\n      H        1.70375525        -2.07277955         0.00000000\n      N        1.55373649         1.11388209         0.00000000\n      H        0.54641308         1.30898417         0.00000000\n      H        2.23141500         1.86193091         0.00000000\n", "return_value": -150.03441849173655, "success": true, "args": "B3LYP/aug-cc-pVDZ", "variables": {"NUCLEAR REPULSION ENERGY": 71.49797418701968, "CURRENT REFERENCE ENERGY": -150.03441849173655, "CURRENT DIPOLE Y": 2.2700646292380458, "CURRENT DIPOLE Z": 0.0, "SCF ITERATION ENERGY": -150.03441849173655, "SCF TOTAL ENERGY": -150.03441849173655, "DFT FUNCTIONAL TOTAL ENERGY": -150.03441849173655, "CURRENT DIPOLE X": 2.0254169617648383, "CURRENT ENERGY": -150.03441849173655, "ONE-ELECTRON ENERGY": -343.5962138583096, "SCF DIPOLE Z": 0.0, "SCF DIPOLE Y": 2.2700646292380458, "DFT XC ENERGY": -16.744952450283517, "SCF DIPOLE X": 2.0254169617648383, "DFT TOTAL ENERGY": -150.03441849173655, "SCF N ITERS": 8.0, "TWO-ELECTRON ENERGY": 138.8087736298369}}