{"driver": "energy", "error": "", "success": true, "modelchem": "B3LYP/aug-cc-pVDZ", "output": "", "molecule_hash": "c8a613ebc087f259be31f6c0ab622304b8ca8f94", "return_value": -169.92510817743772, "variables": {"SCF DIPOLE X": -1.1664238774351743, "SCF N ITERS": 8.0, "SCF DIPOLE Y": -3.841396439952738, "SCF ITERATION ENERGY": -169.92510817743772, "TWO-ELECTRON ENERGY": 147.6835311808328, "CURRENT DIPOLE Y": -3.841396439952738, "ONE-ELECTRON ENERGY": -370.3204585379236, "DFT XC ENERGY": -17.800017846118912, "DFT TOTAL ENERGY": -169.92510817743772, "NUCLEAR REPULSION ENERGY": 70.51183702577201, "SCF DIPOLE Z": 0.0, "CURRENT REFERENCE ENERGY": -169.92510817743772, "SCF TOTAL ENERGY": -169.92510817743772, "CURRENT DIPOLE Z": 0.0, "CURRENT ENERGY": -169.92510817743772, "CURRENT DIPOLE X": -1.1664238774351743, "DFT FUNCTIONAL TOTAL ENERGY": -169.92510817743772}, "molecule": "\n  0  1\n  GH(C)        3.19679060        -0.14329444         0.00000000\n  GH(H)        4.30890404        -0.19314433         0.00000000\n  GH(O)        2.49028966        -1.14973005         0.00000000\n  GH(N)        2.71746327         1.13986108         0.00000000\n  GH(H)        1.71465256         1.29686270         0.00000000\n  GH(H)        3.34615668         1.93211051         0.00000000\n      C       -3.19679060         0.14329444         0.00000000\n      H       -4.30890404         0.19314433         0.00000000\n      O       -2.49028966         1.14973005         0.00000000\n      N       -2.71746327        -1.13986108         0.00000000\n      H       -1.71465256        -1.29686270         0.00000000\n      H       -3.34615668        -1.93211051         0.00000000\n", "args": "B3LYP/aug-cc-pVDZ"}