{"moleucle_hash": "c94961cdae5a851a6517cda86c6c057623edec8a", "driver": "energy", "variables": {"DFT TOTAL ENERGY": -189.79409312620948, "TWO-ELECTRON ENERGY": 156.25256368611528, "NUCLEAR REPULSION ENERGY": 69.46242034098893, "CURRENT DIPOLE X": 0.3787569860112059, "DFT FUNCTIONAL TOTAL ENERGY": -189.79409312620948, "ONE-ELECTRON ENERGY": -396.67847298228764, "CURRENT DIPOLE Y": 1.7736995999374612, "SCF DIPOLE X": 0.3787569860112059, "SCF N ITERS": 8.0, "CURRENT REFERENCE ENERGY": -189.79409312620948, "SCF ITERATION ENERGY": -189.79409312620948, "DFT XC ENERGY": -18.83060417102606, "SCF DIPOLE Y": 1.7736995999374612, "CURRENT ENERGY": -189.79409312620948, "CURRENT DIPOLE Z": 0.0, "SCF DIPOLE Z": 0.0, "SCF TOTAL ENERGY": -189.79409312620948}, "error": "", "molecule": "\n  0  1\n      C        1.93997588        -0.19747119         0.00000000\n      H        3.03876443        -0.30931746         0.00000000\n      O        1.18372180        -1.16964417         0.00000000\n      O        1.56485002         1.08053745         0.00000000\n      H        0.57046128         1.12083453         0.00000000\n  GH(C)       -1.93997588         0.19747119         0.00000000\n  GH(H)       -3.03876443         0.30931746         0.00000000\n  GH(O)       -1.18372180         1.16964417         0.00000000\n  GH(O)       -1.56485002        -1.08053745         0.00000000\n  GH(H)       -0.57046128        -1.12083453         0.00000000\n", "modelchem": "B3LYP/aug-cc-pVDZ", "args": "B3LYP/aug-cc-pVDZ", "return_value": -189.79409312620948, "success": true, "output": ""}