{"output": "", "error": "", "args": "B3LYP/aug-cc-pVDZ", "driver": "energy", "variables": {"DFT XC ENERGY": -35.66754346816686, "ONE-ELECTRON ENERGY": -936.0848342349578, "CURRENT DIPOLE Z": 0.0, "SCF DIPOLE Z": 0.0, "CURRENT DIPOLE Y": 0.12170343328284777, "CURRENT DIPOLE X": 3.759454720045608, "SCF ITERATION ENERGY": -339.8499940477591, "CURRENT ENERGY": -339.8499940477591, "NUCLEAR REPULSION ENERGY": 238.70762893603847, "CURRENT REFERENCE ENERGY": -339.8499940477591, "SCF TOTAL ENERGY": -339.8499940477591, "SCF N ITERS": 10.0, "DFT FUNCTIONAL TOTAL ENERGY": -339.8499940477591, "SCF DIPOLE Y": 0.12170343328284777, "TWO-ELECTRON ENERGY": 393.1947547193271, "SCF DIPOLE X": 3.759454720045608, "DFT TOTAL ENERGY": -339.8499940477591}, "success": true, "return_value": -339.8499940477591, "modelchem": "B3LYP/aug-cc-pVDZ", "moleucle_hash": "c9d7730e9c75f6704787def6179914831651e0fe", "molecule": "\n  0  1\n      C       -1.76494924         0.15235779         0.00000000\n      H       -2.87327871         0.25118115         0.00000000\n      O       -1.11608332         1.20862564         0.00000000\n      O       -1.38646683        -1.09127823         0.00000000\n      H       -0.29340506        -1.17844056         0.00000000\n      C        1.82082566        -0.16736510         0.00000000\n      H        2.92191627        -0.26554301         0.00000000\n      N        1.07144779        -1.23580930         0.00000000\n      H        1.63171355        -2.08650902         0.00000000\n      N        1.45046411         1.12181032         0.00000000\n      H        0.44433636         1.35982341         0.00000000\n      H        2.18036640         1.81973064         0.00000000\n"}