{"molecule_hash": "c9ee98298767965466807b6293dcb36d45a4cad6", "output": "", "return_value": -150.0345521851664, "driver": "energy", "modelchem": "B3LYP/aug-cc-pVDZ", "args": "B3LYP/aug-cc-pVDZ", "error": "", "success": true, "variables": {"SCF TOTAL ENERGY": -150.0345521851664, "CURRENT ENERGY": -150.0345521851664, "DFT XC ENERGY": -16.743763136048486, "CURRENT DIPOLE Y": 2.2276170268341007, "SCF N ITERS": 8.0, "SCF DIPOLE X": 2.024178276396363, "SCF DIPOLE Y": 2.2276170268341007, "CURRENT DIPOLE Z": 0.0, "DFT FUNCTIONAL TOTAL ENERGY": -150.03455218516643, "NUCLEAR REPULSION ENERGY": 71.48853214424686, "SCF ITERATION ENERGY": -150.0345521851664, "TWO-ELECTRON ENERGY": 138.80613525842497, "SCF DIPOLE Z": 0.0, "DFT TOTAL ENERGY": -150.03455218516643, "CURRENT DIPOLE X": 2.024178276396363, "CURRENT REFERENCE ENERGY": -150.0345521851664, "ONE-ELECTRON ENERGY": -343.58545645178975}, "molecule": "\n  0  1\n  GH(C)       -1.95441797         0.15753953         0.00000000\n  GH(H)       -3.05736547         0.24858075         0.00000000\n  GH(O)       -1.25897479         1.17508156         0.00000000\n  GH(O)       -1.51819340        -1.09554164         0.00000000\n  GH(H)       -0.49885308        -1.10531756         0.00000000\n      C        2.03202506        -0.17151568         0.00000000\n      H        3.13158097        -0.26227695         0.00000000\n      N        1.21422382        -1.19144395         0.00000000\n      H        1.73970852        -2.06839079         0.00000000\n      N        1.59233540         1.11373305         0.00000000\n      H        0.58444574         1.29777092         0.00000000\n      H        2.25678662         1.87343146         0.00000000\n"}