{"args": "B3LYP/aug-cc-pVDZ", "modelchem": "B3LYP/aug-cc-pVDZ", "success": true, "variables": {"NUCLEAR REPULSION ENERGY": 70.42980104321589, "SCF DIPOLE X": -1.0699027539451287, "CURRENT DIPOLE Y": -4.105505420102644, "DFT FUNCTIONAL TOTAL ENERGY": -169.9234340784654, "SCF TOTAL ENERGY": -169.92343407846536, "CURRENT REFERENCE ENERGY": -169.92343407846536, "DFT TOTAL ENERGY": -169.9234340784654, "TWO-ELECTRON ENERGY": 147.6036022448275, "CURRENT ENERGY": -169.92343407846536, "CURRENT DIPOLE Z": 0.0, "SCF N ITERS": 8.0, "SCF DIPOLE Z": 0.0, "SCF ITERATION ENERGY": -169.92343407846536, "CURRENT DIPOLE X": -1.0699027539451287, "DFT XC ENERGY": -17.79591205310045, "SCF DIPOLE Y": -4.105505420102644, "ONE-ELECTRON ENERGY": -370.1609253134083}, "output": "", "error": "", "return_value": -169.92343407846536, "molecule": "\n  0  1\n  GH(C)        1.89495225        -0.13840942         0.00000000\n  GH(H)        3.00512682        -0.21949780         0.00000000\n  GH(O)        1.23153916        -1.19064307         0.00000000\n  GH(N)        1.43998729         1.12629331         0.00000000\n  GH(H)        0.41948596         1.29629750         0.00000000\n  GH(H)        2.11367741         1.88100998         0.00000000\n      C       -1.89495225         0.13840942         0.00000000\n      H       -3.00512682         0.21949780         0.00000000\n      O       -1.23153916         1.19064307         0.00000000\n      N       -1.43998729        -1.12629331         0.00000000\n      H       -0.41948596        -1.29629750         0.00000000\n      H       -2.11367741        -1.88100998         0.00000000\n", "driver": "energy", "moleucle_hash": "cabadf33ec63f5e96dcec95af70b32aaf64cbe75"}