{"args": "B3LYP/aug-cc-pVDZ", "driver": "energy", "success": true, "moleucle_hash": "cb975c4288a1a760dce98d34b020103b04f91f17", "variables": {"CURRENT ENERGY": -379.6144518297325, "SCF N ITERS": 8.0, "CURRENT DIPOLE Z": 0.0, "SCF ITERATION ENERGY": -379.6144518297325, "SCF TOTAL ENERGY": -379.6144518297325, "SCF DIPOLE Z": 0.0, "ONE-ELECTRON ENERGY": -988.8612470238838, "CURRENT DIPOLE Y": 2.2575241498401512e-15, "CURRENT REFERENCE ENERGY": -379.6144518297325, "DFT XC ENERGY": -37.727820021735134, "TWO-ELECTRON ENERGY": 410.1483083599913, "SCF DIPOLE X": 1.4109525936500946e-15, "DFT FUNCTIONAL TOTAL ENERGY": -379.6144518297325, "DFT TOTAL ENERGY": -379.6144518297325, "NUCLEAR REPULSION ENERGY": 236.82630685589515, "CURRENT DIPOLE X": 1.4109525936500946e-15, "SCF DIPOLE Y": 2.2575241498401512e-15}, "modelchem": "B3LYP/aug-cc-pVDZ", "return_value": -379.6144518297325, "output": "", "error": "", "molecule": "\n  0  1\n      C        1.84016492        -0.19051039         0.00000000\n      H        2.93982222        -0.30435679         0.00000000\n      O        1.10803623        -1.18439540         0.00000000\n      O        1.47971186         1.07967254         0.00000000\n      H        0.47644336         1.13716323         0.00000000\n      C       -1.84016492         0.19051039         0.00000000\n      H       -2.93982222         0.30435679         0.00000000\n      O       -1.10803623         1.18439540         0.00000000\n      O       -1.47971186        -1.07967254         0.00000000\n      H       -0.47644336        -1.13716323         0.00000000\n"}