{"driver": "energy", "variables": {"CURRENT ENERGY": -189.795118177434, "SCF N ITERS": 8.0, "ONE-ELECTRON ENERGY": -396.59532867190813, "CURRENT DIPOLE X": 0.42942996430859715, "CURRENT REFERENCE ENERGY": -189.795118177434, "CURRENT DIPOLE Y": 1.5067851295025305, "SCF DIPOLE Z": 0.0, "CURRENT DIPOLE Z": 0.0, "SCF ITERATION ENERGY": -189.795118177434, "TWO-ELECTRON ENERGY": 156.20611555482907, "DFT TOTAL ENERGY": -189.795118177434, "SCF DIPOLE Y": 1.5067851295025305, "SCF TOTAL ENERGY": -189.795118177434, "DFT XC ENERGY": -18.835838700150646, "SCF DIPOLE X": 0.42942996430859715, "DFT FUNCTIONAL TOTAL ENERGY": -189.795118177434, "NUCLEAR REPULSION ENERGY": 69.42993363979568}, "molecule": "\n  0  1\n      C        2.89338469        -0.19577496         0.00000000\n      H        3.99667367        -0.27042675         0.00000000\n      O        2.12532927        -1.13908975         0.00000000\n      O        2.52303889         1.11116394         0.00000000\n      H        1.54758478         1.13325561         0.00000000\n  GH(C)       -2.89338469         0.19577496         0.00000000\n  GH(H)       -3.99667367         0.27042675         0.00000000\n  GH(O)       -2.12532927         1.13908975         0.00000000\n  GH(O)       -2.52303889        -1.11116394         0.00000000\n  GH(H)       -1.54758478        -1.13325561         0.00000000\n", "modelchem": "B3LYP/aug-cc-pVDZ", "success": true, "args": "B3LYP/aug-cc-pVDZ", "return_value": -189.795118177434, "output": "", "error": "", "molecule_hash": "cbfc836a905c1c3f5c2da25ab0dcd45ecbec4559"}