{"moleucle_hash": "ccbb8edef1cd7e1369d8e6df1a429a602b74fd3c", "output": "", "args": "B3LYP/aug-cc-pVDZ", "variables": {"DFT XC ENERGY": -16.744910926293823, "NUCLEAR REPULSION ENERGY": 71.44390385624723, "SCF N ITERS": 8.0, "ONE-ELECTRON ENERGY": -343.495725941619, "TWO-ELECTRON ENERGY": 138.76232457173367, "CURRENT DIPOLE Z": 0.0, "DFT TOTAL ENERGY": -150.03440843993192, "SCF ITERATION ENERGY": -150.03440843993192, "SCF DIPOLE Y": 2.189037087895927, "CURRENT DIPOLE X": 1.9098115695541875, "SCF DIPOLE Z": 0.0, "SCF TOTAL ENERGY": -150.03440843993192, "DFT FUNCTIONAL TOTAL ENERGY": -150.03440843993192, "CURRENT ENERGY": -150.03440843993192, "CURRENT DIPOLE Y": 2.189037087895927, "SCF DIPOLE X": 1.9098115695541875, "CURRENT REFERENCE ENERGY": -150.03440843993192}, "return_value": -150.03440843993192, "success": true, "modelchem": "B3LYP/aug-cc-pVDZ", "molecule": "\n  0  1\n      C        4.99855171        -0.12037120         0.00000000\n      H        6.10329053        -0.14697466         0.00000000\n      N        4.23217198        -1.16574424         0.00000000\n      H        4.81516518        -2.00932380         0.00000000\n      N        4.47966407         1.15461725         0.00000000\n      H        3.47428778         1.27673150         0.00000000\n      H        5.07887010         1.96589319         0.00000000\n  GH(C)       -4.99855171         0.12037120         0.00000000\n  GH(H)       -6.10329053         0.14697466         0.00000000\n  GH(N)       -4.23217198         1.16574424         0.00000000\n  GH(H)       -4.81516518         2.00932380         0.00000000\n  GH(N)       -4.47966407        -1.15461725         0.00000000\n  GH(H)       -3.47428778        -1.27673150         0.00000000\n  GH(H)       -5.07887010        -1.96589319         0.00000000\n", "driver": "energy", "error": ""}