{"molecule_hash": "cdf67f08ae0bdf0afdda2565b5c6d319aac9978c", "variables": {"SCF DIPOLE X": -1.0158858674280681e-14, "DFT XC ENERGY": -37.68804016604844, "CURRENT REFERENCE ENERGY": -379.61166156683896, "SCF N ITERS": 8.0, "SCF DIPOLE Y": -7.901334524440529e-15, "DFT FUNCTIONAL TOTAL ENERGY": -379.61166156683896, "CURRENT ENERGY": -379.61166156683896, "SCF TOTAL ENERGY": -379.61166156683896, "CURRENT DIPOLE X": -1.0158858674280681e-14, "CURRENT DIPOLE Z": 0.0, "TWO-ELECTRON ENERGY": 400.535186645534, "SCF ITERATION ENERGY": -379.61166156683896, "NUCLEAR REPULSION ENERGY": 227.122628843165, "CURRENT DIPOLE Y": -7.901334524440529e-15, "DFT TOTAL ENERGY": -379.61166156683896, "SCF DIPOLE Z": 0.0, "ONE-ELECTRON ENERGY": -969.5814368894895}, "driver": "energy", "return_value": -379.61166156683896, "output": "", "modelchem": "B3LYP/aug-cc-pVDZ", "molecule": "\n  0  1\n      C        2.03992872        -0.20295867         0.00000000\n      H        3.13866374        -0.31227513         0.00000000\n      O        1.27022640        -1.16073661         0.00000000\n      O        1.66162256         1.08294418         0.00000000\n      H        0.67334166         1.11546236         0.00000000\n      C       -2.03992872         0.20295867         0.00000000\n      H       -3.13866374         0.31227513         0.00000000\n      O       -1.27022640         1.16073661         0.00000000\n      O       -1.66162256        -1.08294418         0.00000000\n      H       -0.67334166        -1.11546236         0.00000000\n", "args": "B3LYP/aug-cc-pVDZ", "success": true, "error": ""}