{"moleucle_hash": "d0157455fe35cbd23aca14934dd4a56ad8375ad6", "args": "B3LYP/aug-cc-pVDZ", "error": "", "molecule": "\n  0  1\n      C        2.19018321        -0.20760327         0.00000000\n      H        3.28964362        -0.31181902         0.00000000\n      O        1.41218943        -1.15341758         0.00000000\n      O        1.81652565         1.08773186         0.00000000\n      H        0.83371879         1.11760094         0.00000000\n  GH(C)       -2.19018321         0.20760327         0.00000000\n  GH(H)       -3.28964362         0.31181902         0.00000000\n  GH(O)       -1.41218943         1.15341758         0.00000000\n  GH(O)       -1.81652565        -1.08773186         0.00000000\n  GH(H)       -0.83371879        -1.11760094         0.00000000\n", "success": true, "driver": "energy", "return_value": -189.79488398783374, "output": "", "modelchem": "B3LYP/aug-cc-pVDZ", "variables": {"SCF ITERATION ENERGY": -189.79488398783374, "TWO-ELECTRON ENERGY": 156.23365830013702, "SCF DIPOLE X": 0.4532115629183999, "CURRENT ENERGY": -189.79488398783374, "NUCLEAR REPULSION ENERGY": 69.44143824381841, "CURRENT REFERENCE ENERGY": -189.79488398783374, "ONE-ELECTRON ENERGY": -396.63728903063804, "SCF DIPOLE Y": 1.5926359089836615, "SCF TOTAL ENERGY": -189.79488398783374, "SCF N ITERS": 8.0, "CURRENT DIPOLE X": 0.4532115629183999, "CURRENT DIPOLE Y": 1.5926359089836615, "DFT FUNCTIONAL TOTAL ENERGY": -189.79488398783374, "SCF DIPOLE Z": 0.0, "DFT TOTAL ENERGY": -189.79488398783374, "CURRENT DIPOLE Z": 0.0, "DFT XC ENERGY": -18.832691501151146}}