{"success": true, "error": "", "molecule_hash": "d0facb2199170e55d88276dac5c8ab00f95cbb81", "modelchem": "B3LYP/aug-cc-pVDZ", "output": "", "return_value": -150.0343625324619, "driver": "energy", "args": "B3LYP/aug-cc-pVDZ", "molecule": "\n  0  1\n      C        3.19740673        -0.12881636         0.00000000\n      H        4.30120367        -0.17328586         0.00000000\n      N        2.42581025        -1.17305230         0.00000000\n      H        3.00905003        -2.01668226         0.00000000\n      N        2.68267636         1.14568753         0.00000000\n      H        1.67620388         1.27071277         0.00000000\n      H        3.28436882         1.95508270         0.00000000\n  GH(C)       -3.19740673         0.12881636         0.00000000\n  GH(H)       -4.30120367         0.17328586         0.00000000\n  GH(N)       -2.42581025         1.17305230         0.00000000\n  GH(H)       -3.00905003         2.01668226         0.00000000\n  GH(N)       -2.68267636        -1.14568753         0.00000000\n  GH(H)       -1.67620388        -1.27071277         0.00000000\n  GH(H)       -3.28436882        -1.95508270         0.00000000\n", "variables": {"SCF ITERATION ENERGY": -150.0343625324619, "CURRENT REFERENCE ENERGY": -150.0343625324619, "SCF N ITERS": 8.0, "SCF DIPOLE X": 1.9231881401358677, "SCF DIPOLE Y": 2.2053769254321316, "DFT TOTAL ENERGY": -150.0343625324619, "DFT FUNCTIONAL TOTAL ENERGY": -150.0343625324619, "CURRENT DIPOLE X": 1.9231881401358677, "DFT XC ENERGY": -16.744198095459993, "SCF TOTAL ENERGY": -150.0343625324619, "CURRENT DIPOLE Y": 2.2053769254321316, "ONE-ELECTRON ENERGY": -343.4877594287553, "CURRENT ENERGY": -150.0343625324619, "CURRENT DIPOLE Z": 0.0, "SCF DIPOLE Z": 0.0, "TWO-ELECTRON ENERGY": 138.75826136980137, "NUCLEAR REPULSION ENERGY": 71.43933362195203}}