{"args": "B3LYP/aug-cc-pVDZ", "success": true, "output": "", "moleucle_hash": "d10d49feadaed5921df1b33408ab406b290031a0", "driver": "energy", "return_value": -189.78966222774588, "error": "", "variables": {"DFT FUNCTIONAL TOTAL ENERGY": -189.78966222774588, "ONE-ELECTRON ENERGY": -396.53152997182724, "SCF ITERATION ENERGY": -189.78966222774588, "CURRENT REFERENCE ENERGY": -189.78966222774588, "DFT XC ENERGY": -18.827595489645443, "CURRENT DIPOLE X": 0.13891080495897715, "CURRENT ENERGY": -189.78966222774588, "SCF DIPOLE X": 0.13891080495897715, "TWO-ELECTRON ENERGY": 156.16224547500227, "SCF N ITERS": 8.0, "SCF DIPOLE Z": 0.0, "SCF DIPOLE Y": 2.119071829206324, "CURRENT DIPOLE Z": 0.0, "CURRENT DIPOLE Y": 2.119071829206324, "NUCLEAR REPULSION ENERGY": 69.40721775872453, "SCF TOTAL ENERGY": -189.78966222774588, "DFT TOTAL ENERGY": -189.78966222774588}, "molecule": "\n  0  1\n      C        1.74073379        -0.17985247         0.00000000\n      H        2.84248921        -0.29368574         0.00000000\n      O        1.04839226        -1.20544675         0.00000000\n      O        1.40587723         1.08303481         0.00000000\n      H        0.38948927         1.16733829         0.00000000\n  GH(C)       -1.74073379         0.17985247         0.00000000\n  GH(H)       -2.84248921         0.29368574         0.00000000\n  GH(O)       -1.04839226         1.20544675         0.00000000\n  GH(O)       -1.40587723        -1.08303481         0.00000000\n  GH(H)       -0.38948927        -1.16733829         0.00000000\n", "modelchem": "B3LYP/aug-cc-pVDZ"}