{"molecule": "\n  0  1\n      C       -1.92586862         0.12572004         0.00000000\n      H       -3.03796709         0.19311602         0.00000000\n      O       -1.25948828         1.17632094         0.00000000\n      N       -1.46411088        -1.13741671         0.00000000\n      H       -0.43144516        -1.30889080         0.00000000\n      H       -2.14076353        -1.89029703         0.00000000\n  GH(C)        1.96699000        -0.11019704         0.00000000\n  GH(H)        3.07015648        -0.17705172         0.00000000\n  GH(N)        1.27163617        -1.21778291         0.00000000\n  GH(H)        1.91584742        -2.01186499         0.00000000\n  GH(N)        1.45874144         1.14162823         0.00000000\n  GH(H)        0.43630966         1.27622061         0.00000000\n  GH(H)        2.09327641         1.92665702         0.00000000\n", "args": "B3LYP/aug-cc-pVDZ", "error": "", "driver": "energy", "output": "", "molecule_hash": "d226d8fa844b894ce4eba7f3c88ac04dc2db5aef", "variables": {"DFT FUNCTIONAL TOTAL ENERGY": -169.92310982510102, "SCF DIPOLE Y": -4.097776343083059, "DFT XC ENERGY": -17.791079468859813, "CURRENT ENERGY": -169.92310982510102, "SCF TOTAL ENERGY": -169.92310982510102, "CURRENT DIPOLE X": -1.061506187842816, "NUCLEAR REPULSION ENERGY": 70.3725836624514, "CURRENT REFERENCE ENERGY": -169.92310982510102, "DFT TOTAL ENERGY": -169.92310982510102, "ONE-ELECTRON ENERGY": -370.06145519680786, "SCF DIPOLE X": -1.061506187842816, "SCF ITERATION ENERGY": -169.92310982510102, "SCF N ITERS": 8.0, "SCF DIPOLE Z": 0.0, "TWO-ELECTRON ENERGY": 147.55684117811523, "CURRENT DIPOLE Z": 0.0, "CURRENT DIPOLE Y": -4.097776343083059}, "success": true, "modelchem": "B3LYP/aug-cc-pVDZ", "return_value": -169.92310982510102}