{"molecule": "\n  0  1\n      C       -2.86735875         0.18206412         0.00000000\n      H       -3.97126829         0.24767419         0.00000000\n      O       -2.11347561         1.13744992         0.00000000\n      O       -2.47888370        -1.11819686         0.00000000\n      H       -1.50260023        -1.12749792         0.00000000\n  GH(C)        2.92242523        -0.16204751         0.00000000\n  GH(H)        4.03336881        -0.22807565         0.00000000\n  GH(O)        2.19639756        -1.15519802         0.00000000\n  GH(N)        2.46432498         1.12882796         0.00000000\n  GH(H)        1.46400695         1.30306213         0.00000000\n  GH(H)        3.10628291         1.91044267         0.00000000\n", "return_value": -189.795126085233, "modelchem": "B3LYP/aug-cc-pVDZ", "success": true, "driver": "energy", "molecule_hash": "d2f3e04c77881289c2b195c39174ec931a687ea1", "error": "", "variables": {"NUCLEAR REPULSION ENERGY": 69.43545988527914, "CURRENT DIPOLE X": -0.40518360091662803, "SCF DIPOLE X": -0.40518360091662803, "SCF DIPOLE Y": -1.5239771890114604, "SCF DIPOLE Z": 0.0, "SCF ITERATION ENERGY": -189.795126085233, "TWO-ELECTRON ENERGY": 156.21185360194485, "ONE-ELECTRON ENERGY": -396.60667075088065, "DFT TOTAL ENERGY": -189.795126085233, "CURRENT DIPOLE Y": -1.5239771890114604, "DFT XC ENERGY": -18.835768821576348, "SCF TOTAL ENERGY": -189.795126085233, "SCF N ITERS": 8.0, "CURRENT ENERGY": -189.795126085233, "CURRENT REFERENCE ENERGY": -189.795126085233, "DFT FUNCTIONAL TOTAL ENERGY": -189.795126085233, "CURRENT DIPOLE Z": 0.0}, "args": "B3LYP/aug-cc-pVDZ", "output": ""}