{"driver": "energy", "error": "", "molecule": "\n  0  1\n      C        2.89724776        -0.12632587         0.00000000\n      H        4.00054647        -0.17443193         0.00000000\n      N        2.12821587        -1.17451446         0.00000000\n      H        2.71529330        -2.01553546         0.00000000\n      N        2.37424699         1.14355972         0.00000000\n      H        1.36542121         1.26070273         0.00000000\n      H        2.97042339         1.95703238         0.00000000\n      C       -2.89724776         0.12632587         0.00000000\n      H       -4.00054647         0.17443193         0.00000000\n      N       -2.12821587         1.17451446         0.00000000\n      H       -2.71529330         2.01553546         0.00000000\n      N       -2.37424699        -1.14355972         0.00000000\n      H       -1.36542121        -1.26070273         0.00000000\n      H       -2.97042339        -1.95703238         0.00000000\n", "output": "", "moleucle_hash": "d30453248baf1a2560016f38621d1a39d6b7d91a", "modelchem": "B3LYP/aug-cc-pVDZ", "args": "B3LYP/aug-cc-pVDZ", "return_value": -300.07339504649883, "success": true, "variables": {"SCF DIPOLE Z": 0.0, "CURRENT DIPOLE X": 1.3545144899040907e-14, "CURRENT REFERENCE ENERGY": -300.07339504649883, "NUCLEAR REPULSION ENERGY": 202.1717833962678, "SCF TOTAL ENERGY": -300.07339504649883, "DFT FUNCTIONAL TOTAL ENERGY": -300.07339504649883, "CURRENT DIPOLE Z": 0.0, "DFT XC ENERGY": -33.486464397877945, "SCF ITERATION ENERGY": -300.07339504649883, "SCF DIPOLE Y": 3.386286224760227e-15, "TWO-ELECTRON ENERGY": 337.1054786911302, "DFT TOTAL ENERGY": -300.07339504649883, "ONE-ELECTRON ENERGY": -805.8641927360188, "SCF DIPOLE X": 1.3545144899040907e-14, "SCF N ITERS": 9.0, "CURRENT ENERGY": -300.07339504649883, "CURRENT DIPOLE Y": 3.386286224760227e-15}}