{"args": "B3LYP/aug-cc-pVDZ", "return_value": -339.8523936123412, "output": "", "error": "", "variables": {"CURRENT DIPOLE X": -2.0317717348561362e-14, "DFT TOTAL ENERGY": -339.8523936123412, "CURRENT DIPOLE Y": 4.5150482996803025e-15, "TWO-ELECTRON ENERGY": 343.61696413296136, "DFT XC ENERGY": -35.6011238075597, "NUCLEAR REPULSION ENERGY": 189.1734430467749, "SCF DIPOLE X": -2.0317717348561362e-14, "CURRENT ENERGY": -339.8523936123412, "SCF ITERATION ENERGY": -339.8523936123412, "SCF DIPOLE Y": 4.5150482996803025e-15, "SCF DIPOLE Z": 0.0, "ONE-ELECTRON ENERGY": -837.0416769845177, "CURRENT REFERENCE ENERGY": -339.8523936123412, "CURRENT DIPOLE Z": 0.0, "DFT FUNCTIONAL TOTAL ENERGY": -339.8523936123412, "SCF TOTAL ENERGY": -339.8523936123412, "SCF N ITERS": 9.0}, "moleucle_hash": "d324067dbaf380c98e17478a3eca8c0b8e2be41b", "driver": "energy", "success": true, "molecule": "\n  0  1\n      C        3.49721450        -0.13962406         0.00000000\n      H        4.60973564        -0.18404076         0.00000000\n      O        2.79431063        -1.14771035         0.00000000\n      N        3.01520025         1.14321645         0.00000000\n      H        2.01252678         1.29808475         0.00000000\n      H        3.64229745         1.93673374         0.00000000\n      C       -3.49721450         0.13962406         0.00000000\n      H       -4.60973564         0.18404076         0.00000000\n      O       -2.79431063         1.14771035         0.00000000\n      N       -3.01520025        -1.14321645         0.00000000\n      H       -2.01252678        -1.29808475         0.00000000\n      H       -3.64229745        -1.93673374         0.00000000\n", "modelchem": "B3LYP/aug-cc-pVDZ"}