{"output": "", "molecule": "\n  0  1\n      C       -3.15990010         0.13729708         0.00000000\n      H       -4.27217260         0.18465048         0.00000000\n      O       -2.46166577         1.14950598         0.00000000\n      N       -2.66867708        -1.14125954         0.00000000\n      H       -1.66354000        -1.28595015         0.00000000\n      H       -3.28934347        -1.93968912         0.00000000\n  GH(C)        3.23430882        -0.13492712         0.00000000\n  GH(H)        4.33798775        -0.18191466         0.00000000\n  GH(N)        2.45446506        -1.17291481         0.00000000\n  GH(H)        3.03058764        -2.02136402         0.00000000\n  GH(N)        2.73117559         1.14418616         0.00000000\n  GH(H)        1.72670616         1.28092608         0.00000000\n  GH(H)        3.34065139         1.94785431         0.00000000\n", "return_value": -169.92510106254323, "error": "", "modelchem": "B3LYP/aug-cc-pVDZ", "variables": {"CURRENT ENERGY": -169.92510106254323, "SCF TOTAL ENERGY": -169.92510106254323, "CURRENT DIPOLE X": -1.134380136323471, "SCF DIPOLE X": -1.134380136323471, "SCF N ITERS": 8.0, "DFT FUNCTIONAL TOTAL ENERGY": -169.92510106254323, "TWO-ELECTRON ENERGY": 147.69005495702118, "DFT XC ENERGY": -17.799946356007776, "SCF DIPOLE Y": -3.8475931620864823, "NUCLEAR REPULSION ENERGY": 70.51673482565101, "CURRENT DIPOLE Z": 0.0, "CURRENT DIPOLE Y": -3.8475931620864823, "CURRENT REFERENCE ENERGY": -169.92510106254323, "SCF ITERATION ENERGY": -169.92510106254323, "SCF DIPOLE Z": 0.0, "ONE-ELECTRON ENERGY": -370.3319444892077, "DFT TOTAL ENERGY": -169.92510106254323}, "driver": "energy", "args": "B3LYP/aug-cc-pVDZ", "moleucle_hash": "d440df8d9c60be34b93082f5b8d2ebe53cd0b378", "success": true}