{"args": "B3LYP/aug-cc-pVDZ", "output": "", "success": true, "driver": "energy", "molecule": "\n  0  1\n      C        1.79626801        -0.11585476         0.00000000\n      H        2.90515430        -0.18737513         0.00000000\n      N        1.16061610        -1.25790391         0.00000000\n      H        1.85182448        -2.00884269         0.00000000\n      N        1.39570164         1.16335736         0.00000000\n      H        0.36558676         1.39719019         0.00000000\n      H        2.13213780         1.85550007         0.00000000\n  GH(C)       -1.79626801         0.11585476         0.00000000\n  GH(H)       -2.90515430         0.18737513         0.00000000\n  GH(N)       -1.16061610         1.25790391         0.00000000\n  GH(H)       -1.85182448         2.00884269         0.00000000\n  GH(N)       -1.39570164        -1.16335736         0.00000000\n  GH(H)       -0.36558676        -1.39719019         0.00000000\n  GH(H)       -2.13213780        -1.85550007         0.00000000\n", "modelchem": "B3LYP/aug-cc-pVDZ", "error": "", "molecule_hash": "d547ba95f0482eea9242e77a7dd3064d545d5604", "return_value": -150.02578103616997, "variables": {"SCF DIPOLE X": 1.8674115450845807, "DFT FUNCTIONAL TOTAL ENERGY": -150.02578103616997, "SCF DIPOLE Y": 2.783073253358561, "NUCLEAR REPULSION ENERGY": 71.19783215039388, "DFT TOTAL ENERGY": -150.02578103616997, "CURRENT DIPOLE X": 1.8674115450845807, "CURRENT ENERGY": -150.02578103616997, "SCF DIPOLE Z": 0.0, "SCF ITERATION ENERGY": -150.02578103616997, "SCF N ITERS": 8.0, "TWO-ELECTRON ENERGY": 138.45939216701228, "SCF TOTAL ENERGY": -150.02578103616997, "DFT XC ENERGY": -16.738949416837595, "CURRENT DIPOLE Y": 2.783073253358561, "ONE-ELECTRON ENERGY": -342.94405593673855, "CURRENT REFERENCE ENERGY": -150.02578103616997, "CURRENT DIPOLE Z": 0.0}}