{"return_value": -339.86866253587186, "modelchem": "B3LYP/aug-cc-pVDZ", "args": "B3LYP/aug-cc-pVDZ", "molecule": "\n  0  1\n      C        2.19607517        -0.13136009         0.00000000\n      H        3.30472871        -0.19767514         0.00000000\n      O        1.49802227        -1.15698038         0.00000000\n      N        1.68120383         1.12742404         0.00000000\n      H        0.66343356         1.24723827         0.00000000\n      H        2.29010119         1.93517379         0.00000000\n      C       -2.19607517         0.13136009         0.00000000\n      H       -3.30472871         0.19767514         0.00000000\n      O       -1.49802227         1.15698038         0.00000000\n      N       -1.68120383        -1.12742404         0.00000000\n      H       -0.66343356        -1.24723827         0.00000000\n      H       -2.29010119        -1.93517379         0.00000000\n", "driver": "energy", "success": true, "output": "", "moleucle_hash": "d560eb7fe48db28eb57902e4469f2a9b8af45c71", "error": "", "variables": {"CURRENT DIPOLE Y": 6.772572449520454e-15, "NUCLEAR REPULSION ENERGY": 221.90773477134806, "SCF ITERATION ENERGY": -339.86866253587186, "SCF DIPOLE Z": 0.0, "CURRENT DIPOLE X": 2.2575241498401514e-14, "CURRENT ENERGY": -339.86866253587186, "CURRENT REFERENCE ENERGY": -339.86866253587186, "DFT TOTAL ENERGY": -339.86866253587186, "DFT FUNCTIONAL TOTAL ENERGY": -339.86866253587186, "ONE-ELECTRON ENERGY": -902.6652932623106, "TWO-ELECTRON ENERGY": 376.4967918178045, "SCF N ITERS": 9.0, "CURRENT DIPOLE Z": 0.0, "SCF TOTAL ENERGY": -339.86866253587186, "DFT XC ENERGY": -35.60789586271379, "SCF DIPOLE Y": 6.772572449520454e-15, "SCF DIPOLE X": 2.2575241498401514e-14}}