{"return_value": -339.851472885607, "success": true, "driver": "energy", "error": "", "moleucle_hash": "d73edee7494330288ef6c5459871046f3b739d63", "args": "B3LYP/aug-cc-pVDZ", "modelchem": "B3LYP/aug-cc-pVDZ", "output": "", "variables": {"CURRENT REFERENCE ENERGY": -339.851472885607, "SCF TOTAL ENERGY": -339.851472885607, "DFT XC ENERGY": -35.601213328301924, "SCF DIPOLE Z": 0.0, "DFT TOTAL ENERGY": -339.851472885607, "SCF N ITERS": 8.0, "SCF ITERATION ENERGY": -339.851472885607, "DFT FUNCTIONAL TOTAL ENERGY": -339.851472885607, "TWO-ELECTRON ENERGY": 337.10630197972, "CURRENT ENERGY": -339.851472885607, "SCF DIPOLE Y": -2.2575241498401512e-15, "ONE-ELECTRON ENERGY": -824.0448034143828, "CURRENT DIPOLE Z": 0.0, "CURRENT DIPOLE X": 2.9347813947921964e-14, "NUCLEAR REPULSION ENERGY": 182.6882418773577, "CURRENT DIPOLE Y": -2.2575241498401512e-15, "SCF DIPOLE X": 2.9347813947921964e-14}, "molecule": "\n  0  1\n      C        3.99775075        -0.13414290         0.00000000\n      H        5.11067288        -0.17148655         0.00000000\n      O        3.30011621        -1.14514769         0.00000000\n      N        3.51015001         1.14724727         0.00000000\n      H        2.50709338         1.29726882         0.00000000\n      H        4.13374763         1.94351670         0.00000000\n      C       -3.99775075         0.13414290         0.00000000\n      H       -5.11067288         0.17148655         0.00000000\n      O       -3.30011621         1.14514769         0.00000000\n      N       -3.51015001        -1.14724727         0.00000000\n      H       -2.50709338        -1.29726882         0.00000000\n      H       -4.13374763        -1.94351670         0.00000000\n"}