{"modelchem": "B3LYP/aug-cc-pVDZ", "molecule": "\n  0  1\n      C        2.29604573        -0.13481753         0.00000000\n      H        3.40501312        -0.19993307         0.00000000\n      O        1.59337012        -1.15484644         0.00000000\n      N        1.78457816         1.12819246         0.00000000\n      H        0.76947608         1.25110815         0.00000000\n      H        2.39273653         1.93641581         0.00000000\n      C       -2.29604573         0.13481753         0.00000000\n      H       -3.40501312         0.19993307         0.00000000\n      O       -1.59337012         1.15484644         0.00000000\n      N       -1.78457816        -1.12819246         0.00000000\n      H       -0.76947608        -1.25110815         0.00000000\n      H       -2.39273653        -1.93641581         0.00000000\n", "molecule_hash": "d75d2b83123c38b927db8a1df5ae32910075ebe1", "args": "B3LYP/aug-cc-pVDZ", "error": "", "return_value": -339.86579385223547, "variables": {"CURRENT ENERGY": -339.86579385223547, "SCF DIPOLE Z": 0.0, "SCF TOTAL ENERGY": -339.86579385223547, "DFT XC ENERGY": -35.602541450785054, "TWO-ELECTRON ENERGY": 372.55003800921264, "CURRENT DIPOLE Y": 0.0, "DFT TOTAL ENERGY": -339.86579385223547, "ONE-ELECTRON ENERGY": -894.7914669132463, "DFT FUNCTIONAL TOTAL ENERGY": -339.86579385223547, "SCF DIPOLE Y": 0.0, "SCF ITERATION ENERGY": -339.86579385223547, "CURRENT REFERENCE ENERGY": -339.86579385223547, "CURRENT DIPOLE X": 2.2575241498401514e-14, "NUCLEAR REPULSION ENERGY": 217.97817650258315, "SCF N ITERS": 9.0, "CURRENT DIPOLE Z": 0.0, "SCF DIPOLE X": 2.2575241498401514e-14}, "output": "", "driver": "energy", "success": true}