{"moleucle_hash": "dbfd64d0ffffa217e21f25cb7cd3b3f4fdd7edc9", "args": "B3LYP/aug-cc-pVDZ", "molecule": "\n  0  1\n      C       -1.97471721         0.12295853         0.00000000\n      H       -3.08604013         0.18727896         0.00000000\n      O       -1.30050144         1.16840525         0.00000000\n      N       -1.49363393        -1.13636823         0.00000000\n      H       -0.46222530        -1.29037121         0.00000000\n      H       -2.15122398        -1.90581462         0.00000000\n      C        2.01860067        -0.10816415         0.00000000\n      H        3.12111663        -0.17197486         0.00000000\n      N        1.30940050        -1.20735856         0.00000000\n      H        1.94334630        -2.01030940         0.00000000\n      N        1.49223980         1.13988904         0.00000000\n      H        0.46948873         1.25930607         0.00000000\n      H        2.10902806         1.93883512         0.00000000\n", "output": "", "modelchem": "B3LYP/aug-cc-pVDZ", "return_value": -319.9807329827313, "error": "", "driver": "energy", "variables": {"DFT XC ENERGY": -34.5862199678221, "TWO-ELECTRON ENERGY": 375.5001258521012, "ONE-ELECTRON ENERGY": -891.4793885176041, "SCF DIPOLE X": 1.1719547174102976, "NUCLEAR REPULSION ENERGY": 230.58474965059375, "SCF DIPOLE Y": -1.5112054830463426, "CURRENT REFERENCE ENERGY": -319.9807329827313, "SCF N ITERS": 10.0, "CURRENT ENERGY": -319.9807329827313, "SCF DIPOLE Z": 0.0, "CURRENT DIPOLE X": 1.1719547174102976, "DFT TOTAL ENERGY": -319.9807329827313, "SCF ITERATION ENERGY": -319.9807329827313, "SCF TOTAL ENERGY": -319.9807329827313, "DFT FUNCTIONAL TOTAL ENERGY": -319.9807329827313, "CURRENT DIPOLE Y": -1.5112054830463426, "CURRENT DIPOLE Z": 0.0}, "success": true}