{"molecule": "\n  0  1\n  GH(C)        2.03992872        -0.20295867         0.00000000\n  GH(H)        3.13866374        -0.31227513         0.00000000\n  GH(O)        1.27022640        -1.16073661         0.00000000\n  GH(O)        1.66162256         1.08294418         0.00000000\n  GH(H)        0.67334166         1.11546236         0.00000000\n      C       -2.03992872         0.20295867         0.00000000\n      H       -3.13866374         0.31227513         0.00000000\n      O       -1.27022640         1.16073661         0.00000000\n      O       -1.66162256        -1.08294418         0.00000000\n      H       -0.67334166        -1.11546236         0.00000000\n", "variables": {"DFT TOTAL ENERGY": -189.79458029890554, "SCF ITERATION ENERGY": -189.79458029890554, "SCF DIPOLE Y": -1.675104478686494, "TWO-ELECTRON ENERGY": 156.24685673895613, "SCF N ITERS": 8.0, "CURRENT DIPOLE Z": 0.0, "CURRENT DIPOLE X": -0.427747010760001, "SCF TOTAL ENERGY": -189.79458029890554, "CURRENT REFERENCE ENERGY": -189.79458029890554, "CURRENT ENERGY": -189.79458029890554, "DFT XC ENERGY": -18.831421717531327, "SCF DIPOLE Z": 0.0, "NUCLEAR REPULSION ENERGY": 69.45239532034581, "SCF DIPOLE X": -0.427747010760001, "DFT FUNCTIONAL TOTAL ENERGY": -189.79458029890554, "CURRENT DIPOLE Y": -1.675104478686494, "ONE-ELECTRON ENERGY": -396.66241064067617}, "output": "", "molecule_hash": "dc1181a8514f2112749b1df142612a3acb242538", "success": true, "driver": "energy", "return_value": -189.79458029890554, "args": "B3LYP/aug-cc-pVDZ", "modelchem": "B3LYP/aug-cc-pVDZ", "error": ""}