{"success": true, "driver": "energy", "modelchem": "B3LYP/aug-cc-pVDZ", "return_value": -169.92397246847344, "args": "B3LYP/aug-cc-pVDZ", "variables": {"CURRENT DIPOLE X": -1.0707298011758066, "TWO-ELECTRON ENERGY": 147.63094753849666, "ONE-ELECTRON ENERGY": -370.20646742413095, "CURRENT ENERGY": -169.92397246847344, "SCF DIPOLE Y": -4.0713870029396375, "SCF TOTAL ENERGY": -169.92397246847344, "CURRENT DIPOLE Y": -4.0713870029396375, "DFT TOTAL ENERGY": -169.92397246847344, "CURRENT REFERENCE ENERGY": -169.92397246847344, "DFT FUNCTIONAL TOTAL ENERGY": -169.92397246847344, "SCF DIPOLE Z": 0.0, "SCF N ITERS": 8.0, "SCF ITERATION ENERGY": -169.92397246847344, "DFT XC ENERGY": -17.79540635475868, "CURRENT DIPOLE Z": 0.0, "SCF DIPOLE X": -1.0707298011758066, "NUCLEAR REPULSION ENERGY": 70.44695377191952}, "output": "", "molecule": "\n  0  1\n  GH(C)        1.94550597        -0.13231698         0.00000000\n  GH(H)        3.05506108        -0.20777961         0.00000000\n  GH(O)        1.27444696        -1.17984091         0.00000000\n  GH(N)        1.46671040         1.12708677         0.00000000\n  GH(H)        0.44465999         1.27731960         0.00000000\n  GH(H)        2.11884877         1.90053586         0.00000000\n      C       -1.94550597         0.13231698         0.00000000\n      H       -3.05506108         0.20777961         0.00000000\n      O       -1.27444696         1.17984091         0.00000000\n      N       -1.46671040        -1.12708677         0.00000000\n      H       -0.44465999        -1.27731960         0.00000000\n      H       -2.11884877        -1.90053586         0.00000000\n", "error": "", "molecule_hash": "de25e1b07f7c5fde0669f540d4308630d84a5a9e"}