{"driver": "energy", "success": true, "output": "", "args": "B3LYP/aug-cc-pVDZ", "molecule": "\n  0  1\n      C        3.99802556        -0.12568606         0.00000000\n      H        5.10246875        -0.16040648         0.00000000\n      N        3.22763840        -1.16876965         0.00000000\n      H        3.80888196        -2.01363519         0.00000000\n      N        3.48433462         1.15076117         0.00000000\n      H        2.47917010         1.27706322         0.00000000\n      H        4.08677787         1.95961623         0.00000000\n      C       -3.99802556         0.12568606         0.00000000\n      H       -5.10246875         0.16040648         0.00000000\n      N       -3.22763840         1.16876965         0.00000000\n      H       -3.80888196         2.01363519         0.00000000\n      N       -3.48433462        -1.15076117         0.00000000\n      H       -2.47917010        -1.27706322         0.00000000\n      H       -4.08677787        -1.95961623         0.00000000\n", "error": "", "return_value": -300.0694799416134, "modelchem": "B3LYP/aug-cc-pVDZ", "variables": {"SCF DIPOLE Z": 0.0, "ONE-ELECTRON ENERGY": -770.5850928757724, "CURRENT REFERENCE ENERGY": -300.0694799416134, "TWO-ELECTRON ENERGY": 319.4044256479677, "SCF TOTAL ENERGY": -300.0694799416134, "DFT FUNCTIONAL TOTAL ENERGY": -300.0694799416134, "CURRENT DIPOLE Z": 0.0, "CURRENT DIPOLE Y": 2.2575241498401512e-15, "NUCLEAR REPULSION ENERGY": 184.6007020186247, "CURRENT DIPOLE X": 0.0, "DFT XC ENERGY": -33.4895147324334, "DFT TOTAL ENERGY": -300.0694799416134, "CURRENT ENERGY": -300.0694799416134, "SCF DIPOLE X": 0.0, "SCF N ITERS": 9.0, "SCF ITERATION ENERGY": -300.0694799416134, "SCF DIPOLE Y": 2.2575241498401512e-15}, "molecule_hash": "dfda3ec0074673730637f816f2748be034c7e5d7"}