{"molecule": "\n  0  1\n      C       -1.95441797         0.15753953         0.00000000\n      H       -3.05736547         0.24858075         0.00000000\n      O       -1.25897479         1.17508156         0.00000000\n      O       -1.51819340        -1.09554164         0.00000000\n      H       -0.49885308        -1.10531756         0.00000000\n      C        2.03202506        -0.17151568         0.00000000\n      H        3.13158097        -0.26227695         0.00000000\n      N        1.21422382        -1.19144395         0.00000000\n      H        1.73970852        -2.06839079         0.00000000\n      N        1.59233540         1.11373305         0.00000000\n      H        0.58444574         1.29777092         0.00000000\n      H        2.25678662         1.87343146         0.00000000\n", "output": "", "molecule_hash": "e146e12a3e5a0a4b479ce3aa824f25d9ed5460c9", "args": "B3LYP/aug-cc-pVDZ", "variables": {"SCF DIPOLE X": 2.806316192321724, "SCF DIPOLE Z": 0.0, "DFT TOTAL ENERGY": -339.8574968732138, "CURRENT DIPOLE X": 2.806316192321724, "SCF TOTAL ENERGY": -339.8574968732138, "CURRENT REFERENCE ENERGY": -339.8574968732138, "SCF DIPOLE Y": 0.3820794151371038, "TWO-ELECTRON ENERGY": 385.0490589581393, "DFT XC ENERGY": -35.616616705986175, "DFT FUNCTIONAL TOTAL ENERGY": -339.8574968732138, "NUCLEAR REPULSION ENERGY": 230.60990331504775, "CURRENT ENERGY": -339.8574968732138, "SCF ITERATION ENERGY": -339.8574968732138, "CURRENT DIPOLE Z": 0.0, "CURRENT DIPOLE Y": 0.3820794151371038, "ONE-ELECTRON ENERGY": -919.8998424404147, "SCF N ITERS": 9.0}, "error": "", "modelchem": "B3LYP/aug-cc-pVDZ", "success": true, "driver": "energy", "return_value": -339.8574968732138}