{"success": true, "molecule": "\n  0  1\n      C       -1.87970385         0.16163715         0.00000000\n      H       -2.98177538         0.26162942         0.00000000\n      O       -1.19849611         1.18849760         0.00000000\n      O       -1.45487899        -1.09052331         0.00000000\n      H       -0.44572390        -1.10219203         0.00000000\n      C        1.90475161        -0.18173103         0.00000000\n      H        3.01119328        -0.28211981         0.00000000\n      O        1.16164142        -1.18119246         0.00000000\n      N        1.51565227         1.10780268         0.00000000\n      H        0.51184265         1.32923289         0.00000000\n      H        2.22211656         1.83196397         0.00000000\n", "moleucle_hash": "e16f33d363a2689669b6f662bcbf9003df997794", "modelchem": "B3LYP/aug-cc-pVDZ", "return_value": -359.74289873279014, "error": "", "variables": {"DFT XC ENERGY": -36.6848623719132, "TWO-ELECTRON ENERGY": 398.3961767013999, "NUCLEAR REPULSION ENERGY": 234.39000387102632, "CURRENT REFERENCE ENERGY": -359.74289873279014, "CURRENT ENERGY": -359.74289873279014, "CURRENT DIPOLE X": 1.744929610450015, "CURRENT DIPOLE Y": 2.1484759348468465, "SCF DIPOLE Y": 2.1484759348468465, "ONE-ELECTRON ENERGY": -955.8442169333032, "SCF DIPOLE Z": 0.0, "SCF TOTAL ENERGY": -359.74289873279014, "DFT FUNCTIONAL TOTAL ENERGY": -359.74289873279014, "CURRENT DIPOLE Z": 0.0, "DFT TOTAL ENERGY": -359.74289873279014, "SCF DIPOLE X": 1.744929610450015, "SCF N ITERS": 10.0, "SCF ITERATION ENERGY": -359.74289873279014}, "output": "", "driver": "energy", "args": "B3LYP/aug-cc-pVDZ"}