{"moleucle_hash": "e1b4ba92be6f67284a60874a14ee4fca1403453f", "molecule": "\n  0  1\n  GH(C)        2.39601143        -0.13831545         0.00000000\n  GH(H)        3.50541998        -0.20235870         0.00000000\n  GH(O)        1.69032936        -1.15398956         0.00000000\n  GH(N)        1.89087102         1.12918383         0.00000000\n  GH(H)        0.87833293         1.25816233         0.00000000\n  GH(H)        2.50182267         1.93524951         0.00000000\n      C       -2.39601143         0.13831545         0.00000000\n      H       -3.50541998         0.20235870         0.00000000\n      O       -1.69032936         1.15398956         0.00000000\n      N       -1.89087102        -1.12918383         0.00000000\n      H       -0.87833293        -1.25816233         0.00000000\n      H       -2.50182267        -1.93524951         0.00000000\n", "args": "B3LYP/aug-cc-pVDZ", "return_value": -169.9248962102047, "error": "", "variables": {"SCF N ITERS": 8.0, "NUCLEAR REPULSION ENERGY": 70.49902069043307, "SCF ITERATION ENERGY": -169.9248962102047, "CURRENT REFERENCE ENERGY": -169.9248962102047, "ONE-ELECTRON ENERGY": -370.3171210593899, "CURRENT DIPOLE X": -1.1450555692248292, "DFT XC ENERGY": -17.796999465340694, "DFT FUNCTIONAL TOTAL ENERGY": -169.9248962102047, "CURRENT DIPOLE Y": -3.8903270466688733, "SCF DIPOLE Z": 0.0, "SCF DIPOLE X": -1.1450555692248292, "DFT TOTAL ENERGY": -169.9248962102047, "SCF TOTAL ENERGY": -169.9248962102047, "CURRENT DIPOLE Z": 0.0, "CURRENT ENERGY": -169.9248962102047, "TWO-ELECTRON ENERGY": 147.69020362409282, "SCF DIPOLE Y": -3.8903270466688733}, "modelchem": "B3LYP/aug-cc-pVDZ", "output": "", "success": true, "driver": "energy"}