{"args": "B3LYP/aug-cc-pVDZ", "molecule": "\n  0  1\n  GH(C)       -2.66850366         0.18514825         0.00000000\n  GH(H)       -3.77181125         0.25702537         0.00000000\n  GH(O)       -1.91234427         1.14028296         0.00000000\n  GH(O)       -2.28050679        -1.11367376         0.00000000\n  GH(H)       -1.30314992        -1.12550085         0.00000000\n      C        2.72007445        -0.16590118         0.00000000\n      H        3.83020333        -0.23822269         0.00000000\n      O        1.98935069        -1.15730079         0.00000000\n      N        2.26253222         1.12413593         0.00000000\n      H        1.26110058         1.29739823         0.00000000\n      H        2.90434733         1.90588628         0.00000000\n", "variables": {"ONE-ELECTRON ENERGY": -370.31610173787254, "SCF DIPOLE Y": 3.823718187756917, "NUCLEAR REPULSION ENERGY": 70.50670958878837, "DFT TOTAL ENERGY": -169.9250955940393, "SCF DIPOLE Z": 0.0, "SCF N ITERS": 8.0, "SCF DIPOLE X": 1.2531697461014528, "CURRENT ENERGY": -169.9250955940393, "DFT XC ENERGY": -17.799103348827728, "CURRENT REFERENCE ENERGY": -169.9250955940393, "CURRENT DIPOLE Y": 3.823718187756917, "CURRENT DIPOLE X": 1.2531697461014528, "CURRENT DIPOLE Z": 0.0, "DFT FUNCTIONAL TOTAL ENERGY": -169.9250955940393, "SCF ITERATION ENERGY": -169.9250955940393, "SCF TOTAL ENERGY": -169.9250955940393, "TWO-ELECTRON ENERGY": 147.68339990387256}, "success": true, "return_value": -169.9250955940393, "molecule_hash": "e422c9a48277e5a666b0fd1282d24e279ce6f438", "error": "", "driver": "energy", "output": "", "modelchem": "B3LYP/aug-cc-pVDZ"}