{"error": "", "args": "B3LYP/aug-cc-pVDZ", "driver": "energy", "modelchem": "B3LYP/aug-cc-pVDZ", "return_value": -379.61334506051236, "variables": {"CURRENT ENERGY": -379.61334506051236, "DFT TOTAL ENERGY": -379.61334506051236, "SCF N ITERS": 8.0, "ONE-ELECTRON ENERGY": -974.4001877278533, "TWO-ELECTRON ENERGY": 402.94007780793737, "NUCLEAR REPULSION ENERGY": 229.54177064247486, "SCF DIPOLE Y": -4.5150482996803025e-15, "CURRENT DIPOLE Y": -4.5150482996803025e-15, "SCF ITERATION ENERGY": -379.61334506051236, "CURRENT REFERENCE ENERGY": -379.61334506051236, "DFT FUNCTIONAL TOTAL ENERGY": -379.61334506051236, "CURRENT DIPOLE X": -1.1287620749200757e-14, "SCF TOTAL ENERGY": -379.61334506051236, "SCF DIPOLE Z": 0.0, "SCF DIPOLE X": -1.1287620749200757e-14, "CURRENT DIPOLE Z": 0.0, "DFT XC ENERGY": -37.695005783071224}, "moleucle_hash": "e439354daadd15d0109b80db856c7904a53a0ed4", "molecule": "\n  0  1\n      C        1.98993209        -0.20042861         0.00000000\n      H        3.08861310        -0.31108922         0.00000000\n      O        1.22585974        -1.16459704         0.00000000\n      O        1.61210992         1.08161540         0.00000000\n      H        0.62108112         1.11708149         0.00000000\n      C       -1.98993209         0.20042861         0.00000000\n      H       -3.08861310         0.31108922         0.00000000\n      O       -1.22585974         1.16459704         0.00000000\n      O       -1.61210992        -1.08161540         0.00000000\n      H       -0.62108112        -1.11708149         0.00000000\n", "success": true, "output": ""}