{"success": true, "return_value": -150.03440562491733, "moleucle_hash": "e52ca648987cd7d905122d7036ba9ae8db923b40", "modelchem": "B3LYP/aug-cc-pVDZ", "error": "", "output": "", "molecule": "\n  0  1\n  GH(C)       -2.83430026         0.17412588         0.00000000\n  GH(H)       -3.93836628         0.23696684         0.00000000\n  GH(O)       -2.09196716         1.13877607         0.00000000\n  GH(O)       -2.42840583        -1.12038969         0.00000000\n  GH(H)       -1.45107051        -1.11332814         0.00000000\n      C        2.95632855        -0.15546371         0.00000000\n      H        4.05902283        -0.21822659         0.00000000\n      N        2.15295059        -1.17586911         0.00000000\n      H        2.70690065        -2.03878687         0.00000000\n      N        2.47731363         1.13303523         0.00000000\n      H        1.47540835         1.28966180         0.00000000\n      H        3.10222174         1.92484945         0.00000000\n", "args": "B3LYP/aug-cc-pVDZ", "driver": "energy", "variables": {"CURRENT ENERGY": -150.03440562491733, "CURRENT DIPOLE X": 1.9825392101948374, "SCF DIPOLE X": 1.9825392101948374, "TWO-ELECTRON ENERGY": 138.75649925557047, "DFT FUNCTIONAL TOTAL ENERGY": -150.03440562491733, "SCF N ITERS": 8.0, "CURRENT DIPOLE Y": 2.144033861546339, "DFT TOTAL ENERGY": -150.03440562491733, "SCF TOTAL ENERGY": -150.03440562491733, "CURRENT REFERENCE ENERGY": -150.03440562491733, "SCF ITERATION ENERGY": -150.03440562491733, "NUCLEAR REPULSION ENERGY": 71.43671523152273, "ONE-ELECTRON ENERGY": -343.48358519372454, "SCF DIPOLE Y": 2.144033861546339, "DFT XC ENERGY": -16.74403491828599, "SCF DIPOLE Z": 0.0, "CURRENT DIPOLE Z": 0.0}}