{"return_value": -150.0343613327457, "success": true, "output": "", "modelchem": "B3LYP/aug-cc-pVDZ", "molecule": "\n  0  1\n  GH(C)       -2.86354863         0.13635439         0.00000000\n  GH(H)       -3.97519119         0.18862454         0.00000000\n  GH(O)       -2.16694926         1.15157613         0.00000000\n  GH(N)       -2.36429186        -1.13776075         0.00000000\n  GH(H)       -1.35648460        -1.27362001         0.00000000\n  GH(H)       -2.97920858        -1.94060039         0.00000000\n      C        2.93005123        -0.13606441         0.00000000\n      H        4.03321099        -0.18793570         0.00000000\n      N        2.14816261        -1.17431528         0.00000000\n      H        2.72399657        -2.02298552         0.00000000\n      N        2.42557457         1.14138666         0.00000000\n      H        1.42000011         1.27687473         0.00000000\n      H        3.03409167         1.94580891         0.00000000\n", "error": "", "moleucle_hash": "e88df43e1cd30f077e88304d92d6d391083ab7a8", "args": "B3LYP/aug-cc-pVDZ", "driver": "energy", "variables": {"SCF DIPOLE Y": 2.2008629106721678, "DFT XC ENERGY": -16.74382812759102, "CURRENT DIPOLE Y": 2.2008629106721678, "SCF ITERATION ENERGY": -150.0343613327457, "ONE-ELECTRON ENERGY": -343.4798741288822, "CURRENT ENERGY": -150.0343613327457, "SCF N ITERS": 8.0, "TWO-ELECTRON ENERGY": 138.75427884652416, "CURRENT REFERENCE ENERGY": -150.0343613327457, "CURRENT DIPOLE Z": 0.0, "SCF DIPOLE Z": 0.0, "DFT TOTAL ENERGY": -150.0343613327457, "SCF DIPOLE X": 1.9428526105525235, "NUCLEAR REPULSION ENERGY": 71.43506207720337, "SCF TOTAL ENERGY": -150.0343613327457, "DFT FUNCTIONAL TOTAL ENERGY": -150.0343613327457, "CURRENT DIPOLE X": 1.9428526105525235}}