{"molecule": "\n  0  1\n      C       -1.68442643         0.20364693         0.00000000\n      H       -2.78917270         0.34190070         0.00000000\n      O       -1.02504588         1.24486390         0.00000000\n      O       -1.38766062        -1.06424798         0.00000000\n      H       -0.36064758        -1.17759060         0.00000000\n      C        1.68925857        -0.21855377         0.00000000\n      H        2.79602984        -0.35706095         0.00000000\n      O        0.99264772        -1.25039598         0.00000000\n      N        1.44623488         1.09491586         0.00000000\n      H        0.47728536         1.44199769         0.00000000\n      H        2.26183892         1.69328776         0.00000000\n", "return_value": -359.72191441161664, "output": "", "args": "B3LYP/aug-cc-pVDZ", "success": true, "molecule_hash": "e92249ab85c7577fd74116c82aac254323ac7007", "driver": "energy", "variables": {"DFT XC ENERGY": -36.73692978336067, "SCF ITERATION ENERGY": -359.72191441161664, "SCF N ITERS": 10.0, "SCF DIPOLE Y": 1.9869595180584316, "SCF DIPOLE Z": 0.0, "SCF DIPOLE X": 2.2970989092527714, "CURRENT DIPOLE Y": 1.9869595180584316, "CURRENT DIPOLE Z": 0.0, "ONE-ELECTRON ENERGY": -970.7298502885462, "DFT FUNCTIONAL TOTAL ENERGY": -359.72191441161664, "CURRENT REFERENCE ENERGY": -359.72191441161664, "NUCLEAR REPULSION ENERGY": 241.93345078381765, "SCF TOTAL ENERGY": -359.72191441161664, "DFT TOTAL ENERGY": -359.72191441161664, "TWO-ELECTRON ENERGY": 405.8114148764726, "CURRENT DIPOLE X": 2.2970989092527714, "CURRENT ENERGY": -359.72191441161664}, "error": "", "modelchem": "B3LYP/aug-cc-pVDZ"}