{"molecule": "\n  0  1\n  GH(C)       -3.95866293         0.16221564         0.00000000\n  GH(H)       -5.06397335         0.20411777         0.00000000\n  GH(O)       -3.22210995         1.12855078         0.00000000\n  GH(O)       -3.54823170        -1.13429286         0.00000000\n  GH(H)       -2.57357553        -1.11984997         0.00000000\n      C        4.03559598        -0.14084533         0.00000000\n      H        5.14833239        -0.18302898         0.00000000\n      O        3.33114210        -1.14677626         0.00000000\n      N        3.55651747         1.14422533         0.00000000\n      H        2.55468792         1.30114823         0.00000000\n      H        4.18559310         1.93619532         0.00000000\n", "variables": {"CURRENT DIPOLE Z": 0.0, "SCF DIPOLE Y": 3.8270867223939007, "CURRENT DIPOLE X": 1.160754309706441, "SCF N ITERS": 8.0, "DFT FUNCTIONAL TOTAL ENERGY": -169.9250964004842, "DFT TOTAL ENERGY": -169.9250964004842, "DFT XC ENERGY": -17.80045345777507, "SCF TOTAL ENERGY": -169.9250964004842, "CURRENT ENERGY": -169.9250964004842, "SCF DIPOLE X": 1.160754309706441, "NUCLEAR REPULSION ENERGY": 70.5130668703373, "CURRENT DIPOLE Y": 3.8270867223939007, "SCF ITERATION ENERGY": -169.9250964004842, "SCF DIPOLE Z": 0.0, "CURRENT REFERENCE ENERGY": -169.9250964004842, "TWO-ELECTRON ENERGY": 147.68127196240815, "ONE-ELECTRON ENERGY": -370.3189817754546}, "driver": "energy", "moleucle_hash": "e9bf91113ffe0ba7a2fe33f118bfb9bf7c0ed54c", "return_value": -169.9250964004842, "success": true, "error": "", "output": "", "modelchem": "B3LYP/aug-cc-pVDZ", "args": "B3LYP/aug-cc-pVDZ"}