{"molecule": "\n  0  1\n      C       -3.15990010         0.13729708         0.00000000\n      H       -4.27217260         0.18465048         0.00000000\n      O       -2.46166577         1.14950598         0.00000000\n      N       -2.66867708        -1.14125954         0.00000000\n      H       -1.66354000        -1.28595015         0.00000000\n      H       -3.28934347        -1.93968912         0.00000000\n      C        3.23430882        -0.13492712         0.00000000\n      H        4.33798775        -0.18191466         0.00000000\n      N        2.45446506        -1.17291481         0.00000000\n      H        3.03058764        -2.02136402         0.00000000\n      N        2.73117559         1.14418616         0.00000000\n      H        1.72670616         1.28092608         0.00000000\n      H        3.34065139         1.94785431         0.00000000\n", "variables": {"DFT FUNCTIONAL TOTAL ENERGY": -319.96249242643023, "DFT XC ENERGY": -34.54443464304858, "SCF DIPOLE X": 0.8886359996861886, "CURRENT DIPOLE Y": -1.6036281328826147, "SCF DIPOLE Y": -1.6036281328826147, "NUCLEAR REPULSION ENERGY": 195.09745909686575, "SCF N ITERS": 10.0, "ONE-ELECTRON ENERGY": -820.2885402647732, "SCF TOTAL ENERGY": -319.96249242643023, "SCF ITERATION ENERGY": -319.96249242643023, "CURRENT DIPOLE Z": 0.0, "DFT TOTAL ENERGY": -319.96249242643023, "TWO-ELECTRON ENERGY": 339.7730233845258, "CURRENT DIPOLE X": 0.8886359996861886, "CURRENT ENERGY": -319.96249242643023, "SCF DIPOLE Z": 0.0, "CURRENT REFERENCE ENERGY": -319.96249242643023}, "return_value": -319.96249242643023, "args": "B3LYP/aug-cc-pVDZ", "output": "", "driver": "energy", "success": true, "modelchem": "B3LYP/aug-cc-pVDZ", "error": "", "moleucle_hash": "ea6d999b74def9e82daa3307687ce31ebe452153"}