{"variables": {"CURRENT DIPOLE X": 2.0262444830579245, "CURRENT DIPOLE Y": 2.382385514781215, "CURRENT REFERENCE ENERGY": -150.0331091060702, "DFT XC ENERGY": -16.747656411932127, "ONE-ELECTRON ENERGY": -343.581180367775, "SCF DIPOLE Z": 0.0, "DFT FUNCTIONAL TOTAL ENERGY": -150.0331091060702, "CURRENT ENERGY": -150.0331091060702, "DFT TOTAL ENERGY": -150.0331091060702, "TWO-ELECTRON ENERGY": 138.79324628539445, "CURRENT DIPOLE Z": 0.0, "SCF ITERATION ENERGY": -150.0331091060702, "SCF DIPOLE X": 2.0262444830579245, "NUCLEAR REPULSION ENERGY": 71.5024813882425, "SCF N ITERS": 8.0, "SCF TOTAL ENERGY": -150.0331091060702, "SCF DIPOLE Y": 2.382385514781215}, "driver": "energy", "molecule_hash": "ecf37bf1971eead0009cb1841f27c70f4169fadd", "error": "", "output": "", "molecule": "\n  0  1\n  GH(C)       -1.81131260         0.15832706         0.00000000\n  GH(H)       -2.91739607         0.25779849         0.00000000\n  GH(O)       -1.14367167         1.19940056         0.00000000\n  GH(O)       -1.41977566        -1.09000937         0.00000000\n  GH(H)       -0.35849776        -1.15413164         0.00000000\n      C        1.87381606        -0.17308101         0.00000000\n      H        2.97427347        -0.27204647         0.00000000\n      N        1.09844368        -1.22316593         0.00000000\n      H        1.64649981        -2.08331650         0.00000000\n      N        1.48635545         1.11647699         0.00000000\n      H        0.48139283         1.34214247         0.00000000\n      H        2.19917472         1.83148239         0.00000000\n", "return_value": -150.0331091060702, "args": "B3LYP/aug-cc-pVDZ", "success": true, "modelchem": "B3LYP/aug-cc-pVDZ"}