{"args": "B3LYP/aug-cc-pVDZ", "return_value": -150.0285232536188, "molecule": "\n  0  1\n      C        1.84665575        -0.11119213         0.00000000\n      H        2.95429208        -0.17788590         0.00000000\n      N        1.19156721        -1.24220748         0.00000000\n      H        1.86789891        -2.00737666         0.00000000\n      N        1.41335406         1.15979090         0.00000000\n      H        0.38141976         1.36618041         0.00000000\n      H        2.12308262         1.87905403         0.00000000\n  GH(C)       -1.84665575         0.11119213         0.00000000\n  GH(H)       -2.95429208         0.17788590         0.00000000\n  GH(N)       -1.19156721         1.24220748         0.00000000\n  GH(H)       -1.86789891         2.00737666         0.00000000\n  GH(N)       -1.41335406        -1.15979090         0.00000000\n  GH(H)       -0.38141976        -1.36618041         0.00000000\n  GH(H)       -2.12308262        -1.87905403         0.00000000\n", "variables": {"DFT FUNCTIONAL TOTAL ENERGY": -150.0285232536188, "CURRENT DIPOLE X": 1.8600588619557372, "SCF ITERATION ENERGY": -150.0285232536188, "DFT TOTAL ENERGY": -150.0285232536188, "SCF DIPOLE Z": 0.0, "DFT XC ENERGY": -16.739531741146813, "CURRENT DIPOLE Y": 2.7162302791816475, "NUCLEAR REPULSION ENERGY": 71.25979426165122, "SCF DIPOLE Y": 2.7162302791816475, "ONE-ELECTRON ENERGY": -343.0839266363074, "CURRENT ENERGY": -150.0285232536188, "TWO-ELECTRON ENERGY": 138.5351408621842, "CURRENT DIPOLE Z": 0.0, "SCF TOTAL ENERGY": -150.0285232536188, "SCF N ITERS": 8.0, "CURRENT REFERENCE ENERGY": -150.0285232536188, "SCF DIPOLE X": 1.8600588619557372}, "moleucle_hash": "ee30803541f11301939f95c9fa17d46c452868dd", "output": "", "success": true, "error": "", "modelchem": "B3LYP/aug-cc-pVDZ", "driver": "energy"}