{"error": "", "modelchem": "B3LYP/aug-cc-pVDZ", "molecule": "\n  0  1\n  GH(C)        1.98993209        -0.20042861         0.00000000\n  GH(H)        3.08861310        -0.31108922         0.00000000\n  GH(O)        1.22585974        -1.16459704         0.00000000\n  GH(O)        1.61210992         1.08161540         0.00000000\n  GH(H)        0.62108112         1.11708149         0.00000000\n      C       -1.98993209         0.20042861         0.00000000\n      H       -3.08861310         0.31108922         0.00000000\n      O       -1.22585974         1.16459704         0.00000000\n      O       -1.61210992        -1.08161540         0.00000000\n      H       -0.62108112        -1.11708149         0.00000000\n", "args": "B3LYP/aug-cc-pVDZ", "variables": {"CURRENT DIPOLE Z": 0.0, "SCF DIPOLE Y": -1.7188795420792862, "CURRENT DIPOLE X": -0.40780760213676714, "CURRENT DIPOLE Y": -1.7188795420792862, "DFT XC ENERGY": -18.830994210544482, "DFT TOTAL ENERGY": -189.79438817699523, "SCF N ITERS": 8.0, "SCF ITERATION ENERGY": -189.79438817699523, "CURRENT ENERGY": -189.79438817699523, "DFT FUNCTIONAL TOTAL ENERGY": -189.79438817699523, "TWO-ELECTRON ENERGY": 156.25063202745687, "CURRENT REFERENCE ENERGY": -189.79438817699523, "SCF DIPOLE Z": 0.0, "NUCLEAR REPULSION ENERGY": 69.45752938798681, "SCF DIPOLE X": -0.40780760213676714, "SCF TOTAL ENERGY": -189.79438817699523, "ONE-ELECTRON ENERGY": -396.67155538189445}, "return_value": -189.79438817699523, "molecule_hash": "efad0bae4a0bdf4aeea66b3c29ec505bdd61b2a1", "success": true, "driver": "energy", "output": ""}