{"modelchem": "B3LYP/aug-cc-pVDZ", "moleucle_hash": "f1029e13ec1d9024d283eecd58e517b7cc209471", "return_value": -150.03440029931562, "success": true, "error": "", "output": "", "variables": {"CURRENT REFERENCE ENERGY": -150.03440029931562, "SCF DIPOLE Z": 0.0, "CURRENT DIPOLE X": 1.92661058799694, "SCF DIPOLE Y": 2.1857887557831615, "DFT XC ENERGY": -16.744810382897604, "SCF TOTAL ENERGY": -150.03440029931562, "CURRENT DIPOLE Y": 2.1857887557831615, "CURRENT ENERGY": -150.03440029931562, "SCF DIPOLE X": 1.92661058799694, "TWO-ELECTRON ENERGY": 138.75982212744148, "DFT TOTAL ENERGY": -150.03440029931562, "ONE-ELECTRON ENERGY": -343.49135369887756, "DFT FUNCTIONAL TOTAL ENERGY": -150.03440029931562, "NUCLEAR REPULSION ENERGY": 71.44194165501806, "SCF ITERATION ENERGY": -150.03440029931562, "SCF N ITERS": 8.0, "CURRENT DIPOLE Z": 0.0}, "molecule": "\n  0  1\n  GH(C)       -3.95119391         0.13180726         0.00000000\n  GH(H)       -5.06421494         0.16795264         0.00000000\n  GH(O)       -3.25700879         1.14506295         0.00000000\n  GH(N)       -3.45900266        -1.14786697         0.00000000\n  GH(H)       -2.45511963        -1.29313383         0.00000000\n  GH(H)       -4.07950006        -1.94648494         0.00000000\n      C        4.04459226        -0.12785598         0.00000000\n      H        5.14896015        -0.16372034         0.00000000\n      N        3.27114001        -1.16876693         0.00000000\n      H        3.84998346        -2.01526327         0.00000000\n      N        3.53511346         1.15017556         0.00000000\n      H        2.53063281         1.28082664         0.00000000\n      H        4.14039777         1.95697653         0.00000000\n", "driver": "energy", "args": "B3LYP/aug-cc-pVDZ"}