{"args": "B3LYP/aug-cc-pVDZ", "driver": "energy", "modelchem": "B3LYP/aug-cc-pVDZ", "output": "", "return_value": -150.03446769200755, "success": true, "molecule": "\n  0  1\n  GH(C)       -2.10033250         0.15939803         0.00000000\n  GH(H)       -3.20231249         0.24404256         0.00000000\n  GH(O)       -1.38972180         1.16159856         0.00000000\n  GH(O)       -1.64810100        -1.10130943         0.00000000\n  GH(H)       -0.64870385        -1.08383587         0.00000000\n      C        2.18703912        -0.16992061         0.00000000\n      H        3.28668154        -0.25438558         0.00000000\n      N        1.35416505        -1.17725815         0.00000000\n      H        1.87421236        -2.05911458         0.00000000\n      N        1.72522255         1.11572240         0.00000000\n      H        0.71775960         1.28182144         0.00000000\n      H        2.36632423         1.89492965         0.00000000\n", "error": "", "variables": {"ONE-ELECTRON ENERGY": -343.53833640534083, "DFT XC ENERGY": -16.741837441736283, "TWO-ELECTRON ENERGY": 138.78661797916055, "CURRENT REFERENCE ENERGY": -150.03446769200755, "CURRENT ENERGY": -150.03446769200755, "CURRENT DIPOLE Z": 0.0, "SCF TOTAL ENERGY": -150.03446769200755, "SCF DIPOLE Z": 0.0, "SCF DIPOLE X": 2.020573812633827, "DFT FUNCTIONAL TOTAL ENERGY": -150.03446769200755, "SCF ITERATION ENERGY": -150.03446769200755, "CURRENT DIPOLE X": 2.020573812633827, "NUCLEAR REPULSION ENERGY": 71.45908817590903, "DFT TOTAL ENERGY": -150.03446769200755, "CURRENT DIPOLE Y": 2.150663256610726, "SCF DIPOLE Y": 2.150663256610726, "SCF N ITERS": 8.0}, "moleucle_hash": "f1727f0117fda9ec3c480b27b91e0f894d7178ed"}