{"error": "", "success": true, "driver": "energy", "args": "B3LYP/aug-cc-pVDZ", "return_value": -300.08616826702064, "molecule": "\n  0  1\n      C        2.29747604        -0.10772948         0.00000000\n      H        3.39968456        -0.15941244         0.00000000\n      N        1.54604150        -1.17743388         0.00000000\n      H        2.14951038        -2.00594097         0.00000000\n      N        1.74263302         1.14129835         0.00000000\n      H        0.72137666         1.23384217         0.00000000\n      H        2.32599570         1.96451573         0.00000000\n      C       -2.29747604         0.10772948         0.00000000\n      H       -3.39968456         0.15941244         0.00000000\n      N       -1.54604150         1.17743388         0.00000000\n      H       -2.14951038         2.00594097         0.00000000\n      N       -1.74263302        -1.14129835         0.00000000\n      H       -0.72137666        -1.23384217         0.00000000\n      H       -2.32599570        -1.96451573         0.00000000\n", "variables": {"SCF TOTAL ENERGY": -300.08616826702064, "CURRENT DIPOLE Y": -4.5150482996803025e-15, "TWO-ELECTRON ENERGY": 354.8603102889933, "SCF DIPOLE Z": 0.0, "DFT FUNCTIONAL TOTAL ENERGY": -300.08616826702064, "NUCLEAR REPULSION ENERGY": 219.76184605170639, "CURRENT DIPOLE X": -1.1287620749200757e-14, "SCF DIPOLE X": -1.1287620749200757e-14, "ONE-ELECTRON ENERGY": -841.215056317759, "SCF N ITERS": 9.0, "SCF ITERATION ENERGY": -300.08616826702064, "DFT XC ENERGY": -33.49326828996122, "CURRENT ENERGY": -300.08616826702064, "CURRENT DIPOLE Z": 0.0, "DFT TOTAL ENERGY": -300.08616826702064, "CURRENT REFERENCE ENERGY": -300.08616826702064, "SCF DIPOLE Y": -4.5150482996803025e-15}, "modelchem": "B3LYP/aug-cc-pVDZ", "output": "", "moleucle_hash": "f2acaac663a2e44f7bd306c90b1e9ab10c05fc0e"}