{"success": true, "args": "B3LYP/aug-cc-pVDZ", "return_value": -189.78661939369923, "molecule": "\n  0  1\n      C        1.69147262        -0.17006280         0.00000000\n      H        2.79500199        -0.28101305         0.00000000\n      O        1.02814129        -1.21720864         0.00000000\n      O        1.36966587         1.08860681         0.00000000\n      H        0.34380745         1.18798183         0.00000000\n  GH(C)       -1.69147262         0.17006280         0.00000000\n  GH(H)       -2.79500199         0.28101305         0.00000000\n  GH(O)       -1.02814129         1.21720864         0.00000000\n  GH(O)       -1.36966587        -1.08860681         0.00000000\n  GH(H)       -0.34380745        -1.18798183         0.00000000\n", "moleucle_hash": "f3833784f186415da36f6027f3e42ff810de3e6b", "error": "", "output": "", "driver": "energy", "variables": {"CURRENT DIPOLE Y": 2.2366075351461894, "ONE-ELECTRON ENERGY": -396.38104841509494, "TWO-ELECTRON ENERGY": 156.08048505698898, "SCF ITERATION ENERGY": -189.78661939369923, "CURRENT DIPOLE X": 0.0388743506097264, "SCF DIPOLE Y": 2.2366075351461894, "DFT TOTAL ENERGY": -189.78661939369925, "CURRENT ENERGY": -189.78661939369923, "SCF DIPOLE X": 0.0388743506097264, "CURRENT DIPOLE Z": 0.0, "SCF TOTAL ENERGY": -189.78661939369923, "SCF DIPOLE Z": 0.0, "DFT FUNCTIONAL TOTAL ENERGY": -189.78661939369925, "CURRENT REFERENCE ENERGY": -189.78661939369923, "SCF N ITERS": 8.0, "DFT XC ENERGY": -18.824996084142086, "NUCLEAR REPULSION ENERGY": 69.33894004854878}, "modelchem": "B3LYP/aug-cc-pVDZ"}