{"args": "B3LYP/aug-cc-pVDZ", "variables": {"CURRENT DIPOLE X": -0.3678011689344011, "CURRENT DIPOLE Y": -1.489733230702604, "SCF TOTAL ENERGY": -189.79506887171624, "SCF DIPOLE Y": -1.489733230702604, "DFT FUNCTIONAL TOTAL ENERGY": -189.79506887171624, "DFT XC ENERGY": -18.83642596917136, "SCF ITERATION ENERGY": -189.79506887171624, "SCF DIPOLE X": -0.3678011689344011, "ONE-ELECTRON ENERGY": -396.6020506387389, "CURRENT DIPOLE Z": 0.0, "CURRENT REFERENCE ENERGY": -189.79506887171624, "NUCLEAR REPULSION ENERGY": 69.43580272925003, "TWO-ELECTRON ENERGY": 156.20760500694396, "SCF DIPOLE Z": 0.0, "CURRENT ENERGY": -189.79506887171624, "DFT TOTAL ENERGY": -189.79506887171624, "SCF N ITERS": 8.0}, "moleucle_hash": "f5952efe9e415a0ffa495376e1b398aebe1b1db3", "success": true, "return_value": -189.79506887171624, "output": "", "modelchem": "B3LYP/aug-cc-pVDZ", "driver": "energy", "molecule": "\n  0  1\n      C       -4.89119351         0.15168886         0.00000000\n      H       -5.99692859         0.18239314         0.00000000\n      O       -4.16502480         1.12540358         0.00000000\n      O       -4.46601853        -1.14087529         0.00000000\n      H       -3.49177332        -1.11255947         0.00000000\n  GH(C)        5.10495503        -0.12588632         0.00000000\n  GH(H)        6.20955485        -0.15655909         0.00000000\n  GH(N)        4.33254137        -1.16667991         0.00000000\n  GH(H)        4.91019302        -2.01389087         0.00000000\n  GH(N)        4.59328914         1.15218338         0.00000000\n  GH(H)        3.58879137         1.28039339         0.00000000\n  GH(H)        5.19724654         1.95996355         0.00000000\n", "error": ""}