{"variables": {"CURRENT ENERGY": -169.92444858628716, "SCF TOTAL ENERGY": -169.92444858628716, "DFT XC ENERGY": -17.794896697688422, "SCF DIPOLE X": 1.0878881250707328, "NUCLEAR REPULSION ENERGY": 70.4665313205637, "TWO-ELECTRON ENERGY": 147.66150074056864, "SCF N ITERS": 8.0, "CURRENT DIPOLE Y": 4.006476811922395, "CURRENT DIPOLE Z": 0.0, "SCF DIPOLE Z": 0.0, "CURRENT DIPOLE X": 1.0878881250707328, "ONE-ELECTRON ENERGY": -370.2575839497311, "SCF ITERATION ENERGY": -169.92444858628716, "DFT FUNCTIONAL TOTAL ENERGY": -169.92444858628716, "DFT TOTAL ENERGY": -169.92444858628716, "CURRENT REFERENCE ENERGY": -169.92444858628716, "SCF DIPOLE Y": 4.006476811922395}, "moleucle_hash": "f66a67b18ebd76fc53a3bd5d15583cc80c701b5a", "output": "", "driver": "energy", "molecule": "\n  0  1\n      C        2.04597250        -0.12844429         0.00000000\n      H        3.15473976        -0.19805169         0.00000000\n      O        1.36080054        -1.16589088         0.00000000\n      N        1.54023054         1.12707489         0.00000000\n      H        0.51870599         1.25472290         0.00000000\n      H        2.16442795         1.92321328         0.00000000\n  GH(C)       -2.04597250         0.12844429         0.00000000\n  GH(H)       -3.15473976         0.19805169         0.00000000\n  GH(O)       -1.36080054         1.16589088         0.00000000\n  GH(N)       -1.54023054        -1.12707489         0.00000000\n  GH(H)       -0.51870599        -1.25472290         0.00000000\n  GH(H)       -2.16442795        -1.92321328         0.00000000\n", "return_value": -169.92444858628716, "error": "", "success": true, "args": "B3LYP/aug-cc-pVDZ", "modelchem": "B3LYP/aug-cc-pVDZ"}