{"args": "B3LYP/aug-cc-pVDZ", "driver": "energy", "success": true, "modelchem": "B3LYP/aug-cc-pVDZ", "variables": {"CURRENT DIPOLE Y": 3.838871580057498, "CURRENT REFERENCE ENERGY": -169.92510331181714, "DFT XC ENERGY": -17.80028546745326, "SCF DIPOLE X": 1.1541672347684402, "DFT FUNCTIONAL TOTAL ENERGY": -169.92510331181714, "NUCLEAR REPULSION ENERGY": 70.51282107438695, "TWO-ELECTRON ENERGY": 147.68319337127124, "ONE-ELECTRON ENERGY": -370.32083229002205, "CURRENT DIPOLE Z": 0.0, "DFT TOTAL ENERGY": -169.92510331181714, "SCF DIPOLE Y": 3.838871580057498, "CURRENT DIPOLE X": 1.1541672347684402, "SCF TOTAL ENERGY": -169.92510331181714, "SCF N ITERS": 9.0, "SCF ITERATION ENERGY": -169.92510331181714, "CURRENT ENERGY": -169.92510331181714, "SCF DIPOLE Z": 0.0}, "moleucle_hash": "f6ae439c1c155edbc8b8a1b30f1c821b00775ce3", "return_value": -169.92510331181714, "output": "", "molecule": "\n  0  1\n      C        3.49721450        -0.13962406         0.00000000\n      H        4.60973564        -0.18404076         0.00000000\n      O        2.79431063        -1.14771035         0.00000000\n      N        3.01520025         1.14321645         0.00000000\n      H        2.01252678         1.29808475         0.00000000\n      H        3.64229745         1.93673374         0.00000000\n  GH(C)       -3.49721450         0.13962406         0.00000000\n  GH(H)       -4.60973564         0.18404076         0.00000000\n  GH(O)       -2.79431063         1.14771035         0.00000000\n  GH(N)       -3.01520025        -1.14321645         0.00000000\n  GH(H)       -2.01252678        -1.29808475         0.00000000\n  GH(H)       -3.64229745        -1.93673374         0.00000000\n", "error": ""}