{"driver": "energy", "success": true, "molecule": "\n  0  1\n  GH(C)        2.04736978        -0.10381896         0.00000000\n  GH(H)        3.15111193        -0.15978802         0.00000000\n  GH(N)        1.32968607        -1.19773394         0.00000000\n  GH(H)        1.95888022        -2.00487461         0.00000000\n  GH(N)        1.52453108         1.14670134         0.00000000\n  GH(H)        0.49489283         1.27394294         0.00000000\n  GH(H)        2.15004136         1.93933564         0.00000000\n      C       -2.04736978         0.10381896         0.00000000\n      H       -3.15111193         0.15978802         0.00000000\n      N       -1.32968607         1.19773394         0.00000000\n      H       -1.95888022         2.00487461         0.00000000\n      N       -1.52453108        -1.14670134         0.00000000\n      H       -0.49489283        -1.27394294         0.00000000\n      H       -2.15004136        -1.93933564         0.00000000\n", "moleucle_hash": "f6c68248cc4c8b00a2a4e8d13e5290ba0aacaedd", "modelchem": "B3LYP/aug-cc-pVDZ", "variables": {"SCF DIPOLE Z": 0.0, "CURRENT REFERENCE ENERGY": -150.03339075275534, "TWO-ELECTRON ENERGY": 138.6940820164947, "SCF DIPOLE X": -1.854733946929901, "DFT FUNCTIONAL TOTAL ENERGY": -150.03339075275534, "DFT TOTAL ENERGY": -150.03339075275534, "SCF DIPOLE Y": -2.4789000102479273, "CURRENT DIPOLE Z": 0.0, "CURRENT DIPOLE Y": -2.4789000102479273, "CURRENT DIPOLE X": -1.854733946929901, "SCF TOTAL ENERGY": -150.03339075275534, "CURRENT ENERGY": -150.03339075275534, "NUCLEAR REPULSION ENERGY": 71.37962643457654, "DFT XC ENERGY": -16.739425272879533, "ONE-ELECTRON ENERGY": -343.36767393094703, "SCF ITERATION ENERGY": -150.03339075275534, "SCF N ITERS": 8.0}, "return_value": -150.03339075275534, "output": "", "error": "", "args": "B3LYP/aug-cc-pVDZ"}