{"moleucle_hash": "f757b1ae1980332ddf9b315d8c3b4f4ea6101102", "molecule": "\n  0  1\n      C        1.84016492        -0.19051039         0.00000000\n      H        2.93982222        -0.30435679         0.00000000\n      O        1.10803623        -1.18439540         0.00000000\n      O        1.47971186         1.07967254         0.00000000\n      H        0.47644336         1.13716323         0.00000000\n  GH(C)       -1.84016492         0.19051039         0.00000000\n  GH(H)       -2.93982222         0.30435679         0.00000000\n  GH(O)       -1.10803623         1.18439540         0.00000000\n  GH(O)       -1.47971186        -1.07967254         0.00000000\n  GH(H)       -0.47644336        -1.13716323         0.00000000\n", "variables": {"SCF TOTAL ENERGY": -189.79286594559457, "DFT FUNCTIONAL TOTAL ENERGY": -189.7928659455946, "SCF DIPOLE X": 0.2862974259533921, "DFT TOTAL ENERGY": -189.7928659455946, "CURRENT DIPOLE Z": 0.0, "SCF DIPOLE Z": 0.0, "ONE-ELECTRON ENERGY": -396.6620831632792, "NUCLEAR REPULSION ENERGY": 69.46091244096102, "CURRENT DIPOLE X": 0.2862974259533921, "CURRENT REFERENCE ENERGY": -189.79286594559457, "CURRENT DIPOLE Y": 1.9212206617778833, "SCF DIPOLE Y": 1.9212206617778833, "DFT XC ENERGY": -18.829772154256304, "SCF N ITERS": 8.0, "CURRENT ENERGY": -189.79286594559457, "TWO-ELECTRON ENERGY": 156.2380769309799, "SCF ITERATION ENERGY": -189.79286594559457}, "args": "B3LYP/aug-cc-pVDZ", "driver": "energy", "success": true, "modelchem": "B3LYP/aug-cc-pVDZ", "output": "", "error": "", "return_value": -189.79286594559457}