{"driver": "energy", "error": "", "output": "", "variables": {"SCF N ITERS": 8.0, "SCF DIPOLE Y": -3.857959153347945, "SCF ITERATION ENERGY": -169.92505807253045, "ONE-ELECTRON ENERGY": -370.32259132708435, "CURRENT ENERGY": -169.92505807253045, "DFT XC ENERGY": -17.798814930536917, "DFT TOTAL ENERGY": -169.92505807253045, "NUCLEAR REPULSION ENERGY": 70.50872518456197, "SCF DIPOLE X": -1.1721714911919117, "SCF TOTAL ENERGY": -169.92505807253045, "TWO-ELECTRON ENERGY": 147.68762300052884, "DFT FUNCTIONAL TOTAL ENERGY": -169.92505807253045, "CURRENT DIPOLE Z": 0.0, "CURRENT DIPOLE Y": -3.857959153347945, "CURRENT DIPOLE X": -1.1721714911919117, "CURRENT REFERENCE ENERGY": -169.92505807253045, "SCF DIPOLE Z": 0.0}, "return_value": -169.92505807253045, "args": "B3LYP/aug-cc-pVDZ", "molecule": "\n  0  1\n  GH(C)        2.69608420        -0.14536998         0.00000000\n  GH(H)        3.80688469        -0.20526316         0.00000000\n  GH(O)        1.98650872        -1.15320220         0.00000000\n  GH(N)        2.21035574         1.13294283         0.00000000\n  GH(H)        1.20419348         1.28204746         0.00000000\n  GH(H)        2.83403804         1.92915087         0.00000000\n      C       -2.69608420         0.14536998         0.00000000\n      H       -3.80688469         0.20526316         0.00000000\n      O       -1.98650872         1.15320220         0.00000000\n      N       -2.21035574        -1.13294283         0.00000000\n      H       -1.20419348        -1.28204746         0.00000000\n      H       -2.83403804        -1.92915087         0.00000000\n", "success": true, "modelchem": "B3LYP/aug-cc-pVDZ", "moleucle_hash": "f7ddf66fa3fa9c746d33ce9e41feccd16a0be76f"}