{"driver": "energy", "success": true, "molecule": "\n  0  1\n      C        2.69608420        -0.14536998         0.00000000\n      H        3.80688469        -0.20526316         0.00000000\n      O        1.98650872        -1.15320220         0.00000000\n      N        2.21035574         1.13294283         0.00000000\n      H        1.20419348         1.28204746         0.00000000\n      H        2.83403804         1.92915087         0.00000000\n      C       -2.69608420         0.14536998         0.00000000\n      H       -3.80688469         0.20526316         0.00000000\n      O       -1.98650872         1.15320220         0.00000000\n      N       -2.21035574        -1.13294283         0.00000000\n      H       -1.20419348        -1.28204746         0.00000000\n      H       -2.83403804        -1.92915087         0.00000000\n", "moleucle_hash": "f8cf90604426a13e1bd81c53ccad5927e8c2084b", "args": "B3LYP/aug-cc-pVDZ", "error": "", "return_value": -339.8573885871104, "modelchem": "B3LYP/aug-cc-pVDZ", "output": "", "variables": {"CURRENT DIPOLE Y": 0.0, "CURRENT ENERGY": -339.8573885871104, "SCF DIPOLE X": 4.5150482996803025e-15, "DFT TOTAL ENERGY": -339.85738858711045, "SCF N ITERS": 9.0, "CURRENT DIPOLE X": 4.5150482996803025e-15, "CURRENT DIPOLE Z": 0.0, "NUCLEAR REPULSION ENERGY": 205.14090516229172, "SCF ITERATION ENERGY": -339.8573885871104, "SCF DIPOLE Z": 0.0, "SCF DIPOLE Y": 0.0, "ONE-ELECTRON ENERGY": -869.051514680104, "SCF TOTAL ENERGY": -339.8573885871104, "DFT XC ENERGY": -35.59949899624215, "TWO-ELECTRON ENERGY": 359.65271992694403, "CURRENT REFERENCE ENERGY": -339.8573885871104, "DFT FUNCTIONAL TOTAL ENERGY": -339.85738858711045}}