{"modelchem": "B3LYP/aug-cc-pVDZ", "error": "", "args": "B3LYP/aug-cc-pVDZ", "driver": "energy", "success": true, "molecule": "\n  0  1\n      C       -3.12831510         0.17084992         0.00000000\n      H       -4.23295676         0.22611350         0.00000000\n      O       -2.38703135         1.13479845         0.00000000\n      O       -2.72349375        -1.12568269         0.00000000\n      H       -1.74750630        -1.11756461         0.00000000\n  GH(C)        3.26369185        -0.14893273         0.00000000\n  GH(H)        4.36705371        -0.20413229         0.00000000\n  GH(N)        2.46830003        -1.17413526         0.00000000\n  GH(H)        3.02869067        -2.03292199         0.00000000\n  GH(N)        2.77871570         1.13816091         0.00000000\n  GH(H)        1.77677840         1.28984953         0.00000000\n  GH(H)        3.39990002         1.93285794         0.00000000\n", "output": "", "variables": {"CURRENT DIPOLE Y": -1.5098884948120437, "SCF ITERATION ENERGY": -189.79511603511807, "DFT XC ENERGY": -18.83603616609532, "SCF DIPOLE Y": -1.5098884948120437, "SCF TOTAL ENERGY": -189.79511603511807, "CURRENT DIPOLE Z": 0.0, "SCF DIPOLE Z": 0.0, "SCF N ITERS": 8.0, "DFT FUNCTIONAL TOTAL ENERGY": -189.79511603511807, "TWO-ELECTRON ENERGY": 156.21412984807088, "CURRENT ENERGY": -189.79511603511807, "SCF DIPOLE X": -0.3866733411001546, "DFT TOTAL ENERGY": -189.79511603511807, "CURRENT REFERENCE ENERGY": -189.79511603511807, "NUCLEAR REPULSION ENERGY": 69.43965700533785, "CURRENT DIPOLE X": -0.3866733411001546, "ONE-ELECTRON ENERGY": -396.6128667224315}, "moleucle_hash": "f943bd2867db19220a4cf023a3e7e66fa6d57bde", "return_value": -189.79511603511807}