{"return_value": -150.0339388763647, "driver": "energy", "output": "", "moleucle_hash": "f9dec31ed1e51fbb850c6d113e3b4081eebf3792", "args": "B3LYP/aug-cc-pVDZ", "success": true, "variables": {"CURRENT DIPOLE X": 1.858120573198119, "CURRENT DIPOLE Y": 2.4036400602768833, "SCF ITERATION ENERGY": -150.0339388763647, "ONE-ELECTRON ENERGY": -343.46812561957427, "DFT XC ENERGY": -16.741563607740183, "SCF DIPOLE Z": 0.0, "CURRENT DIPOLE Z": 0.0, "SCF N ITERS": 8.0, "DFT FUNCTIONAL TOTAL ENERGY": -150.0339388763647, "TWO-ELECTRON ENERGY": 138.7475163801819, "SCF TOTAL ENERGY": -150.0339388763647, "CURRENT ENERGY": -150.0339388763647, "SCF DIPOLE Y": 2.4036400602768833, "DFT TOTAL ENERGY": -150.0339388763647, "NUCLEAR REPULSION ENERGY": 71.42823397076785, "CURRENT REFERENCE ENERGY": -150.0339388763647, "SCF DIPOLE X": 1.858120573198119}, "molecule": "\n  0  1\n  GH(C)       -2.07299095         0.12047764         0.00000000\n  GH(H)       -3.18330109         0.18128485         0.00000000\n  GH(O)       -1.38900859         1.15844919         0.00000000\n  GH(N)       -1.56461787        -1.13434964         0.00000000\n  GH(H)       -0.53656198        -1.26288353         0.00000000\n  GH(H)       -2.19324500        -1.92734321         0.00000000\n      C        2.12072533        -0.10919529         0.00000000\n      H        3.22240596        -0.16952990         0.00000000\n      N        1.38733366        -1.19254323         0.00000000\n      H        2.00342544        -2.01034739         0.00000000\n      N        1.57620126         1.13760159         0.00000000\n      H        0.55501008         1.24096826         0.00000000\n      H        2.17143215         1.95251421         0.00000000\n", "error": "", "modelchem": "B3LYP/aug-cc-pVDZ"}