{"error": "", "success": true, "output": "", "variables": {"CURRENT DIPOLE Z": 0.0, "SCF ITERATION ENERGY": -379.6060738857258, "CURRENT DIPOLE Y": 4.5150482996803025e-15, "SCF DIPOLE X": -1.9753336311101324e-14, "SCF DIPOLE Z": 0.0, "CURRENT ENERGY": -379.6060738857258, "CURRENT DIPOLE X": -1.9753336311101324e-14, "DFT FUNCTIONAL TOTAL ENERGY": -379.6060738857258, "SCF DIPOLE Y": 4.5150482996803025e-15, "SCF N ITERS": 8.0, "NUCLEAR REPULSION ENERGY": 220.317530244908, "TWO-ELECTRON ENERGY": 393.757161450541, "DFT XC ENERGY": -37.676127693297595, "ONE-ELECTRON ENERGY": -956.0046378878772, "CURRENT REFERENCE ENERGY": -379.6060738857258, "DFT TOTAL ENERGY": -379.6060738857258, "SCF TOTAL ENERGY": -379.6060738857258}, "molecule_hash": "fa5142479751c4af1238f4acefe0f7e9c3a59e02", "driver": "energy", "molecule": "\n  0  1\n      C        2.19018321        -0.20760327         0.00000000\n      H        3.28964362        -0.31181902         0.00000000\n      O        1.41218943        -1.15341758         0.00000000\n      O        1.81652565         1.08773186         0.00000000\n      H        0.83371879         1.11760094         0.00000000\n      C       -2.19018321         0.20760327         0.00000000\n      H       -3.28964362         0.31181902         0.00000000\n      O       -1.41218943         1.15341758         0.00000000\n      O       -1.81652565        -1.08773186         0.00000000\n      H       -0.83371879        -1.11760094         0.00000000\n", "args": "B3LYP/aug-cc-pVDZ", "modelchem": "B3LYP/aug-cc-pVDZ", "return_value": -379.6060738857258}