{"molecule": "\n  0  1\n  GH(C)       -2.86735875         0.18206412         0.00000000\n  GH(H)       -3.97126829         0.24767419         0.00000000\n  GH(O)       -2.11347561         1.13744992         0.00000000\n  GH(O)       -2.47888370        -1.11819686         0.00000000\n  GH(H)       -1.50260023        -1.12749792         0.00000000\n      C        2.92242523        -0.16204751         0.00000000\n      H        4.03336881        -0.22807565         0.00000000\n      O        2.19639756        -1.15519802         0.00000000\n      N        2.46432498         1.12882796         0.00000000\n      H        1.46400695         1.30306213         0.00000000\n      H        3.10628291         1.91044267         0.00000000\n", "success": true, "variables": {"TWO-ELECTRON ENERGY": 147.68100995729196, "ONE-ELECTRON ENERGY": -370.3142285740802, "CURRENT DIPOLE Z": 0.0, "SCF ITERATION ENERGY": -169.92511183512534, "CURRENT ENERGY": -169.92511183512534, "DFT FUNCTIONAL TOTAL ENERGY": -169.92511183512534, "NUCLEAR REPULSION ENERGY": 70.50777320421666, "DFT XC ENERGY": -17.7996664225538, "SCF DIPOLE Z": 0.0, "SCF TOTAL ENERGY": -169.92511183512534, "SCF N ITERS": 8.0, "CURRENT REFERENCE ENERGY": -169.92511183512534, "SCF DIPOLE X": 1.238401789292586, "DFT TOTAL ENERGY": -169.92511183512534, "CURRENT DIPOLE X": 1.238401789292586, "SCF DIPOLE Y": 3.8205410400383237, "CURRENT DIPOLE Y": 3.8205410400383237}, "modelchem": "B3LYP/aug-cc-pVDZ", "error": "", "return_value": -169.92511183512534, "output": "", "driver": "energy", "args": "B3LYP/aug-cc-pVDZ", "moleucle_hash": "fa9f56a5f6a709dc5d2e473a7d3c553c10caf828"}