{"molecule_hash": "face83a1beb1e54341029799f66fff5ae77c214a", "modelchem": "B3LYP/aug-cc-pVDZ", "driver": "energy", "return_value": -359.7391868417991, "success": true, "error": "", "molecule": "\n  0  1\n      C       -2.12445982         0.17139548         0.00000000\n      H       -3.22540810         0.26019471         0.00000000\n      O       -1.39708971         1.15905225         0.00000000\n      O       -1.69213335        -1.10003833         0.00000000\n      H       -0.70338392        -1.09153044         0.00000000\n      C        2.16162183        -0.17430715         0.00000000\n      H        3.26847086        -0.26358230         0.00000000\n      O        1.40801417        -1.15997383         0.00000000\n      N        1.71474383         1.11078804         0.00000000\n      H        0.70747623         1.28502211         0.00000000\n      H        2.36711721         1.88391930         0.00000000\n", "variables": {"SCF DIPOLE Z": 0.0, "CURRENT ENERGY": -359.7391868417991, "CURRENT DIPOLE Z": 0.0, "CURRENT DIPOLE X": 1.2139002914625325, "DFT TOTAL ENERGY": -359.7391868417991, "SCF TOTAL ENERGY": -359.7391868417991, "TWO-ELECTRON ENERGY": 387.22308830765616, "DFT FUNCTIONAL TOTAL ENERGY": -359.7391868417991, "NUCLEAR REPULSION ENERGY": 223.19598463062525, "ONE-ELECTRON ENERGY": -933.5130113605079, "DFT XC ENERGY": -36.64524841957265, "CURRENT REFERENCE ENERGY": -359.7391868417991, "CURRENT DIPOLE Y": 2.240383255048183, "SCF ITERATION ENERGY": -359.7391868417991, "SCF N ITERS": 10.0, "SCF DIPOLE Y": 2.240383255048183, "SCF DIPOLE X": 1.2139002914625325}, "output": "", "args": "B3LYP/aug-cc-pVDZ"}