{"molecule": "\n  0  1\n  GH(C)       -2.02654503         0.16495904         0.00000000\n  GH(H)       -3.12746053         0.25719799         0.00000000\n  GH(O)       -1.31615809         1.16794329         0.00000000\n  GH(O)       -1.58476587        -1.09656137         0.00000000\n  GH(H)       -0.58990682        -1.08671689         0.00000000\n      C        2.05914052        -0.17735549         0.00000000\n      H        3.16555405        -0.27005509         0.00000000\n      O        1.30164029        -1.16302967         0.00000000\n      N        1.62857259         1.10890330         0.00000000\n      H        0.62159334         1.29571943         0.00000000\n      H        2.29594551         1.86920816         0.00000000\n", "error": "", "driver": "energy", "moleucle_hash": "fb759bb3e54d2c98db0840003a88b1eb2c442878", "success": true, "variables": {"DFT XC ENERGY": -17.795741953065168, "SCF DIPOLE Z": 0.0, "ONE-ELECTRON ENERGY": -370.28693159871835, "SCF DIPOLE Y": 3.9066860961266423, "CURRENT REFERENCE ENERGY": -169.92478404574067, "SCF ITERATION ENERGY": -169.92478404574067, "DFT FUNCTIONAL TOTAL ENERGY": -169.92478404574067, "SCF N ITERS": 8.0, "CURRENT DIPOLE Z": 0.0, "CURRENT DIPOLE X": 1.3527224675205267, "CURRENT DIPOLE Y": 3.9066860961266423, "CURRENT ENERGY": -169.92478404574067, "SCF DIPOLE X": 1.3527224675205267, "SCF TOTAL ENERGY": -169.92478404574067, "TWO-ELECTRON ENERGY": 147.67371101722722, "DFT TOTAL ENERGY": -169.92478404574067, "NUCLEAR REPULSION ENERGY": 70.48417848881566}, "modelchem": "B3LYP/aug-cc-pVDZ", "return_value": -169.92478404574067, "output": "", "args": "B3LYP/aug-cc-pVDZ"}