{"molecule": "\n  0  1\n      C       -3.95866293         0.16221564         0.00000000\n      H       -5.06397335         0.20411777         0.00000000\n      O       -3.22210995         1.12855078         0.00000000\n      O       -3.54823170        -1.13429286         0.00000000\n      H       -2.57357553        -1.11984997         0.00000000\n  GH(C)        4.03559598        -0.14084533         0.00000000\n  GH(H)        5.14833239        -0.18302898         0.00000000\n  GH(O)        3.33114210        -1.14677626         0.00000000\n  GH(N)        3.55651747         1.14422533         0.00000000\n  GH(H)        2.55468792         1.30114823         0.00000000\n  GH(H)        4.18559310         1.93619532         0.00000000\n", "args": "B3LYP/aug-cc-pVDZ", "success": true, "modelchem": "B3LYP/aug-cc-pVDZ", "error": "", "return_value": -189.79508777288348, "variables": {"SCF DIPOLE Z": 0.0, "CURRENT DIPOLE X": -0.3812189518673237, "CURRENT DIPOLE Y": -1.4970462079461933, "CURRENT ENERGY": -189.79508777288348, "SCF N ITERS": 8.0, "SCF DIPOLE Y": -1.4970462079461933, "SCF TOTAL ENERGY": -189.79508777288348, "DFT TOTAL ENERGY": -189.79508777288348, "TWO-ELECTRON ENERGY": 156.20943168359946, "DFT FUNCTIONAL TOTAL ENERGY": -189.79508777288348, "NUCLEAR REPULSION ENERGY": 69.43703887508713, "CURRENT DIPOLE Z": 0.0, "SCF ITERATION ENERGY": -189.79508777288348, "SCF DIPOLE X": -0.3812189518673237, "CURRENT REFERENCE ENERGY": -189.79508777288348, "DFT XC ENERGY": -18.836460596284855, "ONE-ELECTRON ENERGY": -396.6050977352852}, "driver": "energy", "output": "", "moleucle_hash": "fc2c5fdf56ca1d63a1b3891a7c8db4fbc105eb9d"}