{"molecule_hash": "fc41cf552e96216b37074eb960b36c4b04ff4463", "molecule": "\n  0  1\n      C        2.39601143        -0.13831545         0.00000000\n      H        3.50541998        -0.20235870         0.00000000\n      O        1.69032936        -1.15398956         0.00000000\n      N        1.89087102         1.12918383         0.00000000\n      H        0.87833293         1.25816233         0.00000000\n      H        2.50182267         1.93524951         0.00000000\n  GH(C)       -2.39601143         0.13831545         0.00000000\n  GH(H)       -3.50541998         0.20235870         0.00000000\n  GH(O)       -1.69032936         1.15398956         0.00000000\n  GH(N)       -1.89087102        -1.12918383         0.00000000\n  GH(H)       -0.87833293        -1.25816233         0.00000000\n  GH(H)       -2.50182267        -1.93524951         0.00000000\n", "output": "", "variables": {"CURRENT ENERGY": -169.9248962102489, "DFT XC ENERGY": -17.79699946534306, "TWO-ELECTRON ENERGY": 147.690203624099, "NUCLEAR REPULSION ENERGY": 70.49902069043304, "CURRENT REFERENCE ENERGY": -169.9248962102489, "ONE-ELECTRON ENERGY": -370.3171210594379, "SCF N ITERS": 8.0, "DFT TOTAL ENERGY": -169.9248962102489, "SCF ITERATION ENERGY": -169.9248962102489, "SCF DIPOLE Z": 0.0, "DFT FUNCTIONAL TOTAL ENERGY": -169.9248962102489, "SCF TOTAL ENERGY": -169.9248962102489, "CURRENT DIPOLE X": 1.1450555692125484, "CURRENT DIPOLE Z": 0.0, "CURRENT DIPOLE Y": 3.8903270467963607, "SCF DIPOLE Y": 3.8903270467963607, "SCF DIPOLE X": 1.1450555692125484}, "args": "B3LYP/aug-cc-pVDZ", "driver": "energy", "modelchem": "B3LYP/aug-cc-pVDZ", "success": true, "error": "", "return_value": -169.9248962102489}