{"success": true, "args": "B3LYP/aug-cc-pVDZ", "molecule": "\n  0  1\n  GH(C)       -3.42232127         0.16653527         0.00000000\n  GH(H)       -4.52734265         0.21545352         0.00000000\n  GH(O)       -2.68394725         1.13198626         0.00000000\n  GH(O)       -3.01424928        -1.12993738         0.00000000\n  GH(H)       -2.03892166        -1.11784311         0.00000000\n      C        3.57083085        -0.14304496         0.00000000\n      H        4.67461743        -0.19190855         0.00000000\n      N        2.78161679        -1.17225021         0.00000000\n      H        3.34675787        -2.02791543         0.00000000\n      N        3.07956461         1.14215114         0.00000000\n      H        2.07713948         1.28822281         0.00000000\n      H        3.69667809         1.93998571         0.00000000\n", "driver": "energy", "variables": {"TWO-ELECTRON ENERGY": 138.7580358284976, "SCF DIPOLE Z": 0.0, "SCF ITERATION ENERGY": -150.034408154042, "SCF DIPOLE Y": 2.1562968649888927, "CURRENT DIPOLE Y": 2.1562968649888927, "ONE-ELECTRON ENERGY": -343.48759894291624, "SCF DIPOLE X": 1.9574359052760846, "CURRENT DIPOLE X": 1.9574359052760846, "SCF N ITERS": 8.0, "NUCLEAR REPULSION ENERGY": 71.43984273310252, "CURRENT REFERENCE ENERGY": -150.034408154042, "CURRENT DIPOLE Z": 0.0, "CURRENT ENERGY": -150.034408154042, "DFT XC ENERGY": -16.74468777272592, "DFT FUNCTIONAL TOTAL ENERGY": -150.034408154042, "SCF TOTAL ENERGY": -150.034408154042, "DFT TOTAL ENERGY": -150.034408154042}, "error": "", "molecule_hash": "fc5a3711091803f8d8e82a9c6ec3e358ee61648a", "output": "", "return_value": -150.034408154042, "modelchem": "B3LYP/aug-cc-pVDZ"}