{"args": "B3LYP/aug-cc-pVDZ", "return_value": -189.79399959116154, "molecule_hash": "fccce3cccacfc4a8f0a5cb8c3fe4846eb6dfc5ef", "driver": "energy", "molecule": "\n  0  1\n      C       -2.14914999         0.16086986         0.00000000\n      H       -3.25109115         0.24371672         0.00000000\n      O       -1.43435230         1.15849662         0.00000000\n      O       -1.69755858        -1.10315341         0.00000000\n      H       -0.70240660        -1.08186738         0.00000000\n  GH(C)        2.23846787        -0.16900290         0.00000000\n  GH(H)        3.33829123        -0.25169053         0.00000000\n  GH(N)        1.40543473        -1.17550354         0.00000000\n  GH(H)        1.92694842        -2.05687020         0.00000000\n  GH(N)        1.77253439         1.11690493         0.00000000\n  GH(H)        0.76542789         1.27975581         0.00000000\n  GH(H)        2.40921970         1.89964705         0.00000000\n", "error": "", "success": true, "modelchem": "B3LYP/aug-cc-pVDZ", "variables": {"NUCLEAR REPULSION ENERGY": 69.40618109891633, "SCF N ITERS": 8.0, "SCF DIPOLE Y": -1.673008501715805, "SCF DIPOLE Z": 0.0, "CURRENT ENERGY": -189.79399959116154, "SCF TOTAL ENERGY": -189.79399959116154, "SCF ITERATION ENERGY": -189.79399959116154, "TWO-ELECTRON ENERGY": 156.2129078471999, "CURRENT DIPOLE X": -0.3283934178739254, "CURRENT REFERENCE ENERGY": -189.79399959116154, "DFT TOTAL ENERGY": -189.79399959116154, "DFT XC ENERGY": -18.82890164902234, "ONE-ELECTRON ENERGY": -396.5841868882554, "DFT FUNCTIONAL TOTAL ENERGY": -189.79399959116154, "CURRENT DIPOLE Z": 0.0, "SCF DIPOLE X": -0.3283934178739254, "CURRENT DIPOLE Y": -1.673008501715805}, "output": ""}