{"modelchem": "B3LYP/aug-cc-pVDZ", "return_value": -339.8630808879655, "moleucle_hash": "fd493147bb79e5cdb4783e44f068f16d78db0ab5", "success": true, "error": "", "driver": "energy", "variables": {"TWO-ELECTRON ENERGY": 368.89474386536875, "SCF DIPOLE X": -2.0317717348561362e-14, "CURRENT DIPOLE Z": 0.0, "CURRENT DIPOLE Y": 2.2575241498401512e-15, "CURRENT DIPOLE X": -2.0317717348561362e-14, "DFT TOTAL ENERGY": -339.8630808879655, "CURRENT REFERENCE ENERGY": -339.8630808879655, "SCF DIPOLE Y": 2.2575241498401512e-15, "SCF N ITERS": 8.0, "SCF DIPOLE Z": 0.0, "CURRENT ENERGY": -339.8630808879655, "SCF ITERATION ENERGY": -339.8630808879655, "SCF TOTAL ENERGY": -339.8630808879655, "ONE-ELECTRON ENERGY": -887.4981644879243, "DFT FUNCTIONAL TOTAL ENERGY": -339.8630808879655, "DFT XC ENERGY": -35.60005428532543, "NUCLEAR REPULSION ENERGY": 214.3403940199155}, "output": "", "args": "B3LYP/aug-cc-pVDZ", "molecule": "\n  0  1\n      C        2.39601143        -0.13831545         0.00000000\n      H        3.50541998        -0.20235870         0.00000000\n      O        1.69032936        -1.15398956         0.00000000\n      N        1.89087102         1.12918383         0.00000000\n      H        0.87833293         1.25816233         0.00000000\n      H        2.50182267         1.93524951         0.00000000\n      C       -2.39601143         0.13831545         0.00000000\n      H       -3.50541998         0.20235870         0.00000000\n      O       -1.69032936         1.15398956         0.00000000\n      N       -1.89087102        -1.12918383         0.00000000\n      H       -0.87833293        -1.25816233         0.00000000\n      H       -2.50182267        -1.93524951         0.00000000\n"}