{"modelchem": "B3LYP/aug-cc-pVDZ", "args": "B3LYP/aug-cc-pVDZ", "driver": "energy", "moleucle_hash": "feb49a92f3f140650622bba8e3b58433bba7b3dc", "error": "", "success": true, "variables": {"DFT TOTAL ENERGY": -150.03439272427147, "SCF N ITERS": 8.0, "CURRENT DIPOLE Y": 2.187613802913194, "SCF DIPOLE Y": 2.187613802913194, "DFT FUNCTIONAL TOTAL ENERGY": -150.03439272427147, "NUCLEAR REPULSION ENERGY": 71.43986290557527, "SCF DIPOLE X": 1.9356633289640552, "CURRENT REFERENCE ENERGY": -150.03439272427147, "DFT XC ENERGY": -16.744617301710136, "CURRENT ENERGY": -150.03439272427147, "ONE-ELECTRON ENERGY": -343.487172478639, "SCF ITERATION ENERGY": -150.03439272427147, "TWO-ELECTRON ENERGY": 138.75753415050247, "SCF TOTAL ENERGY": -150.03439272427147, "SCF DIPOLE Z": 0.0, "CURRENT DIPOLE Z": 0.0, "CURRENT DIPOLE X": 1.9356633289640552}, "output": "", "return_value": -150.03439272427147, "molecule": "\n  0  1\n  GH(C)       -3.45655227         0.13564152         0.00000000\n  GH(H)       -4.56921064         0.17826784         0.00000000\n  GH(O)       -2.75931575         1.14757333         0.00000000\n  GH(N)       -2.96668321        -1.14421239         0.00000000\n  GH(H)       -1.96251864        -1.29094605         0.00000000\n  GH(H)       -3.58850495        -1.94176941         0.00000000\n      C        3.53831767        -0.13233432         0.00000000\n      H        4.64233959        -0.17462977         0.00000000\n      N        2.76094801        -1.17118270         0.00000000\n      H        3.33794153        -2.01900317         0.00000000\n      N        3.03335964         1.14677845         0.00000000\n      H        2.02910179         1.28169924         0.00000000\n      H        3.64162361         1.95135046         0.00000000\n"}