{"error": "", "moleucle_hash": "ffb62942b16f85e2a8823e8b5ba29d29599edd39", "variables": {"CURRENT ENERGY": -189.79510354274154, "SCF TOTAL ENERGY": -189.79510354274154, "SCF DIPOLE Y": -1.5224357715487329, "SCF DIPOLE Z": 0.0, "DFT XC ENERGY": -18.83550865036205, "SCF N ITERS": 8.0, "TWO-ELECTRON ENERGY": 156.21888506509296, "DFT FUNCTIONAL TOTAL ENERGY": -189.79510354274154, "ONE-ELECTRON ENERGY": -396.6196888451731, "NUCLEAR REPULSION ENERGY": 69.44120888770061, "CURRENT DIPOLE X": -0.38980015385689815, "SCF ITERATION ENERGY": -189.79510354274154, "CURRENT REFERENCE ENERGY": -189.79510354274154, "DFT TOTAL ENERGY": -189.79510354274154, "CURRENT DIPOLE Y": -1.5224357715487329, "SCF DIPOLE X": -0.38980015385689815, "CURRENT DIPOLE Z": 0.0}, "return_value": -189.79510354274154, "driver": "energy", "output": "", "modelchem": "B3LYP/aug-cc-pVDZ", "args": "B3LYP/aug-cc-pVDZ", "success": true, "molecule": "\n  0  1\n      C       -2.83430026         0.17412588         0.00000000\n      H       -3.93836628         0.23696684         0.00000000\n      O       -2.09196716         1.13877607         0.00000000\n      O       -2.42840583        -1.12038969         0.00000000\n      H       -1.45107051        -1.11332814         0.00000000\n  GH(C)        2.95632855        -0.15546371         0.00000000\n  GH(H)        4.05902283        -0.21822659         0.00000000\n  GH(N)        2.15295059        -1.17586911         0.00000000\n  GH(H)        2.70690065        -2.03878687         0.00000000\n  GH(N)        2.47731363         1.13303523         0.00000000\n  GH(H)        1.47540835         1.28966180         0.00000000\n  GH(H)        3.10222174         1.92484945         0.00000000\n"}