{"error": "", "modelchem": "B3LYP/aug-cc-pVDZ", "output": "", "return_value": -150.0343814756861, "molecule": "\n  0  1\n  GH(C)       -2.24680225         0.16448460         0.00000000\n  GH(H)       -3.34889590         0.24405206         0.00000000\n  GH(O)       -1.52408934         1.15343926         0.00000000\n  GH(O)       -1.80181709        -1.10653912         0.00000000\n  GH(H)       -0.81274434        -1.08325157         0.00000000\n      C        2.34125676        -0.16675788         0.00000000\n      H        3.44152405        -0.24619349         0.00000000\n      N        1.51181334        -1.17441280         0.00000000\n      H        2.03873187        -2.05311586         0.00000000\n      N        1.86930785         1.11945644         0.00000000\n      H        0.86293152         1.27779567         0.00000000\n      H        2.49986583         1.90702451         0.00000000\n", "success": true, "args": "B3LYP/aug-cc-pVDZ", "molecule_hash": "fff7b722930b21c6b12eba4bb65031a023cb82ef", "variables": {"DFT FUNCTIONAL TOTAL ENERGY": -150.0343814756861, "DFT XC ENERGY": -16.741713002219647, "CURRENT DIPOLE Z": 0.0, "SCF ITERATION ENERGY": -150.0343814756861, "NUCLEAR REPULSION ENERGY": 71.4435176336239, "SCF DIPOLE X": 2.009061705811018, "ONE-ELECTRON ENERGY": -343.5082272230558, "SCF DIPOLE Y": 2.130114074147607, "TWO-ELECTRON ENERGY": 138.77204111596546, "DFT TOTAL ENERGY": -150.0343814756861, "SCF TOTAL ENERGY": -150.0343814756861, "CURRENT DIPOLE Y": 2.130114074147607, "CURRENT REFERENCE ENERGY": -150.0343814756861, "CURRENT ENERGY": -150.0343814756861, "SCF DIPOLE Z": 0.0, "SCF N ITERS": 8.0, "CURRENT DIPOLE X": 2.009061705811018}, "driver": "energy"}