{
    "geometry": [
        -0.900956416662, -0.508511199761, -0.767347451313, -0.728052921632, 0.024961188945, 0.023986108954,
        0.727620291227, 0.033161864577, -0.026966996721, 0.907822575145, -0.413943838488, 0.814656303345
    ],
    "symbols": ["H", "O", "O", "H"],
    "connectivity": [0, 1, 1, 1, 2, 1, 2, 3, 1]
}
