{
    "masses": [
        12,
        1.00782503207,
        14.00307400478,
        1.00782503207,
        14.00307400478,
        1.00782503207,
        1.00782503207,
        12,
        1.00782503207,
        14.00307400478,
        1.00782503207,
        14.00307400478,
        1.00782503207,
        1.00782503207
    ],
    "multiplicity": 0.0,
    "geometry": [
        [
            2.14746429,
            -0.10439673999999993,
            0.0
        ],
        [
            3.25020808,
            -0.1580054799999999,
            0.0
        ],
        [
            1.4111190099999997,
            -1.1859670499999997,
            0.0
        ],
        [
            2.02643555,
            -2.00474792,
            0.0
        ],
        [
            1.60342559,
            1.14321301,
            0.0
        ],
        [
            0.5772582899999998,
            1.24942013,
            0.0
        ],
        [
            2.2044621200000005,
            1.95412762,
            0.0
        ],
        [
            -2.14746429,
            0.10439673999999993,
            0.0
        ],
        [
            -3.25020808,
            0.1580054799999999,
            0.0
        ],
        [
            -1.4111190099999997,
            1.1859670499999997,
            0.0
        ],
        [
            -2.02643555,
            2.00474792,
            0.0
        ],
        [
            -1.60342559,
            -1.14321301,
            0.0
        ],
        [
            -0.5772582899999998,
            -1.24942013,
            0.0
        ],
        [
            -2.2044621200000005,
            -1.95412762,
            0.0
        ]
    ],
    "fragment_multiplicities": [
        1.0,
        1.0
    ],
    "fragments": [
        [
            0,
            1,
            2,
            3,
            4,
            5,
            6
        ],
        [
            7,
            8,
            9,
            10,
            11,
            12,
            13
        ]
    ],
    "name": "FaNNFaNN",
    "fragment_charges": [
        0.0,
        0.0
    ],
    "charge": 0.0,
    "ghost": [
        false,
        false,
        false,
        false,
        false,
        false,
        false,
        false,
        false,
        false,
        false,
        false,
        false,
        false
    ],
    "comment": "Formamidine Dimer ",
    "provenance": {
        "tag": "HBC Research"
    },
    "symbols": [
        "C",
        "H",
        "N",
        "H",
        "N",
        "H",
        "H",
        "C",
        "H",
        "N",
        "H",
        "N",
        "H",
        "H"
    ]
}