{
    "real": [
        false,
        false,
        false,
        false,
        false,
        true,
        true,
        true,
        true,
        true
    ],
    "fragment_charges": [
        0.0,
        0.0
    ],
    "multiplicity": 1,
    "provenance": {
        "tag": "HBC Research"
    },
    "fragments": [
        [
            0,
            1,
            2,
            3,
            4
        ],
        [
            5,
            6,
            7,
            8,
            9
        ]
    ],
    "fragment_multiplicities": [
        1,
        1
    ],
    "geometry": [
        [
            1.89005169,
            -0.19417982999999994,
            0.0
        ],
        [
            2.98915191,
            -0.30709900999999984,
            0.0
        ],
        [
            1.14427894,
            -1.17618187,
            0.0
        ],
        [
            1.5205968699999999,
            1.0798218100000003,
            0.0
        ],
        [
            0.52216282,
            1.1273696499999994,
            0.0
        ],
        [
            -1.89005169,
            0.19417982999999994,
            0.0
        ],
        [
            -2.98915191,
            0.30709900999999984,
            0.0
        ],
        [
            -1.14427894,
            1.17618187,
            0.0
        ],
        [
            -1.5205968699999999,
            -1.0798218100000003,
            0.0
        ],
        [
            -0.52216282,
            -1.1273696499999994,
            0.0
        ]
    ],
    "comment": "Formic Acid Dimer ",
    "symbols": [
        "C",
        "H",
        "O",
        "O",
        "H",
        "C",
        "H",
        "O",
        "O",
        "H"
    ],
    "name": "FaOOFaOO",
    "masses": [
        12,
        1.00782503207,
        15.99491461956,
        15.99491461956,
        1.00782503207,
        12,
        1.00782503207,
        15.99491461956,
        15.99491461956,
        1.00782503207
    ],
    "charge": 0.0
}