{
    "masses": [
        12,
        1.00782503207,
        15.99491461956,
        14.00307400478,
        1.00782503207,
        1.00782503207,
        12,
        1.00782503207,
        14.00307400478,
        1.00782503207,
        14.00307400478,
        1.00782503207,
        1.00782503207
    ],
    "multiplicity": 0.0,
    "geometry": [
        [
            -1.8286851005702622,
            0.13792020154275347,
            0.0
        ],
        [
            -2.942806540570262,
            0.21653844154275348,
            0.0
        ],
        [
            -1.1802915505702622,
            1.1991642115427534,
            0.0
        ],
        [
            -1.4212184705702622,
            -1.1375041784572464,
            0.0
        ],
        [
            -0.38876840057026224,
            -1.3561967284572463,
            0.0
        ],
        [
            -2.1460349805702625,
            -1.8443785484572466,
            0.0
        ],
        [
            1.8621377894297375,
            -0.12252359845724652,
            0.0
        ],
        [
            2.9668902994297377,
            -0.2004807184572465,
            0.0
        ],
        [
            1.1956882594297373,
            -1.2465856084572464,
            0.0
        ],
        [
            1.8621721294297378,
            -2.0205946384572466,
            0.0
        ],
        [
            1.4123365694297374,
            1.1445186315427536,
            0.0
        ],
        [
            0.39516323942973774,
            1.3270539615427535,
            0.0
        ],
        [
            2.0972489994297376,
            1.886163081542753,
            0.0
        ]
    ],
    "fragment_multiplicities": [
        1.0,
        1.0
    ],
    "fragments": [
        [
            0,
            1,
            2,
            3,
            4,
            5
        ],
        [
            6,
            7,
            8,
            9,
            10,
            11,
            12
        ]
    ],
    "name": "FaONFaNN",
    "fragment_charges": [
        0.0,
        0.0
    ],
    "charge": 0.0,
    "ghost": [
        true,
        true,
        true,
        true,
        true,
        true,
        false,
        false,
        false,
        false,
        false,
        false,
        false
    ],
    "comment": "Formamide-Formamidine Complex ",
    "provenance": {
        "tag": "HBC Research"
    },
    "symbols": [
        "C",
        "H",
        "O",
        "N",
        "H",
        "H",
        "C",
        "H",
        "N",
        "H",
        "N",
        "H",
        "H"
    ]
}