{
    "masses": [
        12,
        1.00782503207,
        15.99491461956,
        14.00307400478,
        1.00782503207,
        1.00782503207,
        12,
        1.00782503207,
        15.99491461956,
        14.00307400478,
        1.00782503207,
        1.00782503207
    ],
    "multiplicity": 0.0,
    "geometry": [
        [
            3.4972144999999997,
            -0.13962405999999988,
            0.0
        ],
        [
            4.60973564,
            -0.18404075999999986,
            0.0
        ],
        [
            2.79431063,
            -1.14771035,
            0.0
        ],
        [
            3.0152002499999995,
            1.1432164499999997,
            0.0
        ],
        [
            2.0125267799999995,
            1.29808475,
            0.0
        ],
        [
            3.64229745,
            1.9367337399999998,
            0.0
        ],
        [
            -3.4972144999999997,
            0.13962405999999988,
            0.0
        ],
        [
            -4.60973564,
            0.18404075999999986,
            0.0
        ],
        [
            -2.79431063,
            1.14771035,
            0.0
        ],
        [
            -3.0152002499999995,
            -1.1432164499999997,
            0.0
        ],
        [
            -2.01252678,
            -1.29808475,
            0.0
        ],
        [
            -3.64229745,
            -1.9367337399999998,
            0.0
        ]
    ],
    "fragment_multiplicities": [
        1.0,
        1.0
    ],
    "fragments": [
        [
            0,
            1,
            2,
            3,
            4,
            5
        ],
        [
            6,
            7,
            8,
            9,
            10,
            11
        ]
    ],
    "name": "FaONFaON",
    "fragment_charges": [
        0.0,
        0.0
    ],
    "charge": 0.0,
    "ghost": [
        false,
        false,
        false,
        false,
        false,
        false,
        false,
        false,
        false,
        false,
        false,
        false
    ],
    "comment": "Formamide Dimer ",
    "provenance": {
        "tag": "HBC Research"
    },
    "symbols": [
        "C",
        "H",
        "O",
        "N",
        "H",
        "H",
        "C",
        "H",
        "O",
        "N",
        "H",
        "H"
    ]
}