{
    "masses": [
        12,
        1.00782503207,
        15.99491461956,
        15.99491461956,
        1.00782503207,
        12,
        1.00782503207,
        14.00307400478,
        1.00782503207,
        14.00307400478,
        1.00782503207,
        1.00782503207
    ],
    "multiplicity": 0.0,
    "geometry": [
        [
            -1.8585120294821085,
            0.15849692002541516,
            0.0
        ],
        [
            -2.9631895694821084,
            0.25525336002541515,
            0.0
        ],
        [
            -1.1792057694821085,
            1.1900117800254153,
            0.0
        ],
        [
            -1.4498432394821086,
            -1.0915497999745847,
            0.0
        ],
        [
            -0.40704327948210856,
            -1.1344984599745846,
            0.0
        ],
        [
            1.9269958105178913,
            -0.1730679499745848,
            0.0
        ],
        [
            3.027037430517891,
            -0.26941834997458486,
            0.0
        ],
        [
            1.1337379405178913,
            -1.2106572899745849,
            0.0
        ],
        [
            1.6723227805178915,
            -2.0779012599745847,
            0.0
        ],
        [
            1.5187749005178914,
            1.1146316700254153,
            0.0
        ],
        [
            0.5125507405178913,
            1.3239847300254153,
            0.0
        ],
        [
            2.212870370517891,
            1.847625260025415,
            0.0
        ]
    ],
    "fragment_multiplicities": [
        1.0,
        1.0
    ],
    "fragments": [
        [
            0,
            1,
            2,
            3,
            4
        ],
        [
            5,
            6,
            7,
            8,
            9,
            10,
            11
        ]
    ],
    "name": "FaOOFaNN",
    "fragment_charges": [
        0.0,
        0.0
    ],
    "charge": 0.0,
    "ghost": [
        true,
        true,
        true,
        true,
        true,
        false,
        false,
        false,
        false,
        false,
        false,
        false
    ],
    "comment": "Formic Acid-Formamidine Complex ",
    "provenance": {
        "tag": "HBC Research"
    },
    "symbols": [
        "C",
        "H",
        "O",
        "O",
        "H",
        "C",
        "H",
        "N",
        "H",
        "N",
        "H",
        "H"
    ]
}