{
    "masses": [
        12,
        1.00782503207,
        15.99491461956,
        15.99491461956,
        1.00782503207,
        12,
        1.00782503207,
        15.99491461956,
        14.00307400478,
        1.00782503207,
        1.00782503207
    ],
    "multiplicity": 0.0,
    "geometry": [
        [
            -3.165358971505068,
            0.17586133884863847,
            0.0
        ],
        [
            -4.269880301505068,
            0.2330750788486385,
            0.0
        ],
        [
            -2.416656501505068,
            1.1340370888486384,
            0.0
        ],
        [
            -2.771353261505068,
            -1.1241476411513613,
            0.0
        ],
        [
            -1.7958778315050679,
            -1.1265572411513614,
            0.0
        ],
        [
            3.226073118494932,
            -0.15521212115136146,
            0.0
        ],
        [
            4.337818678494932,
            -0.21280006115136146,
            0.0
        ],
        [
            2.5072353584949316,
            -1.152202611151361,
            0.0
        ],
        [
            2.7627485084949317,
            1.1346939888486387,
            0.0
        ],
        [
            1.7625355584949318,
            1.3051959288486386,
            0.0
        ],
        [
            3.4017306584949316,
            1.9187227288486386,
            0.0
        ]
    ],
    "fragment_multiplicities": [
        1.0,
        1.0
    ],
    "fragments": [
        [
            0,
            1,
            2,
            3,
            4
        ],
        [
            5,
            6,
            7,
            8,
            9,
            10
        ]
    ],
    "name": "FaOOFaON",
    "fragment_charges": [
        0.0,
        0.0
    ],
    "charge": 0.0,
    "ghost": [
        false,
        false,
        false,
        false,
        false,
        false,
        false,
        false,
        false,
        false,
        false
    ],
    "comment": "Formic Acid-Formamide Complex ",
    "provenance": {
        "tag": "HBC Research"
    },
    "symbols": [
        "C",
        "H",
        "O",
        "O",
        "H",
        "C",
        "H",
        "O",
        "N",
        "H",
        "H"
    ]
}