{
    "masses": [
        12,
        1.00782503207,
        15.99491461956,
        15.99491461956,
        1.00782503207,
        12,
        1.00782503207,
        15.99491461956,
        15.99491461956,
        1.00782503207
    ],
    "multiplicity": 0.0,
    "geometry": [
        [
            3.1945887099999997,
            -0.18602797999999993,
            0.0
        ],
        [
            4.29867458,
            -0.2503213499999999,
            0.0
        ],
        [
            2.43545364,
            -1.13545523,
            0.0
        ],
        [
            2.81355286,
            1.1189007900000003,
            0.0
        ],
        [
            1.8385522,
            1.1300989,
            0.0
        ],
        [
            -3.1945887099999997,
            0.18602797999999993,
            0.0
        ],
        [
            -4.29867458,
            0.2503213499999999,
            0.0
        ],
        [
            -2.43545364,
            1.13545523,
            0.0
        ],
        [
            -2.81355286,
            -1.1189007900000003,
            0.0
        ],
        [
            -1.8385522,
            -1.1300989,
            0.0
        ]
    ],
    "fragment_multiplicities": [
        1.0,
        1.0
    ],
    "fragments": [
        [
            0,
            1,
            2,
            3,
            4
        ],
        [
            5,
            6,
            7,
            8,
            9
        ]
    ],
    "name": "FaOOFaOO",
    "fragment_charges": [
        0.0,
        0.0
    ],
    "charge": 0.0,
    "ghost": [
        false,
        false,
        false,
        false,
        false,
        false,
        false,
        false,
        false,
        false
    ],
    "comment": "Formic Acid Dimer ",
    "provenance": {
        "tag": "HBC Research"
    },
    "symbols": [
        "C",
        "H",
        "O",
        "O",
        "H",
        "C",
        "H",
        "O",
        "O",
        "H"
    ]
}