{
    "masses": [
        12,
        1.00782503207,
        15.99491461956,
        14.00307400478,
        1.00782503207,
        1.00782503207,
        12,
        1.00782503207,
        15.99491461956,
        14.00307400478,
        1.00782503207,
        1.00782503207
    ],
    "multiplicity": 0.0,
    "geometry": [
        [
            2.0459725,
            -0.1284442899999999,
            0.0
        ],
        [
            3.1547397599999996,
            -0.1980516899999999,
            0.0
        ],
        [
            1.36080054,
            -1.16589088,
            0.0
        ],
        [
            1.54023054,
            1.1270748899999998,
            0.0
        ],
        [
            0.51870599,
            1.2547228999999995,
            0.0
        ],
        [
            2.16442795,
            1.92321328,
            0.0
        ],
        [
            -2.0459725,
            0.1284442899999999,
            0.0
        ],
        [
            -3.1547397599999996,
            0.19805168999999992,
            0.0
        ],
        [
            -1.36080054,
            1.16589088,
            0.0
        ],
        [
            -1.54023054,
            -1.1270748899999998,
            0.0
        ],
        [
            -0.51870599,
            -1.2547228999999995,
            0.0
        ],
        [
            -2.16442795,
            -1.92321328,
            0.0
        ]
    ],
    "fragment_multiplicities": [
        1.0,
        1.0
    ],
    "fragments": [
        [
            0,
            1,
            2,
            3,
            4,
            5
        ],
        [
            6,
            7,
            8,
            9,
            10,
            11
        ]
    ],
    "name": "FaONFaON",
    "fragment_charges": [
        0.0,
        0.0
    ],
    "charge": 0.0,
    "ghost": [
        false,
        false,
        false,
        false,
        false,
        false,
        true,
        true,
        true,
        true,
        true,
        true
    ],
    "comment": "Formamide Dimer ",
    "provenance": {
        "tag": "HBC Research"
    },
    "symbols": [
        "C",
        "H",
        "O",
        "N",
        "H",
        "H",
        "C",
        "H",
        "O",
        "N",
        "H",
        "H"
    ]
}