{
    "real": [
        true,
        true,
        true,
        true,
        true,
        true,
        true,
        false,
        false,
        false,
        false,
        false,
        false,
        false
    ],
    "fragment_charges": [
        0.0,
        0.0
    ],
    "multiplicity": 1,
    "provenance": {
        "tag": "HBC Research"
    },
    "fragments": [
        [
            0,
            1,
            2,
            3,
            4,
            5,
            6
        ],
        [
            7,
            8,
            9,
            10,
            11,
            12,
            13
        ]
    ],
    "fragment_multiplicities": [
        1,
        1
    ],
    "geometry": [
        [
            2.04736978,
            -0.10381895999999993,
            0.0
        ],
        [
            3.1511119299999995,
            -0.15978801999999986,
            0.0
        ],
        [
            1.32968607,
            -1.19773394,
            0.0
        ],
        [
            1.9588802199999995,
            -2.00487461,
            0.0
        ],
        [
            1.52453108,
            1.14670134,
            0.0
        ],
        [
            0.49489282999999995,
            1.27394294,
            0.0
        ],
        [
            2.15004136,
            1.93933564,
            0.0
        ],
        [
            -2.04736978,
            0.10381895999999993,
            0.0
        ],
        [
            -3.1511119299999995,
            0.15978801999999986,
            0.0
        ],
        [
            -1.32968607,
            1.19773394,
            0.0
        ],
        [
            -1.9588802199999995,
            2.00487461,
            0.0
        ],
        [
            -1.52453108,
            -1.14670134,
            0.0
        ],
        [
            -0.49489282999999995,
            -1.27394294,
            0.0
        ],
        [
            -2.15004136,
            -1.93933564,
            0.0
        ]
    ],
    "comment": "Formamidine Dimer ",
    "symbols": [
        "C",
        "H",
        "N",
        "H",
        "N",
        "H",
        "H",
        "C",
        "H",
        "N",
        "H",
        "N",
        "H",
        "H"
    ],
    "name": "FaNNFaNN",
    "masses": [
        12,
        1.00782503207,
        14.00307400478,
        1.00782503207,
        14.00307400478,
        1.00782503207,
        1.00782503207,
        12,
        1.00782503207,
        14.00307400478,
        1.00782503207,
        14.00307400478,
        1.00782503207,
        1.00782503207
    ],
    "charge": 0.0
}