{
    "real": [
        true,
        true,
        true,
        true,
        true,
        true,
        true,
        true,
        true,
        true,
        true,
        true,
        true
    ],
    "fragment_charges": [
        0.0,
        0.0
    ],
    "multiplicity": 1,
    "provenance": {
        "tag": "HBC Research"
    },
    "fragments": [
        [
            0,
            1,
            2,
            3,
            4,
            5
        ],
        [
            6,
            7,
            8,
            9,
            10,
            11,
            12
        ]
    ],
    "fragment_multiplicities": [
        1,
        1
    ],
    "geometry": [
        [
            -1.6822452699693413,
            0.20007685983282927,
            0.0
        ],
        [
            -2.7985103599693413,
            0.32731686983282926,
            0.0
        ],
        [
            -1.0333769499693413,
            1.2568578198328295,
            0.0
        ],
        [
            -1.4237155399693413,
            -1.1100233801671708,
            0.0
        ],
        [
            -0.41476038996934134,
            -1.4469942301671705,
            0.0
        ],
        [
            -2.2480792599693413,
            -1.6976934401671706,
            0.0
        ],
        [
            1.6958799700306588,
            -0.18498638016717073,
            0.0
        ],
        [
            2.801174160030659,
            -0.3109758401671707,
            0.0
        ],
        [
            1.0512793100306586,
            -1.3203882201671708,
            0.0
        ],
        [
            1.7416321000306587,
            -2.0711165701671703,
            0.0
        ],
        [
            1.4162516600306587,
            1.1265032998328293,
            0.0
        ],
        [
            0.43768191003065865,
            1.4467029298328296,
            0.0
        ],
        [
            2.2158207000306587,
            1.7427934898328292,
            0.0
        ]
    ],
    "comment": "Formamide-Formamidine Complex ",
    "symbols": [
        "C",
        "H",
        "O",
        "N",
        "H",
        "H",
        "C",
        "H",
        "N",
        "H",
        "N",
        "H",
        "H"
    ],
    "name": "FaONFaNN",
    "masses": [
        12,
        1.00782503207,
        15.99491461956,
        14.00307400478,
        1.00782503207,
        1.00782503207,
        12,
        1.00782503207,
        14.00307400478,
        1.00782503207,
        14.00307400478,
        1.00782503207,
        1.00782503207
    ],
    "charge": 0.0
}