{
    "masses": [
        12,
        1.00782503207,
        15.99491461956,
        14.00307400478,
        1.00782503207,
        1.00782503207,
        12,
        1.00782503207,
        14.00307400478,
        1.00782503207,
        14.00307400478,
        1.00782503207,
        1.00782503207
    ],
    "multiplicity": 0.0,
    "geometry": [
        [
            -3.951193908331462,
            0.13180726155182196,
            0.0
        ],
        [
            -5.064214938331461,
            0.1679526415518219,
            0.0
        ],
        [
            -3.257008788331462,
            1.1450629515518218,
            0.0
        ],
        [
            -3.459002658331462,
            -1.1478669684481781,
            0.0
        ],
        [
            -2.4551196283314622,
            -1.2931338284481781,
            0.0
        ],
        [
            -4.079500058331462,
            -1.9464849384481784,
            0.0
        ],
        [
            4.044592261668538,
            -0.12785597844817806,
            0.0
        ],
        [
            5.148960151668538,
            -0.16372033844817804,
            0.0
        ],
        [
            3.2711400116685376,
            -1.168766928448178,
            0.0
        ],
        [
            3.8499834616685376,
            -2.015263268448178,
            0.0
        ],
        [
            3.5351134616685376,
            1.1501755615518219,
            0.0
        ],
        [
            2.530632811668538,
            1.280826641551822,
            0.0
        ],
        [
            4.140397771668538,
            1.956976531551822,
            0.0
        ]
    ],
    "fragment_multiplicities": [
        1.0,
        1.0
    ],
    "fragments": [
        [
            0,
            1,
            2,
            3,
            4,
            5
        ],
        [
            6,
            7,
            8,
            9,
            10,
            11,
            12
        ]
    ],
    "name": "FaONFaNN",
    "fragment_charges": [
        0.0,
        0.0
    ],
    "charge": 0.0,
    "ghost": [
        true,
        true,
        true,
        true,
        true,
        true,
        false,
        false,
        false,
        false,
        false,
        false,
        false
    ],
    "comment": "Formamide-Formamidine Complex ",
    "provenance": {
        "tag": "HBC Research"
    },
    "symbols": [
        "C",
        "H",
        "O",
        "N",
        "H",
        "H",
        "C",
        "H",
        "N",
        "H",
        "N",
        "H",
        "H"
    ]
}