{
    "masses": [
        12,
        1.00782503207,
        15.99491461956,
        14.00307400478,
        1.00782503207,
        1.00782503207,
        12,
        1.00782503207,
        14.00307400478,
        1.00782503207,
        14.00307400478,
        1.00782503207,
        1.00782503207
    ],
    "multiplicity": 0.0,
    "geometry": [
        [
            -2.666279240182016,
            0.1324657414775532,
            0.0
        ],
        [
            -3.7772838601820165,
            0.1875269014775532,
            0.0
        ],
        [
            -1.9737645201820162,
            1.1527217414775528,
            0.0
        ],
        [
            -2.154488270182016,
            -1.1352594185224467,
            0.0
        ],
        [
            -1.1431542101820165,
            -1.2583880585224465,
            0.0
        ],
        [
            -2.7609546601820165,
            -1.9444933085224467,
            0.0
        ],
        [
            2.7271021998179834,
            -0.1348290885224468,
            0.0
        ],
        [
            3.8297818398179837,
            -0.1894776585224468,
            0.0
        ],
        [
            1.9442686598179832,
            -1.1743912385224466,
            0.0
        ],
        [
            2.5200802698179836,
            -2.0230354685224468,
            0.0
        ],
        [
            2.2180888898179836,
            1.1396944514775533,
            0.0
        ],
        [
            1.2107701898179837,
            1.2708267514775533,
            0.0
        ],
        [
            2.8235880698179834,
            1.9464315814775532,
            0.0
        ]
    ],
    "fragment_multiplicities": [
        1.0,
        1.0
    ],
    "fragments": [
        [
            0,
            1,
            2,
            3,
            4,
            5
        ],
        [
            6,
            7,
            8,
            9,
            10,
            11,
            12
        ]
    ],
    "name": "FaONFaNN",
    "fragment_charges": [
        0.0,
        0.0
    ],
    "charge": 0.0,
    "ghost": [
        false,
        false,
        false,
        false,
        false,
        false,
        true,
        true,
        true,
        true,
        true,
        true,
        true
    ],
    "comment": "Formamide-Formamidine Complex ",
    "provenance": {
        "tag": "HBC Research"
    },
    "symbols": [
        "C",
        "H",
        "O",
        "N",
        "H",
        "H",
        "C",
        "H",
        "N",
        "H",
        "N",
        "H",
        "H"
    ]
}