{
    "real": [
        true,
        true,
        true,
        true,
        true,
        true,
        false,
        false,
        false,
        false,
        false,
        false
    ],
    "fragment_charges": [
        0.0,
        0.0
    ],
    "multiplicity": 1,
    "provenance": {
        "tag": "HBC Research"
    },
    "fragments": [
        [
            0,
            1,
            2,
            3,
            4,
            5
        ],
        [
            6,
            7,
            8,
            9,
            10,
            11
        ]
    ],
    "fragment_multiplicities": [
        1,
        1
    ],
    "geometry": [
        [
            1.68040472,
            -0.25737318,
            0.0
        ],
        [
            2.78876519,
            -0.42713124999999996,
            0.0
        ],
        [
            0.98387212,
            -1.27944113,
            0.0
        ],
        [
            1.4719709999999997,
            1.0662339600000001,
            0.0
        ],
        [
            0.51175066,
            1.43614881,
            0.0
        ],
        [
            2.30581639,
            1.63815514,
            0.0
        ],
        [
            -1.68040472,
            0.25737318,
            0.0
        ],
        [
            -2.78876519,
            0.42713124999999996,
            0.0
        ],
        [
            -0.98387212,
            1.27944113,
            0.0
        ],
        [
            -1.4719709999999997,
            -1.0662339600000001,
            0.0
        ],
        [
            -0.51175066,
            -1.43614881,
            0.0
        ],
        [
            -2.30581639,
            -1.63815514,
            0.0
        ]
    ],
    "comment": "Formamide Dimer ",
    "symbols": [
        "C",
        "H",
        "O",
        "N",
        "H",
        "H",
        "C",
        "H",
        "O",
        "N",
        "H",
        "H"
    ],
    "name": "FaONFaON",
    "masses": [
        12,
        1.00782503207,
        15.99491461956,
        14.00307400478,
        1.00782503207,
        1.00782503207,
        12,
        1.00782503207,
        15.99491461956,
        14.00307400478,
        1.00782503207,
        1.00782503207
    ],
    "charge": 0.0
}