{
    "masses": [
        12,
        1.00782503207,
        14.00307400478,
        1.00782503207,
        14.00307400478,
        1.00782503207,
        1.00782503207,
        12,
        1.00782503207,
        14.00307400478,
        1.00782503207,
        14.00307400478,
        1.00782503207,
        1.00782503207
    ],
    "multiplicity": 0.0,
    "geometry": [
        [
            2.09742845,
            -0.10390076999999995,
            0.0
        ],
        [
            3.2005913099999996,
            -0.15854839999999992,
            0.0
        ],
        [
            1.36932506,
            -1.1910878499999993,
            0.0
        ],
        [
            1.9907993600000002,
            -2.00473399,
            0.0
        ],
        [
            1.56227621,
            1.1446655,
            0.0
        ],
        [
            0.5343360799999999,
            1.2599937399999999,
            0.0
        ],
        [
            2.17408498,
            1.94769642,
            0.0
        ],
        [
            -2.09742845,
            0.10390076999999993,
            0.0
        ],
        [
            -3.2005913099999996,
            0.15854839999999992,
            0.0
        ],
        [
            -1.36932506,
            1.1910878499999993,
            0.0
        ],
        [
            -1.9907993600000002,
            2.00473399,
            0.0
        ],
        [
            -1.56227621,
            -1.1446655,
            0.0
        ],
        [
            -0.5343360799999999,
            -1.2599937399999999,
            0.0
        ],
        [
            -2.17408498,
            -1.94769642,
            0.0
        ]
    ],
    "fragment_multiplicities": [
        1.0,
        1.0
    ],
    "fragments": [
        [
            0,
            1,
            2,
            3,
            4,
            5,
            6
        ],
        [
            7,
            8,
            9,
            10,
            11,
            12,
            13
        ]
    ],
    "name": "FaNNFaNN",
    "fragment_charges": [
        0.0,
        0.0
    ],
    "charge": 0.0,
    "ghost": [
        false,
        false,
        false,
        false,
        false,
        false,
        false,
        false,
        false,
        false,
        false,
        false,
        false,
        false
    ],
    "comment": "Formamidine Dimer ",
    "provenance": {
        "tag": "HBC Research"
    },
    "symbols": [
        "C",
        "H",
        "N",
        "H",
        "N",
        "H",
        "H",
        "C",
        "H",
        "N",
        "H",
        "N",
        "H",
        "H"
    ]
}