{
    "masses": [
        12,
        1.00782503207,
        15.99491461956,
        15.99491461956,
        1.00782503207,
        12,
        1.00782503207,
        15.99491461956,
        14.00307400478,
        1.00782503207,
        1.00782503207
    ],
    "multiplicity": 0.0,
    "geometry": [
        [
            -1.8308857582786238,
            0.16446589195800035,
            0.0
        ],
        [
            -2.9337080282786236,
            0.2690529419580004,
            0.0
        ],
        [
            -1.1595151182786239,
            1.1985696019580006,
            0.0
        ],
        [
            -1.424204148278624,
            -1.0877242180419995,
            0.0
        ],
        [
            -0.40924980827862395,
            -1.1153214180419992,
            0.0
        ],
        [
            1.852587661721376,
            -0.18485932804199962,
            0.0
        ],
        [
            2.9592637417213763,
            -0.28981185804199955,
            0.0
        ],
        [
            1.1204829717213758,
            -1.1927007480419993,
            0.0
        ],
        [
            1.486189251721376,
            1.1075443719580005,
            0.0
        ],
        [
            0.485619141721376,
            1.3485131019580003,
            0.0
        ],
        [
            2.212661921721376,
            1.8116086519580001,
            0.0
        ]
    ],
    "fragment_multiplicities": [
        1.0,
        1.0
    ],
    "fragments": [
        [
            0,
            1,
            2,
            3,
            4
        ],
        [
            5,
            6,
            7,
            8,
            9,
            10
        ]
    ],
    "name": "FaOOFaON",
    "fragment_charges": [
        0.0,
        0.0
    ],
    "charge": 0.0,
    "ghost": [
        false,
        false,
        false,
        false,
        false,
        false,
        false,
        false,
        false,
        false,
        false
    ],
    "comment": "Formic Acid-Formamide Complex ",
    "provenance": {
        "tag": "HBC Research"
    },
    "symbols": [
        "C",
        "H",
        "O",
        "O",
        "H",
        "C",
        "H",
        "O",
        "N",
        "H",
        "H"
    ]
}