{
    "masses": [
        12,
        1.00782503207,
        15.99491461956,
        15.99491461956,
        1.00782503207,
        12,
        1.00782503207,
        14.00307400478,
        1.00782503207,
        14.00307400478,
        1.00782503207,
        1.00782503207
    ],
    "multiplicity": 0.0,
    "geometry": [
        [
            -2.1491499882478613,
            0.1608698594656292,
            0.0
        ],
        [
            -3.2510911482478613,
            0.2437167194656292,
            0.0
        ],
        [
            -1.4343522982478611,
            1.1584966194656292,
            0.0
        ],
        [
            -1.6975585782478615,
            -1.1031534105343708,
            0.0
        ],
        [
            -0.7024065982478613,
            -1.0818673805343708,
            0.0
        ],
        [
            2.2384678717521385,
            -0.16900290053437078,
            0.0
        ],
        [
            3.3382912317521387,
            -0.25169053053437074,
            0.0
        ],
        [
            1.4054347317521385,
            -1.1755035405343708,
            0.0
        ],
        [
            1.9269484217521387,
            -2.056870200534371,
            0.0
        ],
        [
            1.7725343917521386,
            1.1169049294656292,
            0.0
        ],
        [
            0.7654278917521385,
            1.2797558094656292,
            0.0
        ],
        [
            2.4092197017521384,
            1.8996470494656292,
            0.0
        ]
    ],
    "fragment_multiplicities": [
        1.0,
        1.0
    ],
    "fragments": [
        [
            0,
            1,
            2,
            3,
            4
        ],
        [
            5,
            6,
            7,
            8,
            9,
            10,
            11
        ]
    ],
    "name": "FaOOFaNN",
    "fragment_charges": [
        0.0,
        0.0
    ],
    "charge": 0.0,
    "ghost": [
        false,
        false,
        false,
        false,
        false,
        true,
        true,
        true,
        true,
        true,
        true,
        true
    ],
    "comment": "Formic Acid-Formamidine Complex ",
    "provenance": {
        "tag": "HBC Research"
    },
    "symbols": [
        "C",
        "H",
        "O",
        "O",
        "H",
        "C",
        "H",
        "N",
        "H",
        "N",
        "H",
        "H"
    ]
}