{
    "masses": [
        12,
        1.00782503207,
        14.00307400478,
        1.00782503207,
        14.00307400478,
        1.00782503207,
        1.00782503207,
        12,
        1.00782503207,
        14.00307400478,
        1.00782503207,
        14.00307400478,
        1.00782503207,
        1.00782503207
    ],
    "multiplicity": 0.0,
    "geometry": [
        [
            3.49764421,
            -0.1284099699999999,
            0.0
        ],
        [
            4.601766920000001,
            -0.16894592999999986,
            0.0
        ],
        [
            2.7256986199999997,
            -1.17126633,
            0.0
        ],
        [
            3.3072439,
            -2.01600726,
            0.0
        ],
        [
            2.98518869,
            1.1477923500000002,
            0.0
        ],
        [
            1.97966414,
            1.2750713599999999,
            0.0
        ],
        [
            3.5884363099999996,
            1.9560347000000002,
            0.0
        ],
        [
            -3.49764421,
            0.1284099699999999,
            0.0
        ],
        [
            -4.601766920000001,
            0.16894592999999986,
            0.0
        ],
        [
            -2.7256986199999997,
            1.17126633,
            0.0
        ],
        [
            -3.3072439,
            2.01600726,
            0.0
        ],
        [
            -2.98518869,
            -1.1477923500000002,
            0.0
        ],
        [
            -1.9796641400000001,
            -1.2750713599999999,
            0.0
        ],
        [
            -3.5884363099999996,
            -1.9560347000000002,
            0.0
        ]
    ],
    "fragment_multiplicities": [
        1.0,
        1.0
    ],
    "fragments": [
        [
            0,
            1,
            2,
            3,
            4,
            5,
            6
        ],
        [
            7,
            8,
            9,
            10,
            11,
            12,
            13
        ]
    ],
    "name": "FaNNFaNN",
    "fragment_charges": [
        0.0,
        0.0
    ],
    "charge": 0.0,
    "ghost": [
        true,
        true,
        true,
        true,
        true,
        true,
        true,
        false,
        false,
        false,
        false,
        false,
        false,
        false
    ],
    "comment": "Formamidine Dimer ",
    "provenance": {
        "tag": "HBC Research"
    },
    "symbols": [
        "C",
        "H",
        "N",
        "H",
        "N",
        "H",
        "H",
        "C",
        "H",
        "N",
        "H",
        "N",
        "H",
        "H"
    ]
}