{
    "masses": [
        12,
        1.00782503207,
        15.99491461956,
        15.99491461956,
        1.00782503207,
        12,
        1.00782503207,
        15.99491461956,
        15.99491461956,
        1.00782503207
    ],
    "multiplicity": 0.0,
    "geometry": [
        [
            1.98993209,
            -0.2004286099999999,
            0.0
        ],
        [
            3.0886130999999994,
            -0.3110892199999999,
            0.0
        ],
        [
            1.22585974,
            -1.16459704,
            0.0
        ],
        [
            1.61210992,
            1.0816154,
            0.0
        ],
        [
            0.6210811199999999,
            1.11708149,
            0.0
        ],
        [
            -1.98993209,
            0.2004286099999999,
            0.0
        ],
        [
            -3.0886130999999994,
            0.3110892199999999,
            0.0
        ],
        [
            -1.22585974,
            1.16459704,
            0.0
        ],
        [
            -1.61210992,
            -1.0816154,
            0.0
        ],
        [
            -0.6210811199999999,
            -1.11708149,
            0.0
        ]
    ],
    "fragment_multiplicities": [
        1.0,
        1.0
    ],
    "fragments": [
        [
            0,
            1,
            2,
            3,
            4
        ],
        [
            5,
            6,
            7,
            8,
            9
        ]
    ],
    "name": "FaOOFaOO",
    "fragment_charges": [
        0.0,
        0.0
    ],
    "charge": 0.0,
    "ghost": [
        false,
        false,
        false,
        false,
        false,
        false,
        false,
        false,
        false,
        false
    ],
    "comment": "Formic Acid Dimer ",
    "provenance": {
        "tag": "HBC Research"
    },
    "symbols": [
        "C",
        "H",
        "O",
        "O",
        "H",
        "C",
        "H",
        "O",
        "O",
        "H"
    ]
}