{
    "masses": [
        12,
        1.00782503207,
        14.00307400478,
        1.00782503207,
        14.00307400478,
        1.00782503207,
        1.00782503207,
        12,
        1.00782503207,
        14.00307400478,
        1.00782503207,
        14.00307400478,
        1.00782503207,
        1.00782503207
    ],
    "multiplicity": 0.0,
    "geometry": [
        [
            1.84665575,
            -0.11119212999999994,
            0.0
        ],
        [
            2.9542920799999997,
            -0.1778858999999999,
            0.0
        ],
        [
            1.19156721,
            -1.2422074799999998,
            0.0
        ],
        [
            1.86789891,
            -2.00737666,
            0.0
        ],
        [
            1.4133540599999999,
            1.1597909,
            0.0
        ],
        [
            0.38141975999999994,
            1.36618041,
            0.0
        ],
        [
            2.12308262,
            1.87905403,
            0.0
        ],
        [
            -1.84665575,
            0.11119212999999994,
            0.0
        ],
        [
            -2.9542920799999997,
            0.1778858999999999,
            0.0
        ],
        [
            -1.19156721,
            1.2422074799999998,
            0.0
        ],
        [
            -1.86789891,
            2.00737666,
            0.0
        ],
        [
            -1.4133540599999999,
            -1.1597909,
            0.0
        ],
        [
            -0.38141976,
            -1.36618041,
            0.0
        ],
        [
            -2.12308262,
            -1.87905403,
            0.0
        ]
    ],
    "fragment_multiplicities": [
        1.0,
        1.0
    ],
    "fragments": [
        [
            0,
            1,
            2,
            3,
            4,
            5,
            6
        ],
        [
            7,
            8,
            9,
            10,
            11,
            12,
            13
        ]
    ],
    "name": "FaNNFaNN",
    "fragment_charges": [
        0.0,
        0.0
    ],
    "charge": 0.0,
    "ghost": [
        false,
        false,
        false,
        false,
        false,
        false,
        false,
        true,
        true,
        true,
        true,
        true,
        true,
        true
    ],
    "comment": "Formamidine Dimer ",
    "provenance": {
        "tag": "HBC Research"
    },
    "symbols": [
        "C",
        "H",
        "N",
        "H",
        "N",
        "H",
        "H",
        "C",
        "H",
        "N",
        "H",
        "N",
        "H",
        "H"
    ]
}