{
    "masses": [
        12,
        1.00782503207,
        15.99491461956,
        15.99491461956,
        1.00782503207,
        12,
        1.00782503207,
        15.99491461956,
        14.00307400478,
        1.00782503207,
        1.00782503207
    ],
    "multiplicity": 0.0,
    "geometry": [
        [
            -1.977583279973805,
            0.16248609994202182,
            0.0
        ],
        [
            -3.078696939973805,
            0.2567282699420218,
            0.0
        ],
        [
            -1.276617519973805,
            1.173550759942022,
            0.0
        ],
        [
            -1.5359941799738048,
            -1.094705600057978,
            0.0
        ],
        [
            -0.537037099973805,
            -1.088099810057978,
            0.0
        ],
        [
            2.007846760026195,
            -0.17861908005797816,
            0.0
        ],
        [
            3.114154200026195,
            -0.2733057700579782,
            0.0
        ],
        [
            1.251855210026195,
            -1.1667352800579782,
            0.0
        ],
        [
            1.5880171400261949,
            1.1082952799420218,
            0.0
        ],
        [
            0.581493750026195,
            1.303803439942022,
            0.0
        ],
        [
            2.265615750026195,
            1.8595293499420218,
            0.0
        ]
    ],
    "fragment_multiplicities": [
        1.0,
        1.0
    ],
    "fragments": [
        [
            0,
            1,
            2,
            3,
            4
        ],
        [
            5,
            6,
            7,
            8,
            9,
            10
        ]
    ],
    "name": "FaOOFaON",
    "fragment_charges": [
        0.0,
        0.0
    ],
    "charge": 0.0,
    "ghost": [
        false,
        false,
        false,
        false,
        false,
        true,
        true,
        true,
        true,
        true,
        true
    ],
    "comment": "Formic Acid-Formamide Complex ",
    "provenance": {
        "tag": "HBC Research"
    },
    "symbols": [
        "C",
        "H",
        "O",
        "O",
        "H",
        "C",
        "H",
        "O",
        "N",
        "H",
        "H"
    ]
}