{
    "masses": [
        12,
        1.00782503207,
        15.99491461956,
        14.00307400478,
        1.00782503207,
        1.00782503207,
        12,
        1.00782503207,
        15.99491461956,
        14.00307400478,
        1.00782503207,
        1.00782503207
    ],
    "multiplicity": 0.0,
    "geometry": [
        [
            1.7921488999999997,
            -0.16793867999999995,
            0.0
        ],
        [
            2.90351314,
            -0.2720823899999999,
            0.0
        ],
        [
            1.1365407399999998,
            -1.22317842,
            0.0
        ],
        [
            1.41655781,
            1.1170929599999997,
            0.0
        ],
        [
            0.4080097899999999,
            1.3522547599999997,
            0.0
        ],
        [
            2.1519714299999997,
            1.8115664200000001,
            0.0
        ],
        [
            -1.7921488999999997,
            0.16793867999999995,
            0.0
        ],
        [
            -2.90351314,
            0.2720823899999999,
            0.0
        ],
        [
            -1.1365407399999998,
            1.22317842,
            0.0
        ],
        [
            -1.41655781,
            -1.1170929599999997,
            0.0
        ],
        [
            -0.4080097899999999,
            -1.3522547599999997,
            0.0
        ],
        [
            -2.1519714299999997,
            -1.8115664200000001,
            0.0
        ]
    ],
    "fragment_multiplicities": [
        1.0,
        1.0
    ],
    "fragments": [
        [
            0,
            1,
            2,
            3,
            4,
            5
        ],
        [
            6,
            7,
            8,
            9,
            10,
            11
        ]
    ],
    "name": "FaONFaON",
    "fragment_charges": [
        0.0,
        0.0
    ],
    "charge": 0.0,
    "ghost": [
        false,
        false,
        false,
        false,
        false,
        false,
        false,
        false,
        false,
        false,
        false,
        false
    ],
    "comment": "Formamide Dimer ",
    "provenance": {
        "tag": "HBC Research"
    },
    "symbols": [
        "C",
        "H",
        "O",
        "N",
        "H",
        "H",
        "C",
        "H",
        "O",
        "N",
        "H",
        "H"
    ]
}