{
    "masses": [
        12,
        1.00782503207,
        15.99491461956,
        14.00307400478,
        1.00782503207,
        1.00782503207,
        12,
        1.00782503207,
        14.00307400478,
        1.00782503207,
        14.00307400478,
        1.00782503207,
        1.00782503207
    ],
    "multiplicity": 0.0,
    "geometry": [
        [
            -3.159900100555614,
            0.137297080174633,
            0.0
        ],
        [
            -4.272172600555614,
            0.18465048017463298,
            0.0
        ],
        [
            -2.461665770555615,
            1.149505980174633,
            0.0
        ],
        [
            -2.6686770805556144,
            -1.141259539825367,
            0.0
        ],
        [
            -1.6635400005556142,
            -1.2859501498253672,
            0.0
        ],
        [
            -3.2893434705556146,
            -1.9396891198253667,
            0.0
        ],
        [
            3.2343088194443856,
            -0.13492711982536698,
            0.0
        ],
        [
            4.337987749444386,
            -0.181914659825367,
            0.0
        ],
        [
            2.4544650594443853,
            -1.172914809825367,
            0.0
        ],
        [
            3.0305876394443856,
            -2.021364019825367,
            0.0
        ],
        [
            2.7311755894443857,
            1.144186160174633,
            0.0
        ],
        [
            1.7267061594443855,
            1.2809260801746327,
            0.0
        ],
        [
            3.340651389444385,
            1.947854310174633,
            0.0
        ]
    ],
    "fragment_multiplicities": [
        1.0,
        1.0
    ],
    "fragments": [
        [
            0,
            1,
            2,
            3,
            4,
            5
        ],
        [
            6,
            7,
            8,
            9,
            10,
            11,
            12
        ]
    ],
    "name": "FaONFaNN",
    "fragment_charges": [
        0.0,
        0.0
    ],
    "charge": 0.0,
    "ghost": [
        false,
        false,
        false,
        false,
        false,
        false,
        false,
        false,
        false,
        false,
        false,
        false,
        false
    ],
    "comment": "Formamide-Formamidine Complex ",
    "provenance": {
        "tag": "HBC Research"
    },
    "symbols": [
        "C",
        "H",
        "O",
        "N",
        "H",
        "H",
        "C",
        "H",
        "N",
        "H",
        "N",
        "H",
        "H"
    ]
}