{
    "masses": [
        12,
        1.00782503207,
        15.99491461956,
        15.99491461956,
        1.00782503207,
        12,
        1.00782503207,
        15.99491461956,
        15.99491461956,
        1.00782503207
    ],
    "multiplicity": 0.0,
    "geometry": [
        [
            2.03992872,
            -0.20295866999999992,
            0.0
        ],
        [
            3.13866374,
            -0.3122751299999998,
            0.0
        ],
        [
            1.2702263999999999,
            -1.1607366099999998,
            0.0
        ],
        [
            1.6616225599999999,
            1.08294418,
            0.0
        ],
        [
            0.6733416599999998,
            1.11546236,
            0.0
        ],
        [
            -2.03992872,
            0.20295866999999992,
            0.0
        ],
        [
            -3.13866374,
            0.3122751299999998,
            0.0
        ],
        [
            -1.2702263999999999,
            1.1607366099999998,
            0.0
        ],
        [
            -1.6616225599999999,
            -1.08294418,
            0.0
        ],
        [
            -0.6733416599999998,
            -1.11546236,
            0.0
        ]
    ],
    "fragment_multiplicities": [
        1.0,
        1.0
    ],
    "fragments": [
        [
            0,
            1,
            2,
            3,
            4
        ],
        [
            5,
            6,
            7,
            8,
            9
        ]
    ],
    "name": "FaOOFaOO",
    "fragment_charges": [
        0.0,
        0.0
    ],
    "charge": 0.0,
    "ghost": [
        false,
        false,
        false,
        false,
        false,
        true,
        true,
        true,
        true,
        true
    ],
    "comment": "Formic Acid Dimer ",
    "provenance": {
        "tag": "HBC Research"
    },
    "symbols": [
        "C",
        "H",
        "O",
        "O",
        "H",
        "C",
        "H",
        "O",
        "O",
        "H"
    ]
}