{
    "real": [
        true,
        true,
        true,
        true,
        true,
        true,
        true,
        true,
        true,
        true,
        true
    ],
    "fragment_charges": [
        0.0,
        0.0
    ],
    "multiplicity": 1,
    "provenance": {
        "tag": "HBC Research"
    },
    "fragments": [
        [
            0,
            1,
            2,
            3,
            4
        ],
        [
            5,
            6,
            7,
            8,
            9,
            10
        ]
    ],
    "fragment_multiplicities": [
        1,
        1
    ],
    "geometry": [
        [
            -2.0754947703543825,
            0.16808404017965897,
            0.0
        ],
        [
            -3.1763680103543823,
            0.25855097017965895,
            0.0
        ],
        [
            -1.3562217703543824,
            1.1631683401796589,
            0.0
        ],
        [
            -1.6373150203543823,
            -1.098344669820341,
            0.0
        ],
        [
            -0.6458368103543825,
            -1.0881965998203411,
            0.0
        ],
        [
            2.1103957896456174,
            -0.17590163982034104,
            0.0
        ],
        [
            3.2169996196456165,
            -0.26683948982034106,
            0.0
        ],
        [
            1.3540134096456171,
            -1.160970279820341,
            0.0
        ],
        [
            1.6709198196456174,
            1.109759540179659,
            0.0
        ],
        [
            0.6637224496456176,
            1.289599450179659,
            0.0
        ],
        [
            2.330002879645617,
            1.877222870179659,
            0.0
        ]
    ],
    "comment": "Formic Acid-Formamide Complex ",
    "symbols": [
        "C",
        "H",
        "O",
        "O",
        "H",
        "C",
        "H",
        "O",
        "N",
        "H",
        "H"
    ],
    "name": "FaOOFaON",
    "masses": [
        12,
        1.00782503207,
        15.99491461956,
        15.99491461956,
        1.00782503207,
        12,
        1.00782503207,
        15.99491461956,
        14.00307400478,
        1.00782503207,
        1.00782503207
    ],
    "charge": 0.0
}