{
    "real": [
        true,
        true,
        true,
        true,
        true,
        true,
        true,
        true,
        true,
        true,
        true,
        true
    ],
    "fragment_charges": [
        0.0,
        0.0
    ],
    "multiplicity": 1,
    "provenance": {
        "tag": "HBC Research"
    },
    "fragments": [
        [
            0,
            1,
            2,
            3,
            4
        ],
        [
            5,
            6,
            7,
            8,
            9,
            10,
            11
        ]
    ],
    "fragment_multiplicities": [
        1,
        1
    ],
    "geometry": [
        [
            -2.442396231088755,
            0.17109139139673807,
            0.0
        ],
        [
            -3.5451686710887547,
            0.24497624139673807,
            0.0
        ],
        [
            -1.708047521088755,
            1.146751401396738,
            0.0
        ],
        [
            -2.016181431088755,
            -1.111876748603262,
            0.0
        ],
        [
            -1.033725021088755,
            -1.094790148603262,
            0.0
        ],
        [
            2.546420028911245,
            -0.16315516860326196,
            0.0
        ],
        [
            3.6476340889112446,
            -0.23693559860326194,
            0.0
        ],
        [
            1.7272235189112448,
            -1.175437678603262,
            0.0
        ],
        [
            2.2658422689112445,
            -2.047650168603262,
            0.0
        ],
        [
            2.070678178911245,
            1.1243563413967377,
            0.0
        ],
        [
            1.066323688911245,
            1.2812604413967374,
            0.0
        ],
        [
            2.6973397089112447,
            1.914899931396738,
            0.0
        ]
    ],
    "comment": "Formic Acid-Formamidine Complex ",
    "symbols": [
        "C",
        "H",
        "O",
        "O",
        "H",
        "C",
        "H",
        "N",
        "H",
        "N",
        "H",
        "H"
    ],
    "name": "FaOOFaNN",
    "masses": [
        12,
        1.00782503207,
        15.99491461956,
        15.99491461956,
        1.00782503207,
        12,
        1.00782503207,
        14.00307400478,
        1.00782503207,
        14.00307400478,
        1.00782503207,
        1.00782503207
    ],
    "charge": 0.0
}