{
    "masses": [
        12,
        1.00782503207,
        15.99491461956,
        15.99491461956,
        1.00782503207,
        12,
        1.00782503207,
        15.99491461956,
        14.00307400478,
        1.00782503207,
        1.00782503207
    ],
    "multiplicity": 0.0,
    "geometry": [
        [
            -2.867358750682023,
            0.18206412016738335,
            0.0
        ],
        [
            -3.9712682906820236,
            0.24767419016738337,
            0.0
        ],
        [
            -2.113475610682024,
            1.1374499201673833,
            0.0
        ],
        [
            -2.4788837006820232,
            -1.1181968598326169,
            0.0
        ],
        [
            -1.5026002306820239,
            -1.1274979198326167,
            0.0
        ],
        [
            2.922425229317976,
            -0.16204750983261662,
            0.0
        ],
        [
            4.033368809317976,
            -0.2280756498326166,
            0.0
        ],
        [
            2.196397559317976,
            -1.1551980198326168,
            0.0
        ],
        [
            2.464324979317976,
            1.1288279601673832,
            0.0
        ],
        [
            1.464006949317976,
            1.3030621301673835,
            0.0
        ],
        [
            3.1062829093179762,
            1.9104426701673833,
            0.0
        ]
    ],
    "fragment_multiplicities": [
        1.0,
        1.0
    ],
    "fragments": [
        [
            0,
            1,
            2,
            3,
            4
        ],
        [
            5,
            6,
            7,
            8,
            9,
            10
        ]
    ],
    "name": "FaOOFaON",
    "fragment_charges": [
        0.0,
        0.0
    ],
    "charge": 0.0,
    "ghost": [
        false,
        false,
        false,
        false,
        false,
        true,
        true,
        true,
        true,
        true,
        true
    ],
    "comment": "Formic Acid-Formamide Complex ",
    "provenance": {
        "tag": "HBC Research"
    },
    "symbols": [
        "C",
        "H",
        "O",
        "O",
        "H",
        "C",
        "H",
        "O",
        "N",
        "H",
        "H"
    ]
}