{
    "real": [
        true,
        true,
        true,
        true,
        true,
        true,
        false,
        false,
        false,
        false,
        false,
        false,
        false
    ],
    "fragment_charges": [
        0.0,
        0.0
    ],
    "multiplicity": 1,
    "provenance": {
        "tag": "HBC Research"
    },
    "fragments": [
        [
            0,
            1,
            2,
            3,
            4,
            5
        ],
        [
            6,
            7,
            8,
            9,
            10,
            11,
            12
        ]
    ],
    "fragment_multiplicities": [
        1,
        1
    ],
    "geometry": [
        [
            -3.4565522695260276,
            0.1356415200135274,
            0.0
        ],
        [
            -4.569210639526028,
            0.17826784001352738,
            0.0
        ],
        [
            -2.7593157495260274,
            1.1475733300135273,
            0.0
        ],
        [
            -2.9666832095260274,
            -1.1442123899864725,
            0.0
        ],
        [
            -1.962518639526028,
            -1.2909460499864724,
            0.0
        ],
        [
            -3.5885049495260275,
            -1.9417694099864724,
            0.0
        ],
        [
            3.538317670473972,
            -0.1323343199864726,
            0.0
        ],
        [
            4.642339590473972,
            -0.1746297699864726,
            0.0
        ],
        [
            2.760948010473972,
            -1.1711826999864725,
            0.0
        ],
        [
            3.337941530473972,
            -2.0190031699864726,
            0.0
        ],
        [
            3.033359640473972,
            1.1467784500135272,
            0.0
        ],
        [
            2.029101790473972,
            1.2816992400135274,
            0.0
        ],
        [
            3.6416236104739723,
            1.9513504600135274,
            0.0
        ]
    ],
    "comment": "Formamide-Formamidine Complex ",
    "symbols": [
        "C",
        "H",
        "O",
        "N",
        "H",
        "H",
        "C",
        "H",
        "N",
        "H",
        "N",
        "H",
        "H"
    ],
    "name": "FaONFaNN",
    "masses": [
        12,
        1.00782503207,
        15.99491461956,
        14.00307400478,
        1.00782503207,
        1.00782503207,
        12,
        1.00782503207,
        14.00307400478,
        1.00782503207,
        14.00307400478,
        1.00782503207,
        1.00782503207
    ],
    "charge": 0.0
}