{
    "real": [
        true,
        true,
        true,
        true,
        true,
        true,
        false,
        false,
        false,
        false,
        false,
        false
    ],
    "fragment_charges": [
        0.0,
        0.0
    ],
    "multiplicity": 1,
    "provenance": {
        "tag": "HBC Research"
    },
    "fragments": [
        [
            0,
            1,
            2,
            3,
            4,
            5
        ],
        [
            6,
            7,
            8,
            9,
            10,
            11
        ]
    ],
    "fragment_multiplicities": [
        1,
        1
    ],
    "geometry": [
        [
            2.6960842,
            -0.14536997999999993,
            0.0
        ],
        [
            3.80688469,
            -0.2052631599999999,
            0.0
        ],
        [
            1.9865087199999998,
            -1.1532021999999997,
            0.0
        ],
        [
            2.2103557400000002,
            1.1329428300000002,
            0.0
        ],
        [
            1.20419348,
            1.28204746,
            0.0
        ],
        [
            2.83403804,
            1.92915087,
            0.0
        ],
        [
            -2.6960842,
            0.14536997999999993,
            0.0
        ],
        [
            -3.80688469,
            0.2052631599999999,
            0.0
        ],
        [
            -1.98650872,
            1.1532021999999997,
            0.0
        ],
        [
            -2.2103557400000002,
            -1.1329428300000002,
            0.0
        ],
        [
            -1.20419348,
            -1.28204746,
            0.0
        ],
        [
            -2.83403804,
            -1.92915087,
            0.0
        ]
    ],
    "comment": "Formamide Dimer ",
    "symbols": [
        "C",
        "H",
        "O",
        "N",
        "H",
        "H",
        "C",
        "H",
        "O",
        "N",
        "H",
        "H"
    ],
    "name": "FaONFaON",
    "masses": [
        12,
        1.00782503207,
        15.99491461956,
        14.00307400478,
        1.00782503207,
        1.00782503207,
        12,
        1.00782503207,
        15.99491461956,
        14.00307400478,
        1.00782503207,
        1.00782503207
    ],
    "charge": 0.0
}