{
    "masses": [
        12,
        1.00782503207,
        15.99491461956,
        14.00307400478,
        1.00782503207,
        1.00782503207,
        12,
        1.00782503207,
        14.00307400478,
        1.00782503207,
        14.00307400478,
        1.00782503207,
        1.00782503207
    ],
    "multiplicity": 0.0,
    "geometry": [
        [
            -2.1223810181465708,
            0.12001002914670592,
            0.0
        ],
        [
            -3.232417268146571,
            0.17981126914670587,
            0.0
        ],
        [
            -1.436418958146571,
            1.155777949146706,
            0.0
        ],
        [
            -1.604761618146571,
            -1.133626380853294,
            0.0
        ],
        [
            -0.5784214181465711,
            -1.253216220853294,
            0.0
        ],
        [
            -2.2228707081465706,
            -1.9347017308532937,
            0.0
        ],
        [
            2.171393251853429,
            -0.11130946085329409,
            0.0
        ],
        [
            3.272881121853429,
            -0.17065017085329412,
            0.0
        ],
        [
            1.4279143218534287,
            -1.187458190853294,
            0.0
        ],
        [
            2.036401871853429,
            -2.011354240853294,
            0.0
        ],
        [
            1.624768641853429,
            1.137140009146706,
            0.0
        ],
        [
            0.6048844818534289,
            1.2380804791467057,
            0.0
        ],
        [
            2.215046561853429,
            1.955540109146706,
            0.0
        ]
    ],
    "fragment_multiplicities": [
        1.0,
        1.0
    ],
    "fragments": [
        [
            0,
            1,
            2,
            3,
            4,
            5
        ],
        [
            6,
            7,
            8,
            9,
            10,
            11,
            12
        ]
    ],
    "name": "FaONFaNN",
    "fragment_charges": [
        0.0,
        0.0
    ],
    "charge": 0.0,
    "ghost": [
        false,
        false,
        false,
        false,
        false,
        false,
        false,
        false,
        false,
        false,
        false,
        false,
        false
    ],
    "comment": "Formamide-Formamidine Complex ",
    "provenance": {
        "tag": "HBC Research"
    },
    "symbols": [
        "C",
        "H",
        "O",
        "N",
        "H",
        "H",
        "C",
        "H",
        "N",
        "H",
        "N",
        "H",
        "H"
    ]
}