{
    "masses": [
        12,
        1.00782503207,
        15.99491461956,
        15.99491461956,
        1.00782503207,
        12,
        1.00782503207,
        15.99491461956,
        14.00307400478,
        1.00782503207,
        1.00782503207
    ],
    "multiplicity": 0.0,
    "geometry": [
        [
            -1.879703851057886,
            0.16163714903220144,
            0.0
        ],
        [
            -2.9817753810578864,
            0.26162941903220144,
            0.0
        ],
        [
            -1.1984961110578862,
            1.1884975990322015,
            0.0
        ],
        [
            -1.4548789910578863,
            -1.0905233109677985,
            0.0
        ],
        [
            -0.4457239010578862,
            -1.1021920309677986,
            0.0
        ],
        [
            1.9047516089421137,
            -0.18173103096779852,
            0.0
        ],
        [
            3.0111932789421134,
            -0.2821198109677985,
            0.0
        ],
        [
            1.1616414189421136,
            -1.1811924609677986,
            0.0
        ],
        [
            1.5156522689421137,
            1.1078026790322013,
            0.0
        ],
        [
            0.511842648942114,
            1.3292328890322012,
            0.0
        ],
        [
            2.2221165589421137,
            1.8319639690322012,
            0.0
        ]
    ],
    "fragment_multiplicities": [
        1.0,
        1.0
    ],
    "fragments": [
        [
            0,
            1,
            2,
            3,
            4
        ],
        [
            5,
            6,
            7,
            8,
            9,
            10
        ]
    ],
    "name": "FaOOFaON",
    "fragment_charges": [
        0.0,
        0.0
    ],
    "charge": 0.0,
    "ghost": [
        false,
        false,
        false,
        false,
        false,
        true,
        true,
        true,
        true,
        true,
        true
    ],
    "comment": "Formic Acid-Formamide Complex ",
    "provenance": {
        "tag": "HBC Research"
    },
    "symbols": [
        "C",
        "H",
        "O",
        "O",
        "H",
        "C",
        "H",
        "O",
        "N",
        "H",
        "H"
    ]
}