{
    "real": [
        true,
        true,
        true,
        true,
        true,
        false,
        false,
        false,
        false,
        false,
        false
    ],
    "fragment_charges": [
        0.0,
        0.0
    ],
    "multiplicity": 1,
    "provenance": {
        "tag": "HBC Research"
    },
    "fragments": [
        [
            0,
            1,
            2,
            3,
            4
        ],
        [
            5,
            6,
            7,
            8,
            9,
            10
        ]
    ],
    "fragment_multiplicities": [
        1,
        1
    ],
    "geometry": [
        [
            -2.0265450305945185,
            0.16495903916161225,
            0.0
        ],
        [
            -3.1274605305945187,
            0.25719798916161224,
            0.0
        ],
        [
            -1.316158090594519,
            1.1679432891616124,
            0.0
        ],
        [
            -1.584765870594519,
            -1.0965613708383877,
            0.0
        ],
        [
            -0.589906820594519,
            -1.0867168908383877,
            0.0
        ],
        [
            2.059140519405481,
            -0.17735549083838772,
            0.0
        ],
        [
            3.1655540494054804,
            -0.27005509083838775,
            0.0
        ],
        [
            1.301640289405481,
            -1.1630296708383876,
            0.0
        ],
        [
            1.6285725894054812,
            1.1089032991616123,
            0.0
        ],
        [
            0.6215933394054809,
            1.295719429161612,
            0.0
        ],
        [
            2.2959455094054806,
            1.869208159161612,
            0.0
        ]
    ],
    "comment": "Formic Acid-Formamide Complex ",
    "symbols": [
        "C",
        "H",
        "O",
        "O",
        "H",
        "C",
        "H",
        "O",
        "N",
        "H",
        "H"
    ],
    "name": "FaOOFaON",
    "masses": [
        12,
        1.00782503207,
        15.99491461956,
        15.99491461956,
        1.00782503207,
        12,
        1.00782503207,
        15.99491461956,
        14.00307400478,
        1.00782503207,
        1.00782503207
    ],
    "charge": 0.0
}