{
    "real": [
        false,
        false,
        false,
        false,
        false,
        false,
        false,
        true,
        true,
        true,
        true,
        true,
        true,
        true
    ],
    "fragment_charges": [
        0.0,
        0.0
    ],
    "multiplicity": 1,
    "provenance": {
        "tag": "HBC Research"
    },
    "fragments": [
        [
            0,
            1,
            2,
            3,
            4,
            5,
            6
        ],
        [
            7,
            8,
            9,
            10,
            11,
            12,
            13
        ]
    ],
    "fragment_multiplicities": [
        1,
        1
    ],
    "geometry": [
        [
            4.99855171,
            -0.12037119999999982,
            0.0
        ],
        [
            6.10329053,
            -0.14697465999999984,
            0.0
        ],
        [
            4.23217198,
            -1.16574424,
            0.0
        ],
        [
            4.81516518,
            -2.0093238,
            0.0
        ],
        [
            4.47966407,
            1.15461725,
            0.0
        ],
        [
            3.4742877799999996,
            1.2767315,
            0.0
        ],
        [
            5.0788701,
            1.9658931900000003,
            0.0
        ],
        [
            -4.99855171,
            0.12037119999999982,
            0.0
        ],
        [
            -6.10329053,
            0.14697465999999984,
            0.0
        ],
        [
            -4.23217198,
            1.16574424,
            0.0
        ],
        [
            -4.81516518,
            2.0093238,
            0.0
        ],
        [
            -4.47966407,
            -1.15461725,
            0.0
        ],
        [
            -3.4742877799999996,
            -1.2767315,
            0.0
        ],
        [
            -5.0788701,
            -1.9658931900000003,
            0.0
        ]
    ],
    "comment": "Formamidine Dimer ",
    "symbols": [
        "C",
        "H",
        "N",
        "H",
        "N",
        "H",
        "H",
        "C",
        "H",
        "N",
        "H",
        "N",
        "H",
        "H"
    ],
    "name": "FaNNFaNN",
    "masses": [
        12,
        1.00782503207,
        14.00307400478,
        1.00782503207,
        14.00307400478,
        1.00782503207,
        1.00782503207,
        12,
        1.00782503207,
        14.00307400478,
        1.00782503207,
        14.00307400478,
        1.00782503207,
        1.00782503207
    ],
    "charge": 0.0
}