{
    "masses": [
        12,
        1.00782503207,
        15.99491461956,
        14.00307400478,
        1.00782503207,
        1.00782503207,
        12,
        1.00782503207,
        14.00307400478,
        1.00782503207,
        14.00307400478,
        1.00782503207,
        1.00782503207
    ],
    "multiplicity": 0.0,
    "geometry": [
        [
            -2.3700106012413196,
            0.12298207059725588,
            0.0
        ],
        [
            -3.47998730124132,
            0.18042379059725588,
            0.0
        ],
        [
            -1.6832065112413197,
            1.1525903005972558,
            0.0
        ],
        [
            -1.8382789212413198,
            -1.132696839402744,
            0.0
        ],
        [
            -0.8194083212413198,
            -1.2370507094027443,
            0.0
        ],
        [
            -2.4343875812413196,
            -1.949749309402744,
            0.0
        ],
        [
            2.42357563875868,
            -0.12508787940274413,
            0.0
        ],
        [
            3.52532821875868,
            -0.18210399940274413,
            0.0
        ],
        [
            1.64921164875868,
            -1.175640409402744,
            0.0
        ],
        [
            2.2327731887586806,
            -2.0185394794027443,
            0.0
        ],
        [
            1.89367697875868,
            1.1377459105972556,
            0.0
        ],
        [
            0.8805750187586803,
            1.250343580597256,
            0.0
        ],
        [
            2.48658152875868,
            1.9539112205972557,
            0.0
        ]
    ],
    "fragment_multiplicities": [
        1.0,
        1.0
    ],
    "fragments": [
        [
            0,
            1,
            2,
            3,
            4,
            5
        ],
        [
            6,
            7,
            8,
            9,
            10,
            11,
            12
        ]
    ],
    "name": "FaONFaNN",
    "fragment_charges": [
        0.0,
        0.0
    ],
    "charge": 0.0,
    "ghost": [
        false,
        false,
        false,
        false,
        false,
        false,
        false,
        false,
        false,
        false,
        false,
        false,
        false
    ],
    "comment": "Formamide-Formamidine Complex ",
    "provenance": {
        "tag": "HBC Research"
    },
    "symbols": [
        "C",
        "H",
        "O",
        "N",
        "H",
        "H",
        "C",
        "H",
        "N",
        "H",
        "N",
        "H",
        "H"
    ]
}