{
    "masses": [
        12,
        1.00782503207,
        14.00307400478,
        1.00782503207,
        14.00307400478,
        1.00782503207,
        1.00782503207,
        12,
        1.00782503207,
        14.00307400478,
        1.00782503207,
        14.00307400478,
        1.00782503207,
        1.00782503207
    ],
    "multiplicity": 0.0,
    "geometry": [
        [
            1.79626801,
            -0.11585475999999993,
            0.0
        ],
        [
            2.9051543,
            -0.18737512999999986,
            0.0
        ],
        [
            1.1606161,
            -1.25790391,
            0.0
        ],
        [
            1.85182448,
            -2.0088426899999994,
            0.0
        ],
        [
            1.3957016399999997,
            1.16335736,
            0.0
        ],
        [
            0.3655867599999999,
            1.3971901899999997,
            0.0
        ],
        [
            2.1321378,
            1.8555000699999997,
            0.0
        ],
        [
            -1.79626801,
            0.11585475999999992,
            0.0
        ],
        [
            -2.9051543,
            0.18737512999999986,
            0.0
        ],
        [
            -1.1606161,
            1.25790391,
            0.0
        ],
        [
            -1.85182448,
            2.0088426899999994,
            0.0
        ],
        [
            -1.3957016399999997,
            -1.16335736,
            0.0
        ],
        [
            -0.3655867599999999,
            -1.3971901899999997,
            0.0
        ],
        [
            -2.1321378,
            -1.8555000699999997,
            0.0
        ]
    ],
    "fragment_multiplicities": [
        1.0,
        1.0
    ],
    "fragments": [
        [
            0,
            1,
            2,
            3,
            4,
            5,
            6
        ],
        [
            7,
            8,
            9,
            10,
            11,
            12,
            13
        ]
    ],
    "name": "FaNNFaNN",
    "fragment_charges": [
        0.0,
        0.0
    ],
    "charge": 0.0,
    "ghost": [
        false,
        false,
        false,
        false,
        false,
        false,
        false,
        false,
        false,
        false,
        false,
        false,
        false,
        false
    ],
    "comment": "Formamidine Dimer ",
    "provenance": {
        "tag": "HBC Research"
    },
    "symbols": [
        "C",
        "H",
        "N",
        "H",
        "N",
        "H",
        "H",
        "C",
        "H",
        "N",
        "H",
        "N",
        "H",
        "H"
    ]
}