{
    "masses": [
        12,
        1.00782503207,
        15.99491461956,
        14.00307400478,
        1.00782503207,
        1.00782503207,
        12,
        1.00782503207,
        14.00307400478,
        1.00782503207,
        14.00307400478,
        1.00782503207,
        1.00782503207
    ],
    "multiplicity": 0.0,
    "geometry": [
        [
            -2.8635486292927452,
            0.13635438998537586,
            0.0
        ],
        [
            -3.975191189292745,
            0.18862453998537587,
            0.0
        ],
        [
            -2.1669492592927453,
            1.151576129985376,
            0.0
        ],
        [
            -2.364291859292745,
            -1.1377607500146243,
            0.0
        ],
        [
            -1.3564845992927452,
            -1.273620010014624,
            0.0
        ],
        [
            -2.979208579292745,
            -1.9406003900146243,
            0.0
        ],
        [
            2.9300512307072544,
            -0.1360644100146241,
            0.0
        ],
        [
            4.033210990707254,
            -0.18793570001462412,
            0.0
        ],
        [
            2.148162610707255,
            -1.1743152800146242,
            0.0
        ],
        [
            2.7239965707072544,
            -2.0229855200146245,
            0.0
        ],
        [
            2.4255745707072545,
            1.1413866599853757,
            0.0
        ],
        [
            1.4200001107072546,
            1.2768747299853758,
            0.0
        ],
        [
            3.0340916707072543,
            1.9458089099853757,
            0.0
        ]
    ],
    "fragment_multiplicities": [
        1.0,
        1.0
    ],
    "fragments": [
        [
            0,
            1,
            2,
            3,
            4,
            5
        ],
        [
            6,
            7,
            8,
            9,
            10,
            11,
            12
        ]
    ],
    "name": "FaONFaNN",
    "fragment_charges": [
        0.0,
        0.0
    ],
    "charge": 0.0,
    "ghost": [
        true,
        true,
        true,
        true,
        true,
        true,
        false,
        false,
        false,
        false,
        false,
        false,
        false
    ],
    "comment": "Formamide-Formamidine Complex ",
    "provenance": {
        "tag": "HBC Research"
    },
    "symbols": [
        "C",
        "H",
        "O",
        "N",
        "H",
        "H",
        "C",
        "H",
        "N",
        "H",
        "N",
        "H",
        "H"
    ]
}