{
    "masses": [
        12,
        1.00782503207,
        15.99491461956,
        15.99491461956,
        1.00782503207,
        12,
        1.00782503207,
        15.99491461956,
        14.00307400478,
        1.00782503207,
        1.00782503207
    ],
    "multiplicity": 0.0,
    "geometry": [
        [
            -2.3705394713187755,
            0.18335143986982352,
            0.0
        ],
        [
            -3.472556981318775,
            0.26439713986982355,
            0.0
        ],
        [
            -1.6185801113187759,
            1.1461833798698235,
            0.0
        ],
        [
            -1.968826691318776,
            -1.1068709401301764,
            0.0
        ],
        [
            -0.987736091318776,
            -1.1127113201301764,
            0.0
        ],
        [
            2.4165331686812244,
            -0.16870436013017645,
            0.0
        ],
        [
            3.5248994886812244,
            -0.25021697013017646,
            0.0
        ],
        [
            1.678091738681224,
            -1.1592282201301765,
            0.0
        ],
        [
            1.9539944486812237,
            1.1166633098698235,
            0.0
        ],
        [
            0.948412688681224,
            1.2812018198698234,
            0.0
        ],
        [
            2.5920741486812244,
            1.9014940398698235,
            0.0
        ]
    ],
    "fragment_multiplicities": [
        1.0,
        1.0
    ],
    "fragments": [
        [
            0,
            1,
            2,
            3,
            4
        ],
        [
            5,
            6,
            7,
            8,
            9,
            10
        ]
    ],
    "name": "FaOOFaON",
    "fragment_charges": [
        0.0,
        0.0
    ],
    "charge": 0.0,
    "ghost": [
        true,
        true,
        true,
        true,
        true,
        false,
        false,
        false,
        false,
        false,
        false
    ],
    "comment": "Formic Acid-Formamide Complex ",
    "provenance": {
        "tag": "HBC Research"
    },
    "symbols": [
        "C",
        "H",
        "O",
        "O",
        "H",
        "C",
        "H",
        "O",
        "N",
        "H",
        "H"
    ]
}