{
    "masses": [
        12,
        1.00782503207,
        15.99491461956,
        15.99491461956,
        1.00782503207,
        12,
        1.00782503207,
        15.99491461956,
        14.00307400478,
        1.00782503207,
        1.00782503207
    ],
    "multiplicity": 0.0,
    "geometry": [
        [
            -2.124459822807426,
            0.17139547992091897,
            0.0
        ],
        [
            -3.225408102807426,
            0.260194709920919,
            0.0
        ],
        [
            -1.3970897128074256,
            1.159052249920919,
            0.0
        ],
        [
            -1.6921333528074256,
            -1.100038330079081,
            0.0
        ],
        [
            -0.7033839228074256,
            -1.091530440079081,
            0.0
        ],
        [
            2.1616218271925742,
            -0.17430715007908099,
            0.0
        ],
        [
            3.2684708571925736,
            -0.263582300079081,
            0.0
        ],
        [
            1.4080141671925746,
            -1.1599738300790807,
            0.0
        ],
        [
            1.7147438271925743,
            1.110788039920919,
            0.0
        ],
        [
            0.7074762271925743,
            1.285022109920919,
            0.0
        ],
        [
            2.367117207192574,
            1.8839192999209187,
            0.0
        ]
    ],
    "fragment_multiplicities": [
        1.0,
        1.0
    ],
    "fragments": [
        [
            0,
            1,
            2,
            3,
            4
        ],
        [
            5,
            6,
            7,
            8,
            9,
            10
        ]
    ],
    "name": "FaOOFaON",
    "fragment_charges": [
        0.0,
        0.0
    ],
    "charge": 0.0,
    "ghost": [
        false,
        false,
        false,
        false,
        false,
        true,
        true,
        true,
        true,
        true,
        true
    ],
    "comment": "Formic Acid-Formamide Complex ",
    "provenance": {
        "tag": "HBC Research"
    },
    "symbols": [
        "C",
        "H",
        "O",
        "O",
        "H",
        "C",
        "H",
        "O",
        "N",
        "H",
        "H"
    ]
}