{
    "real": [
        false,
        false,
        false,
        false,
        false,
        false,
        true,
        true,
        true,
        true,
        true,
        true
    ],
    "fragment_charges": [
        0.0,
        0.0
    ],
    "multiplicity": 1,
    "provenance": {
        "tag": "HBC Research"
    },
    "fragments": [
        [
            0,
            1,
            2,
            3,
            4,
            5
        ],
        [
            6,
            7,
            8,
            9,
            10,
            11
        ]
    ],
    "fragment_multiplicities": [
        1,
        1
    ],
    "geometry": [
        [
            2.09604836,
            -0.12877407999999996,
            0.0
        ],
        [
            3.20466046,
            -0.19688343999999983,
            0.0
        ],
        [
            1.40550526,
            -1.1617463799999999,
            0.0
        ],
        [
            1.58426128,
            1.1270579900000002,
            0.0
        ],
        [
            0.5638335800000001,
            1.24955108,
            0.0
        ],
        [
            2.2005924,
            1.92925606,
            0.0
        ],
        [
            -2.09604836,
            0.12877407999999996,
            0.0
        ],
        [
            -3.20466046,
            0.19688343999999983,
            0.0
        ],
        [
            -1.40550526,
            1.1617463799999999,
            0.0
        ],
        [
            -1.58426128,
            -1.1270579900000002,
            0.0
        ],
        [
            -0.5638335800000001,
            -1.24955108,
            0.0
        ],
        [
            -2.2005924,
            -1.92925606,
            0.0
        ]
    ],
    "comment": "Formamide Dimer ",
    "symbols": [
        "C",
        "H",
        "O",
        "N",
        "H",
        "H",
        "C",
        "H",
        "O",
        "N",
        "H",
        "H"
    ],
    "name": "FaONFaON",
    "masses": [
        12,
        1.00782503207,
        15.99491461956,
        14.00307400478,
        1.00782503207,
        1.00782503207,
        12,
        1.00782503207,
        15.99491461956,
        14.00307400478,
        1.00782503207,
        1.00782503207
    ],
    "charge": 0.0
}