{
    "masses": [
        12,
        1.00782503207,
        15.99491461956,
        15.99491461956,
        1.00782503207,
        12,
        1.00782503207,
        15.99491461956,
        15.99491461956,
        1.00782503207
    ],
    "multiplicity": 0.0,
    "geometry": [
        [
            3.9964694399999994,
            -0.1680398899999999,
            0.0
        ],
        [
            5.10156877,
            -0.21450608999999984,
            0.0
        ],
        [
            3.2541499899999993,
            -1.12972545,
            0.0
        ],
        [
            3.59284622,
            1.1311785100000002,
            0.0
        ],
        [
            2.61830479,
            1.1209587900000002,
            0.0
        ],
        [
            -3.9964694399999994,
            0.1680398899999999,
            0.0
        ],
        [
            -5.10156877,
            0.21450608999999984,
            0.0
        ],
        [
            -3.2541499899999993,
            1.12972545,
            0.0
        ],
        [
            -3.59284622,
            -1.1311785100000002,
            0.0
        ],
        [
            -2.61830479,
            -1.1209587900000002,
            0.0
        ]
    ],
    "fragment_multiplicities": [
        1.0,
        1.0
    ],
    "fragments": [
        [
            0,
            1,
            2,
            3,
            4
        ],
        [
            5,
            6,
            7,
            8,
            9
        ]
    ],
    "name": "FaOOFaOO",
    "fragment_charges": [
        0.0,
        0.0
    ],
    "charge": 0.0,
    "ghost": [
        false,
        false,
        false,
        false,
        false,
        true,
        true,
        true,
        true,
        true
    ],
    "comment": "Formic Acid Dimer ",
    "provenance": {
        "tag": "HBC Research"
    },
    "symbols": [
        "C",
        "H",
        "O",
        "O",
        "H",
        "C",
        "H",
        "O",
        "O",
        "H"
    ]
}