{
    "real": [
        false,
        false,
        false,
        false,
        false,
        true,
        true,
        true,
        true,
        true,
        true
    ],
    "fragment_charges": [
        0.0,
        0.0
    ],
    "multiplicity": 1,
    "provenance": {
        "tag": "HBC Research"
    },
    "fragments": [
        [
            0,
            1,
            2,
            3,
            4
        ],
        [
            5,
            6,
            7,
            8,
            9,
            10
        ]
    ],
    "fragment_multiplicities": [
        1,
        1
    ],
    "geometry": [
        [
            -3.463032888576058,
            0.16994236084530884,
            0.0
        ],
        [
            -4.567950248576059,
            0.22032609084530885,
            0.0
        ],
        [
            -2.719522028576058,
            1.1314892908453087,
            0.0
        ],
        [
            -3.0622919685760577,
            -1.128820279154691,
            0.0
        ],
        [
            -2.0872378485760583,
            -1.1240339791546912,
            0.0
        ],
        [
            3.5297020014239413,
            -0.14892315915469118,
            0.0
        ],
        [
            4.641951291423942,
            -0.19964121915469113,
            0.0
        ],
        [
            2.817214641423942,
            -1.1497588991546912,
            0.0
        ],
        [
            3.0599277914239416,
            1.1391418708453085,
            0.0
        ],
        [
            2.0591550614239416,
            1.3041776608453086,
            0.0
        ],
        [
            3.6948986414239418,
            1.926412190845309,
            0.0
        ]
    ],
    "comment": "Formic Acid-Formamide Complex ",
    "symbols": [
        "C",
        "H",
        "O",
        "O",
        "H",
        "C",
        "H",
        "O",
        "N",
        "H",
        "H"
    ],
    "name": "FaOOFaON",
    "masses": [
        12,
        1.00782503207,
        15.99491461956,
        15.99491461956,
        1.00782503207,
        12,
        1.00782503207,
        15.99491461956,
        14.00307400478,
        1.00782503207,
        1.00782503207
    ],
    "charge": 0.0
}