{
    "masses": [
        12,
        1.00782503207,
        15.99491461956,
        15.99491461956,
        1.00782503207,
        12,
        1.00782503207,
        15.99491461956,
        15.99491461956,
        1.00782503207
    ],
    "multiplicity": 0.0,
    "geometry": [
        [
            2.49138346,
            -0.20738985999999993,
            0.0
        ],
        [
            3.59280864,
            -0.29907563999999986,
            0.0
        ],
        [
            1.71273443,
            -1.1458102499999998,
            0.0
        ],
        [
            2.12758466,
            1.09795049,
            0.0
        ],
        [
            1.14991023,
            1.12938889,
            0.0
        ],
        [
            -2.49138346,
            0.20738985999999993,
            0.0
        ],
        [
            -3.59280864,
            0.29907563999999986,
            0.0
        ],
        [
            -1.71273443,
            1.1458102499999998,
            0.0
        ],
        [
            -2.12758466,
            -1.09795049,
            0.0
        ],
        [
            -1.14991023,
            -1.12938889,
            0.0
        ]
    ],
    "fragment_multiplicities": [
        1.0,
        1.0
    ],
    "fragments": [
        [
            0,
            1,
            2,
            3,
            4
        ],
        [
            5,
            6,
            7,
            8,
            9
        ]
    ],
    "name": "FaOOFaOO",
    "fragment_charges": [
        0.0,
        0.0
    ],
    "charge": 0.0,
    "ghost": [
        false,
        false,
        false,
        false,
        false,
        true,
        true,
        true,
        true,
        true
    ],
    "comment": "Formic Acid Dimer ",
    "provenance": {
        "tag": "HBC Research"
    },
    "symbols": [
        "C",
        "H",
        "O",
        "O",
        "H",
        "C",
        "H",
        "O",
        "O",
        "H"
    ]
}