{
    "masses": [
        12,
        1.00782503207,
        14.00307400478,
        1.00782503207,
        14.00307400478,
        1.00782503207,
        1.00782503207,
        12,
        1.00782503207,
        14.00307400478,
        1.00782503207,
        14.00307400478,
        1.00782503207,
        1.00782503207
    ],
    "multiplicity": 0.0,
    "geometry": [
        [
            1.69498253,
            -0.13051888999999994,
            0.0
        ],
        [
            2.8063359599999997,
            -0.21609652999999987,
            0.0
        ],
        [
            1.09905882,
            -1.2949125099999999,
            0.0
        ],
        [
            1.8208947,
            -2.01478416,
            0.0
        ],
        [
            1.37286317,
            1.16800831,
            0.0
        ],
        [
            0.3521259499999999,
            1.46532985,
            0.0
        ],
        [
            2.165815909999999,
            1.79503126,
            0.0
        ],
        [
            -1.69498253,
            0.13051888999999994,
            0.0
        ],
        [
            -2.8063359599999997,
            0.21609652999999987,
            0.0
        ],
        [
            -1.09905882,
            1.2949125099999999,
            0.0
        ],
        [
            -1.8208947,
            2.01478416,
            0.0
        ],
        [
            -1.37286317,
            -1.16800831,
            0.0
        ],
        [
            -0.3521259499999999,
            -1.46532985,
            0.0
        ],
        [
            -2.165815909999999,
            -1.79503126,
            0.0
        ]
    ],
    "fragment_multiplicities": [
        1.0,
        1.0
    ],
    "fragments": [
        [
            0,
            1,
            2,
            3,
            4,
            5,
            6
        ],
        [
            7,
            8,
            9,
            10,
            11,
            12,
            13
        ]
    ],
    "name": "FaNNFaNN",
    "fragment_charges": [
        0.0,
        0.0
    ],
    "charge": 0.0,
    "ghost": [
        false,
        false,
        false,
        false,
        false,
        false,
        false,
        true,
        true,
        true,
        true,
        true,
        true,
        true
    ],
    "comment": "Formamidine Dimer ",
    "provenance": {
        "tag": "HBC Research"
    },
    "symbols": [
        "C",
        "H",
        "N",
        "H",
        "N",
        "H",
        "H",
        "C",
        "H",
        "N",
        "H",
        "N",
        "H",
        "H"
    ]
}