{
    "real": [
        false,
        false,
        false,
        false,
        false,
        true,
        true,
        true,
        true,
        true
    ],
    "fragment_charges": [
        0.0,
        0.0
    ],
    "multiplicity": 1,
    "provenance": {
        "tag": "HBC Research"
    },
    "fragments": [
        [
            0,
            1,
            2,
            3,
            4
        ],
        [
            5,
            6,
            7,
            8,
            9
        ]
    ],
    "fragment_multiplicities": [
        1,
        1
    ],
    "geometry": [
        [
            3.49547568,
            -0.17791546999999985,
            0.0
        ],
        [
            4.60006941,
            -0.23413794999999987,
            0.0
        ],
        [
            2.74388512,
            -1.1327885299999998,
            0.0
        ],
        [
            3.10454835,
            1.12465267,
            0.0
        ],
        [
            2.12977769,
            1.12626632,
            0.0
        ],
        [
            -3.49547568,
            0.17791546999999985,
            0.0
        ],
        [
            -4.60006941,
            0.23413794999999987,
            0.0
        ],
        [
            -2.74388512,
            1.1327885299999998,
            0.0
        ],
        [
            -3.10454835,
            -1.12465267,
            0.0
        ],
        [
            -2.12977769,
            -1.12626632,
            0.0
        ]
    ],
    "comment": "Formic Acid Dimer ",
    "symbols": [
        "C",
        "H",
        "O",
        "O",
        "H",
        "C",
        "H",
        "O",
        "O",
        "H"
    ],
    "name": "FaOOFaOO",
    "masses": [
        12,
        1.00782503207,
        15.99491461956,
        15.99491461956,
        1.00782503207,
        12,
        1.00782503207,
        15.99491461956,
        15.99491461956,
        1.00782503207
    ],
    "charge": 0.0
}