{
    "real": [
        true,
        true,
        true,
        true,
        true,
        true,
        true,
        true,
        true,
        true,
        true
    ],
    "fragment_charges": [
        0.0,
        0.0
    ],
    "multiplicity": 1,
    "provenance": {
        "tag": "HBC Research"
    },
    "fragments": [
        [
            0,
            1,
            2,
            3,
            4
        ],
        [
            5,
            6,
            7,
            8,
            9,
            10
        ]
    ],
    "fragment_multiplicities": [
        1,
        1
    ],
    "geometry": [
        [
            -2.6685036586378166,
            0.1851482476768892,
            0.0
        ],
        [
            -3.7718112486378166,
            0.2570253676768892,
            0.0
        ],
        [
            -1.9123442686378165,
            1.1402829576768891,
            0.0
        ],
        [
            -2.2805067886378168,
            -1.1136737623231105,
            0.0
        ],
        [
            -1.3031499186378164,
            -1.1255008523231105,
            0.0
        ],
        [
            2.720074451362183,
            -0.16590118232311074,
            0.0
        ],
        [
            3.830203331362183,
            -0.23822269232311077,
            0.0
        ],
        [
            1.9893506913621835,
            -1.1573007923231107,
            0.0
        ],
        [
            2.262532221362183,
            1.1241359276768892,
            0.0
        ],
        [
            1.2611005813621834,
            1.2973982276768894,
            0.0
        ],
        [
            2.904347331362183,
            1.9058862776768892,
            0.0
        ]
    ],
    "comment": "Formic Acid-Formamide Complex ",
    "symbols": [
        "C",
        "H",
        "O",
        "O",
        "H",
        "C",
        "H",
        "O",
        "N",
        "H",
        "H"
    ],
    "name": "FaOOFaON",
    "masses": [
        12,
        1.00782503207,
        15.99491461956,
        15.99491461956,
        1.00782503207,
        12,
        1.00782503207,
        15.99491461956,
        14.00307400478,
        1.00782503207,
        1.00782503207
    ],
    "charge": 0.0
}