{
    "masses": [
        12,
        1.00782503207,
        15.99491461956,
        14.00307400478,
        1.00782503207,
        1.00782503207,
        12,
        1.00782503207,
        15.99491461956,
        14.00307400478,
        1.00782503207,
        1.00782503207
    ],
    "multiplicity": 0.0,
    "geometry": [
        [
            2.1460751,
            -0.12985844999999993,
            0.0
        ],
        [
            3.25466017,
            -0.19693864999999988,
            0.0
        ],
        [
            1.45130851,
            -1.1589000199999997,
            0.0
        ],
        [
            1.63157574,
            1.12717703,
            0.0
        ],
        [
            0.6124448899999999,
            1.2473213,
            0.0
        ],
        [
            2.24305687,
            1.93302516,
            0.0
        ],
        [
            -2.1460751,
            0.12985844999999993,
            0.0
        ],
        [
            -3.25466017,
            0.19693864999999988,
            0.0
        ],
        [
            -1.45130851,
            1.1589000199999997,
            0.0
        ],
        [
            -1.63157574,
            -1.12717703,
            0.0
        ],
        [
            -0.6124448899999999,
            -1.2473213,
            0.0
        ],
        [
            -2.24305687,
            -1.93302516,
            0.0
        ]
    ],
    "fragment_multiplicities": [
        1.0,
        1.0
    ],
    "fragments": [
        [
            0,
            1,
            2,
            3,
            4,
            5
        ],
        [
            6,
            7,
            8,
            9,
            10,
            11
        ]
    ],
    "name": "FaONFaON",
    "fragment_charges": [
        0.0,
        0.0
    ],
    "charge": 0.0,
    "ghost": [
        true,
        true,
        true,
        true,
        true,
        true,
        false,
        false,
        false,
        false,
        false,
        false
    ],
    "comment": "Formamide Dimer ",
    "provenance": {
        "tag": "HBC Research"
    },
    "symbols": [
        "C",
        "H",
        "O",
        "N",
        "H",
        "H",
        "C",
        "H",
        "O",
        "N",
        "H",
        "H"
    ]
}