{
    "masses": [
        12,
        1.00782503207,
        15.99491461956,
        15.99491461956,
        1.00782503207,
        12,
        1.00782503207,
        15.99491461956,
        15.99491461956,
        1.00782503207
    ],
    "multiplicity": 0.0,
    "geometry": [
        [
            2.14005789,
            -0.2065279499999999,
            0.0
        ],
        [
            3.2392187899999993,
            -0.3126033299999998,
            0.0
        ],
        [
            1.3637922899999997,
            -1.1553766799999996,
            0.0
        ],
        [
            1.76438167,
            1.08605925,
            0.0
        ],
        [
            0.78011615,
            1.11617462,
            0.0
        ],
        [
            -2.14005789,
            0.2065279499999999,
            0.0
        ],
        [
            -3.2392187899999993,
            0.3126033299999998,
            0.0
        ],
        [
            -1.3637922899999997,
            1.1553766799999996,
            0.0
        ],
        [
            -1.76438167,
            -1.08605925,
            0.0
        ],
        [
            -0.78011615,
            -1.11617462,
            0.0
        ]
    ],
    "fragment_multiplicities": [
        1.0,
        1.0
    ],
    "fragments": [
        [
            0,
            1,
            2,
            3,
            4
        ],
        [
            5,
            6,
            7,
            8,
            9
        ]
    ],
    "name": "FaOOFaOO",
    "fragment_charges": [
        0.0,
        0.0
    ],
    "charge": 0.0,
    "ghost": [
        true,
        true,
        true,
        true,
        true,
        false,
        false,
        false,
        false,
        false
    ],
    "comment": "Formic Acid Dimer ",
    "provenance": {
        "tag": "HBC Research"
    },
    "symbols": [
        "C",
        "H",
        "O",
        "O",
        "H",
        "C",
        "H",
        "O",
        "O",
        "H"
    ]
}