{
    "masses": [
        12,
        1.00782503207,
        15.99491461956,
        14.00307400478,
        1.00782503207,
        1.00782503207,
        12,
        1.00782503207,
        14.00307400478,
        1.00782503207,
        14.00307400478,
        1.00782503207,
        1.00782503207
    ],
    "multiplicity": 0.0,
    "geometry": [
        [
            -4.9405145908316275,
            0.1256196904363291,
            0.0
        ],
        [
            -6.053856550831627,
            0.1531177104363291,
            0.0
        ],
        [
            -4.251798260831628,
            1.1420613804363289,
            0.0
        ],
        [
            -4.441954450831628,
            -1.152185999563671,
            0.0
        ],
        [
            -3.437691450831628,
            -1.2925600895636709,
            0.0
        ],
        [
            -5.058601830831628,
            -1.9538073695636706,
            0.0
        ],
        [
            5.056438369168372,
            -0.12129135956367088,
            0.0
        ],
        [
            6.161130029168371,
            -0.14857572956367088,
            0.0
        ],
        [
            4.288760969168372,
            -1.165802349563671,
            0.0
        ],
        [
            4.870888439168372,
            -2.009978529563671,
            0.0
        ],
        [
            4.539359519168372,
            1.1543407804363288,
            0.0
        ],
        [
            3.5342548791683717,
            1.2783066104363288,
            0.0
        ],
        [
            5.139788509168372,
            1.9647447304363288,
            0.0
        ]
    ],
    "fragment_multiplicities": [
        1.0,
        1.0
    ],
    "fragments": [
        [
            0,
            1,
            2,
            3,
            4,
            5
        ],
        [
            6,
            7,
            8,
            9,
            10,
            11,
            12
        ]
    ],
    "name": "FaONFaNN",
    "fragment_charges": [
        0.0,
        0.0
    ],
    "charge": 0.0,
    "ghost": [
        true,
        true,
        true,
        true,
        true,
        true,
        false,
        false,
        false,
        false,
        false,
        false,
        false
    ],
    "comment": "Formamide-Formamidine Complex ",
    "provenance": {
        "tag": "HBC Research"
    },
    "symbols": [
        "C",
        "H",
        "O",
        "N",
        "H",
        "H",
        "C",
        "H",
        "N",
        "H",
        "N",
        "H",
        "H"
    ]
}