{
    "masses": [
        12,
        1.00782503207,
        15.99491461956,
        15.99491461956,
        1.00782503207,
        12,
        1.00782503207,
        15.99491461956,
        15.99491461956,
        1.00782503207
    ],
    "multiplicity": 0.0,
    "geometry": [
        [
            1.93997588,
            -0.19747118999999994,
            0.0
        ],
        [
            3.0387644299999996,
            -0.3093174599999999,
            0.0
        ],
        [
            1.1837218,
            -1.16964417,
            0.0
        ],
        [
            1.5648500199999997,
            1.08053745,
            0.0
        ],
        [
            0.57046128,
            1.12083453,
            0.0
        ],
        [
            -1.93997588,
            0.19747118999999994,
            0.0
        ],
        [
            -3.0387644299999996,
            0.3093174599999999,
            0.0
        ],
        [
            -1.1837218,
            1.16964417,
            0.0
        ],
        [
            -1.5648500199999997,
            -1.08053745,
            0.0
        ],
        [
            -0.5704612799999997,
            -1.12083453,
            0.0
        ]
    ],
    "fragment_multiplicities": [
        1.0,
        1.0
    ],
    "fragments": [
        [
            0,
            1,
            2,
            3,
            4
        ],
        [
            5,
            6,
            7,
            8,
            9
        ]
    ],
    "name": "FaOOFaOO",
    "fragment_charges": [
        0.0,
        0.0
    ],
    "charge": 0.0,
    "ghost": [
        false,
        false,
        false,
        false,
        false,
        true,
        true,
        true,
        true,
        true
    ],
    "comment": "Formic Acid Dimer ",
    "provenance": {
        "tag": "HBC Research"
    },
    "symbols": [
        "C",
        "H",
        "O",
        "O",
        "H",
        "C",
        "H",
        "O",
        "O",
        "H"
    ]
}