{
    "masses": [
        12,
        1.00782503207,
        15.99491461956,
        15.99491461956,
        1.00782503207,
        12,
        1.00782503207,
        15.99491461956,
        15.99491461956,
        1.00782503207
    ],
    "multiplicity": 0.0,
    "geometry": [
        [
            1.79035823,
            -0.18606049999999988,
            0.0
        ],
        [
            2.8908721399999995,
            -0.3004298799999999,
            0.0
        ],
        [
            1.07568931,
            -1.1942594299999998,
            0.0
        ],
        [
            1.44185816,
            1.08049605,
            0.0
        ],
        [
            0.43274661000000003,
            1.1504533,
            0.0
        ],
        [
            -1.79035823,
            0.18606049999999988,
            0.0
        ],
        [
            -2.8908721399999995,
            0.3004298799999999,
            0.0
        ],
        [
            -1.07568931,
            1.1942594299999998,
            0.0
        ],
        [
            -1.44185816,
            -1.08049605,
            0.0
        ],
        [
            -0.43274661000000003,
            -1.1504533,
            0.0
        ]
    ],
    "fragment_multiplicities": [
        1.0,
        1.0
    ],
    "fragments": [
        [
            0,
            1,
            2,
            3,
            4
        ],
        [
            5,
            6,
            7,
            8,
            9
        ]
    ],
    "name": "FaOOFaOO",
    "fragment_charges": [
        0.0,
        0.0
    ],
    "charge": 0.0,
    "ghost": [
        false,
        false,
        false,
        false,
        false,
        false,
        false,
        false,
        false,
        false
    ],
    "comment": "Formic Acid Dimer ",
    "provenance": {
        "tag": "HBC Research"
    },
    "symbols": [
        "C",
        "H",
        "O",
        "O",
        "H",
        "C",
        "H",
        "O",
        "O",
        "H"
    ]
}