{
    "masses": [
        12,
        1.00782503207,
        15.99491461956,
        14.00307400478,
        1.00782503207,
        1.00782503207,
        12,
        1.00782503207,
        15.99491461956,
        14.00307400478,
        1.00782503207,
        1.00782503207
    ],
    "multiplicity": 0.0,
    "geometry": [
        [
            1.73857937,
            -0.19960659999999988,
            0.0
        ],
        [
            2.849723309999999,
            -0.3271772199999999,
            0.0
        ],
        [
            1.0744139199999998,
            -1.24725582,
            0.0
        ],
        [
            1.42842301,
            1.1019247799999998,
            0.0
        ],
        [
            0.43552514,
            1.39016691,
            0.0
        ],
        [
            2.20654586,
            1.74794356,
            0.0
        ],
        [
            -1.73857937,
            0.19960659999999988,
            0.0
        ],
        [
            -2.849723309999999,
            0.3271772199999999,
            0.0
        ],
        [
            -1.0744139199999998,
            1.24725582,
            0.0
        ],
        [
            -1.42842301,
            -1.1019247799999998,
            0.0
        ],
        [
            -0.43552514,
            -1.39016691,
            0.0
        ],
        [
            -2.20654586,
            -1.74794356,
            0.0
        ]
    ],
    "fragment_multiplicities": [
        1.0,
        1.0
    ],
    "fragments": [
        [
            0,
            1,
            2,
            3,
            4,
            5
        ],
        [
            6,
            7,
            8,
            9,
            10,
            11
        ]
    ],
    "name": "FaONFaON",
    "fragment_charges": [
        0.0,
        0.0
    ],
    "charge": 0.0,
    "ghost": [
        true,
        true,
        true,
        true,
        true,
        true,
        false,
        false,
        false,
        false,
        false,
        false
    ],
    "comment": "Formamide Dimer ",
    "provenance": {
        "tag": "HBC Research"
    },
    "symbols": [
        "C",
        "H",
        "O",
        "N",
        "H",
        "H",
        "C",
        "H",
        "O",
        "N",
        "H",
        "H"
    ]
}