{
    "real": [
        false,
        false,
        false,
        false,
        false,
        false,
        true,
        true,
        true,
        true,
        true,
        true
    ],
    "fragment_charges": [
        0.0,
        0.0
    ],
    "multiplicity": 1,
    "provenance": {
        "tag": "HBC Research"
    },
    "fragments": [
        [
            0,
            1,
            2,
            3,
            4,
            5
        ],
        [
            6,
            7,
            8,
            9,
            10,
            11
        ]
    ],
    "fragment_multiplicities": [
        1,
        1
    ],
    "geometry": [
        [
            3.99775075,
            -0.1341428999999999,
            0.0
        ],
        [
            5.11067288,
            -0.17148654999999982,
            0.0
        ],
        [
            3.30011621,
            -1.1451476899999997,
            0.0
        ],
        [
            3.51015001,
            1.14724727,
            0.0
        ],
        [
            2.50709338,
            1.2972688199999998,
            0.0
        ],
        [
            4.13374763,
            1.9435167,
            0.0
        ],
        [
            -3.99775075,
            0.1341428999999999,
            0.0
        ],
        [
            -5.11067288,
            0.17148654999999982,
            0.0
        ],
        [
            -3.30011621,
            1.1451476899999997,
            0.0
        ],
        [
            -3.51015001,
            -1.14724727,
            0.0
        ],
        [
            -2.50709338,
            -1.2972688199999998,
            0.0
        ],
        [
            -4.13374763,
            -1.9435167,
            0.0
        ]
    ],
    "comment": "Formamide Dimer ",
    "symbols": [
        "C",
        "H",
        "O",
        "N",
        "H",
        "H",
        "C",
        "H",
        "O",
        "N",
        "H",
        "H"
    ],
    "name": "FaONFaON",
    "masses": [
        12,
        1.00782503207,
        15.99491461956,
        14.00307400478,
        1.00782503207,
        1.00782503207,
        12,
        1.00782503207,
        15.99491461956,
        14.00307400478,
        1.00782503207,
        1.00782503207
    ],
    "charge": 0.0
}