{
    "masses": [
        12,
        1.00782503207,
        15.99491461956,
        15.99491461956,
        1.00782503207,
        12,
        1.00782503207,
        15.99491461956,
        14.00307400478,
        1.00782503207,
        1.00782503207
    ],
    "multiplicity": 0.0,
    "geometry": [
        [
            -3.9586629301769,
            0.16221563896748833,
            0.0
        ],
        [
            -5.0639733501769,
            0.20411776896748834,
            0.0
        ],
        [
            -3.2221099501768995,
            1.1285507789674882,
            0.0
        ],
        [
            -3.5482317001768995,
            -1.1342928610325118,
            0.0
        ],
        [
            -2.5735755301768997,
            -1.1198499710325118,
            0.0
        ],
        [
            4.035595979823101,
            -0.14084533103251168,
            0.0
        ],
        [
            5.1483323898231,
            -0.18302898103251167,
            0.0
        ],
        [
            3.3311420998231,
            -1.1467762610325114,
            0.0
        ],
        [
            3.5565174698231,
            1.1442253289674882,
            0.0
        ],
        [
            2.5546879198231,
            1.3011482289674885,
            0.0
        ],
        [
            4.185593099823101,
            1.9361953189674883,
            0.0
        ]
    ],
    "fragment_multiplicities": [
        1.0,
        1.0
    ],
    "fragments": [
        [
            0,
            1,
            2,
            3,
            4
        ],
        [
            5,
            6,
            7,
            8,
            9,
            10
        ]
    ],
    "name": "FaOOFaON",
    "fragment_charges": [
        0.0,
        0.0
    ],
    "charge": 0.0,
    "ghost": [
        false,
        false,
        false,
        false,
        false,
        false,
        false,
        false,
        false,
        false,
        false
    ],
    "comment": "Formic Acid-Formamide Complex ",
    "provenance": {
        "tag": "HBC Research"
    },
    "symbols": [
        "C",
        "H",
        "O",
        "O",
        "H",
        "C",
        "H",
        "O",
        "N",
        "H",
        "H"
    ]
}