{
    "real": [
        false,
        false,
        false,
        false,
        false,
        true,
        true,
        true,
        true,
        true,
        true
    ],
    "fragment_charges": [
        0.0,
        0.0
    ],
    "multiplicity": 1,
    "provenance": {
        "tag": "HBC Research"
    },
    "fragments": [
        [
            0,
            1,
            2,
            3,
            4
        ],
        [
            5,
            6,
            7,
            8,
            9,
            10
        ]
    ],
    "fragment_multiplicities": [
        1,
        1
    ],
    "geometry": [
        [
            -1.6844264294053763,
            0.2036469298822145,
            0.0
        ],
        [
            -2.789172699405376,
            0.3419006998822145,
            0.0
        ],
        [
            -1.0250458794053763,
            1.2448638998822146,
            0.0
        ],
        [
            -1.3876606194053764,
            -1.0642479801177855,
            0.0
        ],
        [
            -0.3606475794053764,
            -1.1775906001177856,
            0.0
        ],
        [
            1.6892585705946235,
            -0.21855377011778548,
            0.0
        ],
        [
            2.7960298405946236,
            -0.35706095011778544,
            0.0
        ],
        [
            0.9926477205946236,
            -1.2503959801177853,
            0.0
        ],
        [
            1.4462348805946235,
            1.0949158598822144,
            0.0
        ],
        [
            0.4772853605946235,
            1.4419976898822144,
            0.0
        ],
        [
            2.261838920594623,
            1.6932877598822142,
            0.0
        ]
    ],
    "comment": "Formic Acid-Formamide Complex ",
    "symbols": [
        "C",
        "H",
        "O",
        "O",
        "H",
        "C",
        "H",
        "O",
        "N",
        "H",
        "H"
    ],
    "name": "FaOOFaON",
    "masses": [
        12,
        1.00782503207,
        15.99491461956,
        15.99491461956,
        1.00782503207,
        12,
        1.00782503207,
        15.99491461956,
        14.00307400478,
        1.00782503207,
        1.00782503207
    ],
    "charge": 0.0
}