{
    "masses": [
        12,
        1.00782503207,
        15.99491461956,
        14.00307400478,
        1.00782503207,
        1.00782503207,
        12,
        1.00782503207,
        15.99491461956,
        14.00307400478,
        1.00782503207,
        1.00782503207
    ],
    "multiplicity": 0.0,
    "geometry": [
        [
            4.99839541,
            -0.12669526999999986,
            0.0
        ],
        [
            6.11168302,
            -0.15491397999999978,
            0.0
        ],
        [
            4.308036639999999,
            -1.14211866,
            0.0
        ],
        [
            4.50192844,
            1.1518762300000003,
            0.0
        ],
        [
            3.4980061,
            1.2943606499999998,
            0.0
        ],
        [
            5.1199848,
            1.95244688,
            0.0
        ],
        [
            -4.99839541,
            0.12669526999999986,
            0.0
        ],
        [
            -6.11168302,
            0.15491397999999978,
            0.0
        ],
        [
            -4.308036639999999,
            1.14211866,
            0.0
        ],
        [
            -4.50192844,
            -1.1518762300000003,
            0.0
        ],
        [
            -3.4980061,
            -1.2943606499999998,
            0.0
        ],
        [
            -5.1199848,
            -1.95244688,
            0.0
        ]
    ],
    "fragment_multiplicities": [
        1.0,
        1.0
    ],
    "fragments": [
        [
            0,
            1,
            2,
            3,
            4,
            5
        ],
        [
            6,
            7,
            8,
            9,
            10,
            11
        ]
    ],
    "name": "FaONFaON",
    "fragment_charges": [
        0.0,
        0.0
    ],
    "charge": 0.0,
    "ghost": [
        true,
        true,
        true,
        true,
        true,
        true,
        false,
        false,
        false,
        false,
        false,
        false
    ],
    "comment": "Formamide Dimer ",
    "provenance": {
        "tag": "HBC Research"
    },
    "symbols": [
        "C",
        "H",
        "O",
        "N",
        "H",
        "H",
        "C",
        "H",
        "O",
        "N",
        "H",
        "H"
    ]
}