{
    "masses": [
        12,
        1.00782503207,
        15.99491461956,
        15.99491461956,
        1.00782503207,
        12,
        1.00782503207,
        15.99491461956,
        14.00307400478,
        1.00782503207,
        1.00782503207
    ],
    "multiplicity": 0.0,
    "geometry": [
        [
            -1.733485820783059,
            0.18223354864773475,
            0.0
        ],
        [
            -2.837970960783059,
            0.30364159864773477,
            0.0
        ],
        [
            -1.076532820783059,
            1.2259457486477348,
            0.0
        ],
        [
            -1.387527570783059,
            -1.0770145313522654,
            0.0
        ],
        [
            -0.36204548078305926,
            -1.1533146713522653,
            0.0
        ],
        [
            1.7455592092169407,
            -0.2001926813522652,
            0.0
        ],
        [
            2.85267993921694,
            -0.3218904513522652,
            0.0
        ],
        [
            1.0395869192169407,
            -1.226278751352265,
            0.0
        ],
        [
            1.4480975892169408,
            1.1034856286477346,
            0.0
        ],
        [
            0.4624691492169407,
            1.4038986286477346,
            0.0
        ],
        [
            2.2281641792169404,
            1.7475725486477347,
            0.0
        ]
    ],
    "fragment_multiplicities": [
        1.0,
        1.0
    ],
    "fragments": [
        [
            0,
            1,
            2,
            3,
            4
        ],
        [
            5,
            6,
            7,
            8,
            9,
            10
        ]
    ],
    "name": "FaOOFaON",
    "fragment_charges": [
        0.0,
        0.0
    ],
    "charge": 0.0,
    "ghost": [
        false,
        false,
        false,
        false,
        false,
        false,
        false,
        false,
        false,
        false,
        false
    ],
    "comment": "Formic Acid-Formamide Complex ",
    "provenance": {
        "tag": "HBC Research"
    },
    "symbols": [
        "C",
        "H",
        "O",
        "O",
        "H",
        "C",
        "H",
        "O",
        "N",
        "H",
        "H"
    ]
}