{
    "real": [
        false,
        false,
        false,
        false,
        false,
        false,
        true,
        true,
        true,
        true,
        true,
        true,
        true
    ],
    "fragment_charges": [
        0.0,
        0.0
    ],
    "multiplicity": 1,
    "provenance": {
        "tag": "HBC Research"
    },
    "fragments": [
        [
            0,
            1,
            2,
            3,
            4,
            5
        ],
        [
            6,
            7,
            8,
            9,
            10,
            11,
            12
        ]
    ],
    "fragment_multiplicities": [
        1,
        1
    ],
    "geometry": [
        [
            -2.468911562208974,
            0.1260781179165844,
            0.0
        ],
        [
            -3.579183672208974,
            0.18293781791658442,
            0.0
        ],
        [
            -1.7810021322089737,
            1.1528397879165846,
            0.0
        ],
        [
            -1.9418512022089738,
            -1.1332198120834154,
            0.0
        ],
        [
            -0.9256468022089738,
            -1.2416369420834155,
            0.0
        ],
        [
            -2.539229122208974,
            -1.9492481220834152,
            0.0
        ],
        [
            2.5245453777910263,
            -0.12964879208341556,
            0.0
        ],
        [
            3.626614337791026,
            -0.18608839208341557,
            0.0
        ],
        [
            1.744842817791026,
            -1.1745202020834153,
            0.0
        ],
        [
            2.3237634077910263,
            -2.0208324220834153,
            0.0
        ],
        [
            2.003672067791026,
            1.1383215379165843,
            0.0
        ],
        [
            0.9929378177910261,
            1.2586059479165845,
            0.0
        ],
        [
            2.6016999677910264,
            1.9506834079165845,
            0.0
        ]
    ],
    "comment": "Formamide-Formamidine Complex ",
    "symbols": [
        "C",
        "H",
        "O",
        "N",
        "H",
        "H",
        "C",
        "H",
        "N",
        "H",
        "N",
        "H",
        "H"
    ],
    "name": "FaONFaNN",
    "masses": [
        12,
        1.00782503207,
        15.99491461956,
        14.00307400478,
        1.00782503207,
        1.00782503207,
        12,
        1.00782503207,
        14.00307400478,
        1.00782503207,
        14.00307400478,
        1.00782503207,
        1.00782503207
    ],
    "charge": 0.0
}