{
    "masses": [
        12,
        1.00782503207,
        15.99491461956,
        15.99491461956,
        1.00782503207,
        12,
        1.00782503207,
        15.99491461956,
        14.00307400478,
        1.00782503207,
        1.00782503207
    ],
    "multiplicity": 0.0,
    "geometry": [
        [
            -2.173482833066989,
            0.17454731962152836,
            0.0
        ],
        [
            -3.2745848530669885,
            0.26172857962152835,
            0.0
        ],
        [
            -1.4390439730669884,
            1.1555143296215284,
            0.0
        ],
        [
            -1.7479115930669884,
            -1.1016198003784716,
            0.0
        ],
        [
            -0.7613483630669886,
            -1.0957740403784717,
            0.0
        ],
        [
            2.212790826933011,
            -0.17274192037847166,
            0.0
        ],
        [
            3.319917676933011,
            -0.2604002103784716,
            0.0
        ],
        [
            1.4626543269330112,
            -1.1595542803784715,
            0.0
        ],
        [
            1.7599968969330113,
            1.1119130396215284,
            0.0
        ],
        [
            0.7527921269330113,
            1.2818339696215284,
            0.0
        ],
        [
            2.4070884669330113,
            1.889428489621528,
            0.0
        ]
    ],
    "fragment_multiplicities": [
        1.0,
        1.0
    ],
    "fragments": [
        [
            0,
            1,
            2,
            3,
            4
        ],
        [
            5,
            6,
            7,
            8,
            9,
            10
        ]
    ],
    "name": "FaOOFaON",
    "fragment_charges": [
        0.0,
        0.0
    ],
    "charge": 0.0,
    "ghost": [
        false,
        false,
        false,
        false,
        false,
        true,
        true,
        true,
        true,
        true,
        true
    ],
    "comment": "Formic Acid-Formamide Complex ",
    "provenance": {
        "tag": "HBC Research"
    },
    "symbols": [
        "C",
        "H",
        "O",
        "O",
        "H",
        "C",
        "H",
        "O",
        "N",
        "H",
        "H"
    ]
}