{
    "real": [
        true,
        true,
        true,
        true,
        true,
        true,
        true,
        true,
        true,
        true,
        true,
        true,
        true
    ],
    "fragment_charges": [
        0.0,
        0.0
    ],
    "multiplicity": 1,
    "provenance": {
        "tag": "HBC Research"
    },
    "fragments": [
        [
            0,
            1,
            2,
            3,
            4,
            5
        ],
        [
            6,
            7,
            8,
            9,
            10,
            11,
            12
        ]
    ],
    "fragment_multiplicities": [
        1,
        1
    ],
    "geometry": [
        [
            -1.7316149278098667,
            0.1688542390019415,
            0.0
        ],
        [
            -2.8477440678098667,
            0.27229825900194143,
            0.0
        ],
        [
            -1.092032067809867,
            1.2334528290019413,
            0.0
        ],
        [
            -1.4093540178098667,
            -1.1270388409980583,
            0.0
        ],
        [
            -0.386634447809867,
            -1.4152292009980585,
            0.0
        ],
        [
            -2.1961881478098673,
            -1.7642175609980584,
            0.0
        ],
        [
            1.7534497021901332,
            -0.1541452309980585,
            0.0
        ],
        [
            2.8593223821901326,
            -0.2566386709980584,
            0.0
        ],
        [
            1.108883342190133,
            -1.2899539809980585,
            0.0
        ],
        [
            1.795134172190133,
            -2.0450161909980586,
            0.0
        ],
        [
            1.400871302190133,
            1.1393506790019416,
            0.0
        ],
        [
            0.401962562190133,
            1.4006502390019413,
            0.0
        ],
        [
            2.1561542721901334,
            1.8092314490019414,
            0.0
        ]
    ],
    "comment": "Formamide-Formamidine Complex ",
    "symbols": [
        "C",
        "H",
        "O",
        "N",
        "H",
        "H",
        "C",
        "H",
        "N",
        "H",
        "N",
        "H",
        "H"
    ],
    "name": "FaONFaNN",
    "masses": [
        12,
        1.00782503207,
        15.99491461956,
        14.00307400478,
        1.00782503207,
        1.00782503207,
        12,
        1.00782503207,
        14.00307400478,
        1.00782503207,
        14.00307400478,
        1.00782503207,
        1.00782503207
    ],
    "charge": 0.0
}