{
    "masses": [
        12,
        1.00782503207,
        15.99491461956,
        15.99491461956,
        1.00782503207,
        12,
        1.00782503207,
        14.00307400478,
        1.00782503207,
        14.00307400478,
        1.00782503207,
        1.00782503207
    ],
    "multiplicity": 0.0,
    "geometry": [
        [
            -2.2468022524354705,
            0.16448459881838268,
            0.0
        ],
        [
            -3.34889590243547,
            0.24405205881838268,
            0.0
        ],
        [
            -1.5240893424354702,
            1.1534392588183822,
            0.0
        ],
        [
            -1.8018170924354706,
            -1.1065391211816173,
            0.0
        ],
        [
            -0.8127443424354706,
            -1.083251571181617,
            0.0
        ],
        [
            2.3412567575645293,
            -0.16675788118161733,
            0.0
        ],
        [
            3.4415240475645295,
            -0.24619349118161732,
            0.0
        ],
        [
            1.5118133375645295,
            -1.1744128011816175,
            0.0
        ],
        [
            2.0387318675645294,
            -2.053115861181617,
            0.0
        ],
        [
            1.8693078475645293,
            1.1194564388183825,
            0.0
        ],
        [
            0.8629315175645295,
            1.2777956688183827,
            0.0
        ],
        [
            2.4998658275645287,
            1.9070245088183824,
            0.0
        ]
    ],
    "fragment_multiplicities": [
        1.0,
        1.0
    ],
    "fragments": [
        [
            0,
            1,
            2,
            3,
            4
        ],
        [
            5,
            6,
            7,
            8,
            9,
            10,
            11
        ]
    ],
    "name": "FaOOFaNN",
    "fragment_charges": [
        0.0,
        0.0
    ],
    "charge": 0.0,
    "ghost": [
        false,
        false,
        false,
        false,
        false,
        false,
        false,
        false,
        false,
        false,
        false,
        false
    ],
    "comment": "Formic Acid-Formamidine Complex ",
    "provenance": {
        "tag": "HBC Research"
    },
    "symbols": [
        "C",
        "H",
        "O",
        "O",
        "H",
        "C",
        "H",
        "N",
        "H",
        "N",
        "H",
        "H"
    ]
}