{
    "real": [
        false,
        false,
        false,
        false,
        false,
        true,
        true,
        true,
        true,
        true
    ],
    "fragment_charges": [
        0.0,
        0.0
    ],
    "multiplicity": 1,
    "provenance": {
        "tag": "HBC Research"
    },
    "fragments": [
        [
            0,
            1,
            2,
            3,
            4
        ],
        [
            5,
            6,
            7,
            8,
            9
        ]
    ],
    "fragment_multiplicities": [
        1,
        1
    ],
    "geometry": [
        [
            1.6914726199999999,
            -0.1700627999999999,
            0.0
        ],
        [
            2.795001989999999,
            -0.2810130499999999,
            0.0
        ],
        [
            1.02814129,
            -1.21720864,
            0.0
        ],
        [
            1.36966587,
            1.0886068100000001,
            0.0
        ],
        [
            0.3438074499999999,
            1.18798183,
            0.0
        ],
        [
            -1.6914726199999999,
            0.1700627999999999,
            0.0
        ],
        [
            -2.795001989999999,
            0.2810130499999999,
            0.0
        ],
        [
            -1.02814129,
            1.21720864,
            0.0
        ],
        [
            -1.36966587,
            -1.0886068100000001,
            0.0
        ],
        [
            -0.3438074499999999,
            -1.18798183,
            0.0
        ]
    ],
    "comment": "Formic Acid Dimer ",
    "symbols": [
        "C",
        "H",
        "O",
        "O",
        "H",
        "C",
        "H",
        "O",
        "O",
        "H"
    ],
    "name": "FaOOFaOO",
    "masses": [
        12,
        1.00782503207,
        15.99491461956,
        15.99491461956,
        1.00782503207,
        12,
        1.00782503207,
        15.99491461956,
        15.99491461956,
        1.00782503207
    ],
    "charge": 0.0
}