{
    "real": [
        true,
        true,
        true,
        true,
        true,
        true,
        true,
        true,
        true,
        true,
        true,
        true,
        true
    ],
    "fragment_charges": [
        0.0,
        0.0
    ],
    "multiplicity": 1,
    "provenance": {
        "tag": "HBC Research"
    },
    "fragments": [
        [
            0,
            1,
            2,
            3,
            4,
            5
        ],
        [
            6,
            7,
            8,
            9,
            10,
            11,
            12
        ]
    ],
    "fragment_multiplicities": [
        1,
        1
    ],
    "geometry": [
        [
            -1.8772029596270519,
            0.1303731599954591,
            0.0
        ],
        [
            -2.990248799627052,
            0.2023102599954591,
            0.0
        ],
        [
            -1.2198438196270522,
            1.1865051799954591,
            0.0
        ],
        [
            -1.439641869627052,
            -1.1380307800045408,
            0.0
        ],
        [
            -0.40644180962705223,
            -1.330862530004541,
            0.0
        ],
        [
            -2.138687379627052,
            -1.8702971700045405,
            0.0
        ],
        [
            1.9148858803729478,
            -0.11471276000454086,
            0.0
        ],
        [
            3.0188214103729476,
            -0.1860610500045409,
            0.0
        ],
        [
            1.2340412003729475,
            -1.2307146700045408,
            0.0
        ],
        [
            1.8892324703729475,
            -2.015047410004541,
            0.0
        ],
        [
            1.431872440372948,
            1.1433856099954591,
            0.0
        ],
        [
            0.41107420037294784,
            1.2987870599954592,
            0.0
        ],
        [
            2.0891229503729476,
            1.9095857299954593,
            0.0
        ]
    ],
    "comment": "Formamide-Formamidine Complex ",
    "symbols": [
        "C",
        "H",
        "O",
        "N",
        "H",
        "H",
        "C",
        "H",
        "N",
        "H",
        "N",
        "H",
        "H"
    ],
    "name": "FaONFaNN",
    "masses": [
        12,
        1.00782503207,
        15.99491461956,
        14.00307400478,
        1.00782503207,
        1.00782503207,
        12,
        1.00782503207,
        14.00307400478,
        1.00782503207,
        14.00307400478,
        1.00782503207,
        1.00782503207
    ],
    "charge": 0.0
}