{
    "masses": [
        12,
        1.00782503207,
        14.00307400478,
        1.00782503207,
        14.00307400478,
        1.00782503207,
        1.00782503207,
        12,
        1.00782503207,
        14.00307400478,
        1.00782503207,
        14.00307400478,
        1.00782503207,
        1.00782503207
    ],
    "multiplicity": 0.0,
    "geometry": [
        [
            3.1974067299999995,
            -0.12881635999999988,
            0.0
        ],
        [
            4.301203669999999,
            -0.17328585999999982,
            0.0
        ],
        [
            2.4258102499999996,
            -1.1730522999999997,
            0.0
        ],
        [
            3.0090500300000005,
            -2.01668226,
            0.0
        ],
        [
            2.6826763599999994,
            1.14568753,
            0.0
        ],
        [
            1.67620388,
            1.2707127700000003,
            0.0
        ],
        [
            3.28436882,
            1.9550827,
            0.0
        ],
        [
            -3.1974067299999995,
            0.12881635999999988,
            0.0
        ],
        [
            -4.301203669999999,
            0.17328585999999982,
            0.0
        ],
        [
            -2.4258102499999996,
            1.1730522999999997,
            0.0
        ],
        [
            -3.0090500300000005,
            2.01668226,
            0.0
        ],
        [
            -2.6826763599999994,
            -1.14568753,
            0.0
        ],
        [
            -1.67620388,
            -1.2707127700000003,
            0.0
        ],
        [
            -3.28436882,
            -1.9550827,
            0.0
        ]
    ],
    "fragment_multiplicities": [
        1.0,
        1.0
    ],
    "fragments": [
        [
            0,
            1,
            2,
            3,
            4,
            5,
            6
        ],
        [
            7,
            8,
            9,
            10,
            11,
            12,
            13
        ]
    ],
    "name": "FaNNFaNN",
    "fragment_charges": [
        0.0,
        0.0
    ],
    "charge": 0.0,
    "ghost": [
        false,
        false,
        false,
        false,
        false,
        false,
        false,
        true,
        true,
        true,
        true,
        true,
        true,
        true
    ],
    "comment": "Formamidine Dimer ",
    "provenance": {
        "tag": "HBC Research"
    },
    "symbols": [
        "C",
        "H",
        "N",
        "H",
        "N",
        "H",
        "H",
        "C",
        "H",
        "N",
        "H",
        "N",
        "H",
        "H"
    ]
}