{
    "masses": [
        12,
        1.00782503207,
        15.99491461956,
        15.99491461956,
        1.00782503207,
        12,
        1.00782503207,
        15.99491461956,
        14.00307400478,
        1.00782503207,
        1.00782503207
    ],
    "multiplicity": 0.0,
    "geometry": [
        [
            -1.9286205000164236,
            0.1611936889441208,
            0.0
        ],
        [
            -3.0301164400164238,
            0.2579026189441208,
            0.0
        ],
        [
            -1.2374313000164239,
            1.1802806989441208,
            0.0
        ],
        [
            -1.4923699800164238,
            -1.0927417510558792,
            0.0
        ],
        [
            -0.48861382001642395,
            -1.0931312910558793,
            0.0
        ],
        [
            1.9564350199835758,
            -0.17990567105587918,
            0.0
        ],
        [
            3.062747859983576,
            -0.27703752105587914,
            0.0
        ],
        [
            1.2052134099835758,
            -1.1726450510558792,
            0.0
        ],
        [
            1.5500058299835762,
            1.107959228944121,
            0.0
        ],
        [
            0.5444054199835759,
            1.3146381489441208,
            0.0
        ],
        [
            2.240386199983576,
            1.8474760989441206,
            0.0
        ]
    ],
    "fragment_multiplicities": [
        1.0,
        1.0
    ],
    "fragments": [
        [
            0,
            1,
            2,
            3,
            4
        ],
        [
            5,
            6,
            7,
            8,
            9,
            10
        ]
    ],
    "name": "FaOOFaON",
    "fragment_charges": [
        0.0,
        0.0
    ],
    "charge": 0.0,
    "ghost": [
        true,
        true,
        true,
        true,
        true,
        false,
        false,
        false,
        false,
        false,
        false
    ],
    "comment": "Formic Acid-Formamide Complex ",
    "provenance": {
        "tag": "HBC Research"
    },
    "symbols": [
        "C",
        "H",
        "O",
        "O",
        "H",
        "C",
        "H",
        "O",
        "N",
        "H",
        "H"
    ]
}