{
    "real": [
        false,
        false,
        false,
        false,
        false,
        false,
        false,
        true,
        true,
        true,
        true,
        true,
        true,
        true
    ],
    "fragment_charges": [
        0.0,
        0.0
    ],
    "multiplicity": 1,
    "provenance": {
        "tag": "HBC Research"
    },
    "fragments": [
        [
            0,
            1,
            2,
            3,
            4,
            5,
            6
        ],
        [
            7,
            8,
            9,
            10,
            11,
            12,
            13
        ]
    ],
    "fragment_multiplicities": [
        1,
        1
    ],
    "geometry": [
        [
            1.99727808,
            -0.10431488999999994,
            0.0
        ],
        [
            3.10176903,
            -0.1620008199999999,
            0.0
        ],
        [
            1.29228783,
            -1.20609151,
            0.0
        ],
        [
            1.9309074700000004,
            -2.00517101,
            0.0
        ],
        [
            1.49059653,
            1.1493416900000002,
            0.0
        ],
        [
            0.45949689999999993,
            1.29156428,
            0.0
        ],
        [
            2.13289668,
            1.9286759099999997,
            0.0
        ],
        [
            -1.99727808,
            0.10431488999999994,
            0.0
        ],
        [
            -3.10176903,
            0.1620008199999999,
            0.0
        ],
        [
            -1.29228783,
            1.20609151,
            0.0
        ],
        [
            -1.9309074700000004,
            2.00517101,
            0.0
        ],
        [
            -1.49059653,
            -1.1493416900000002,
            0.0
        ],
        [
            -0.4594969,
            -1.29156428,
            0.0
        ],
        [
            -2.13289668,
            -1.9286759099999997,
            0.0
        ]
    ],
    "comment": "Formamidine Dimer ",
    "symbols": [
        "C",
        "H",
        "N",
        "H",
        "N",
        "H",
        "H",
        "C",
        "H",
        "N",
        "H",
        "N",
        "H",
        "H"
    ],
    "name": "FaNNFaNN",
    "masses": [
        12,
        1.00782503207,
        14.00307400478,
        1.00782503207,
        14.00307400478,
        1.00782503207,
        1.00782503207,
        12,
        1.00782503207,
        14.00307400478,
        1.00782503207,
        14.00307400478,
        1.00782503207,
        1.00782503207
    ],
    "charge": 0.0
}