{
    "real": [
        false,
        false,
        false,
        false,
        false,
        true,
        true,
        true,
        true,
        true,
        true,
        true
    ],
    "fragment_charges": [
        0.0,
        0.0
    ],
    "multiplicity": 1,
    "provenance": {
        "tag": "HBC Research"
    },
    "fragments": [
        [
            0,
            1,
            2,
            3,
            4
        ],
        [
            5,
            6,
            7,
            8,
            9,
            10,
            11
        ]
    ],
    "fragment_multiplicities": [
        1,
        1
    ],
    "geometry": [
        [
            -1.9062572811638478,
            0.15789815950316827,
            0.0
        ],
        [
            -3.0099290811638473,
            0.25165585950316827,
            0.0
        ],
        [
            -1.2179884211638479,
            1.1818354595031684,
            0.0
        ],
        [
            -1.482258671163848,
            -1.0935376304968316,
            0.0
        ],
        [
            -0.4527246111638479,
            -1.1183442504968317,
            0.0
        ],
        [
            1.979746668836152,
            -0.17222063049683176,
            0.0
        ],
        [
            3.079489478836152,
            -0.2656445504968317,
            0.0
        ],
        [
            1.1726548488361521,
            -1.2000047204968314,
            0.0
        ],
        [
            1.703755248836152,
            -2.072779550496832,
            0.0
        ],
        [
            1.553736488836152,
            1.1138820895031682,
            0.0
        ],
        [
            0.5464130788361521,
            1.3089841695031683,
            0.0
        ],
        [
            2.231414998836152,
            1.8619309095031684,
            0.0
        ]
    ],
    "comment": "Formic Acid-Formamidine Complex ",
    "symbols": [
        "C",
        "H",
        "O",
        "O",
        "H",
        "C",
        "H",
        "N",
        "H",
        "N",
        "H",
        "H"
    ],
    "name": "FaOOFaNN",
    "masses": [
        12,
        1.00782503207,
        15.99491461956,
        15.99491461956,
        1.00782503207,
        12,
        1.00782503207,
        14.00307400478,
        1.00782503207,
        14.00307400478,
        1.00782503207,
        1.00782503207
    ],
    "charge": 0.0
}