{
    "masses": [
        12,
        1.00782503207,
        15.99491461956,
        14.00307400478,
        1.00782503207,
        1.00782503207,
        12,
        1.00782503207,
        15.99491461956,
        14.00307400478,
        1.00782503207,
        1.00782503207
    ],
    "multiplicity": 0.0,
    "geometry": [
        [
            2.49599331,
            -0.14149025999999992,
            0.0
        ],
        [
            3.6058930900000004,
            -0.20440709999999987,
            0.0
        ],
        [
            1.78830561,
            -1.1537335199999998,
            0.0
        ],
        [
            1.99827465,
            1.13031983,
            0.0
        ],
        [
            0.98820948,
            1.26676542,
            0.0
        ],
        [
            2.6137403199999993,
            1.9329181700000002,
            0.0
        ],
        [
            -2.49599331,
            0.14149025999999992,
            0.0
        ],
        [
            -3.6058930900000004,
            0.2044070999999999,
            0.0
        ],
        [
            -1.78830561,
            1.1537335199999998,
            0.0
        ],
        [
            -1.99827465,
            -1.13031983,
            0.0
        ],
        [
            -0.98820948,
            -1.26676542,
            0.0
        ],
        [
            -2.6137403199999993,
            -1.9329181700000002,
            0.0
        ]
    ],
    "fragment_multiplicities": [
        1.0,
        1.0
    ],
    "fragments": [
        [
            0,
            1,
            2,
            3,
            4,
            5
        ],
        [
            6,
            7,
            8,
            9,
            10,
            11
        ]
    ],
    "name": "FaONFaON",
    "fragment_charges": [
        0.0,
        0.0
    ],
    "charge": 0.0,
    "ghost": [
        true,
        true,
        true,
        true,
        true,
        true,
        false,
        false,
        false,
        false,
        false,
        false
    ],
    "comment": "Formamide Dimer ",
    "provenance": {
        "tag": "HBC Research"
    },
    "symbols": [
        "C",
        "H",
        "O",
        "N",
        "H",
        "H",
        "C",
        "H",
        "O",
        "N",
        "H",
        "H"
    ]
}