{
    "masses": [
        12,
        1.00782503207,
        15.99491461956,
        15.99491461956,
        1.00782503207,
        12,
        1.00782503207,
        15.99491461956,
        15.99491461956,
        1.00782503207
    ],
    "multiplicity": 0.0,
    "geometry": [
        [
            1.84016492,
            -0.19051038999999986,
            0.0
        ],
        [
            2.93982222,
            -0.3043567899999999,
            0.0
        ],
        [
            1.10803623,
            -1.1843954000000003,
            0.0
        ],
        [
            1.4797118599999999,
            1.0796725400000005,
            0.0
        ],
        [
            0.4764433599999999,
            1.13716323,
            0.0
        ],
        [
            -1.84016492,
            0.1905103899999999,
            0.0
        ],
        [
            -2.93982222,
            0.3043567899999999,
            0.0
        ],
        [
            -1.10803623,
            1.1843954000000003,
            0.0
        ],
        [
            -1.4797118599999999,
            -1.0796725400000005,
            0.0
        ],
        [
            -0.47644336,
            -1.13716323,
            0.0
        ]
    ],
    "fragment_multiplicities": [
        1.0,
        1.0
    ],
    "fragments": [
        [
            0,
            1,
            2,
            3,
            4
        ],
        [
            5,
            6,
            7,
            8,
            9
        ]
    ],
    "name": "FaOOFaOO",
    "fragment_charges": [
        0.0,
        0.0
    ],
    "charge": 0.0,
    "ghost": [
        true,
        true,
        true,
        true,
        true,
        false,
        false,
        false,
        false,
        false
    ],
    "comment": "Formic Acid Dimer ",
    "provenance": {
        "tag": "HBC Research"
    },
    "symbols": [
        "C",
        "H",
        "O",
        "O",
        "H",
        "C",
        "H",
        "O",
        "O",
        "H"
    ]
}