{
    "masses": [
        12,
        1.00782503207,
        14.00307400478,
        1.00782503207,
        14.00307400478,
        1.00782503207,
        1.00782503207,
        12,
        1.00782503207,
        14.00307400478,
        1.00782503207,
        14.00307400478,
        1.00782503207,
        1.00782503207
    ],
    "multiplicity": 0.0,
    "geometry": [
        [
            2.39742249,
            -0.11120860999999993,
            0.0
        ],
        [
            3.4996409,
            -0.16233692999999982,
            0.0
        ],
        [
            1.6404131499999999,
            -1.17535654,
            0.0
        ],
        [
            2.23917184,
            -2.00764182,
            0.0
        ],
        [
            1.84436251,
            1.1410738499999997,
            0.0
        ],
        [
            0.8259033599999999,
            1.23313494,
            0.0
        ],
        [
            2.424932069999999,
            1.9660467000000001,
            0.0
        ],
        [
            -2.39742249,
            0.11120860999999993,
            0.0
        ],
        [
            -3.4996409,
            0.16233692999999982,
            0.0
        ],
        [
            -1.6404131499999999,
            1.17535654,
            0.0
        ],
        [
            -2.23917184,
            2.00764182,
            0.0
        ],
        [
            -1.84436251,
            -1.1410738499999997,
            0.0
        ],
        [
            -0.8259033599999999,
            -1.23313494,
            0.0
        ],
        [
            -2.424932069999999,
            -1.9660467000000001,
            0.0
        ]
    ],
    "fragment_multiplicities": [
        1.0,
        1.0
    ],
    "fragments": [
        [
            0,
            1,
            2,
            3,
            4,
            5,
            6
        ],
        [
            7,
            8,
            9,
            10,
            11,
            12,
            13
        ]
    ],
    "name": "FaNNFaNN",
    "fragment_charges": [
        0.0,
        0.0
    ],
    "charge": 0.0,
    "ghost": [
        false,
        false,
        false,
        false,
        false,
        false,
        false,
        true,
        true,
        true,
        true,
        true,
        true,
        true
    ],
    "comment": "Formamidine Dimer ",
    "provenance": {
        "tag": "HBC Research"
    },
    "symbols": [
        "C",
        "H",
        "N",
        "H",
        "N",
        "H",
        "H",
        "C",
        "H",
        "N",
        "H",
        "N",
        "H",
        "H"
    ]
}