{
    "masses": [
        12,
        1.00782503207,
        14.00307400478,
        1.00782503207,
        14.00307400478,
        1.00782503207,
        1.00782503207,
        12,
        1.00782503207,
        14.00307400478,
        1.00782503207,
        14.00307400478,
        1.00782503207,
        1.00782503207
    ],
    "multiplicity": 0.0,
    "geometry": [
        [
            2.1974829799999998,
            -0.10521493999999992,
            0.0
        ],
        [
            3.29994728,
            -0.1580006499999999,
            0.0
        ],
        [
            1.45477374,
            -1.18214133,
            0.0
        ],
        [
            2.06523281,
            -2.00494056,
            0.0
        ],
        [
            1.6475027499999995,
            1.1422507000000002,
            0.0
        ],
        [
            0.6230696499999998,
            1.24181216,
            0.0
        ],
        [
            2.2404188299999994,
            1.95893145,
            0.0
        ],
        [
            -2.1974829799999998,
            0.10521493999999992,
            0.0
        ],
        [
            -3.29994728,
            0.15800064999999988,
            0.0
        ],
        [
            -1.45477374,
            1.18214133,
            0.0
        ],
        [
            -2.06523281,
            2.00494056,
            0.0
        ],
        [
            -1.6475027499999995,
            -1.1422507000000002,
            0.0
        ],
        [
            -0.6230696499999998,
            -1.24181216,
            0.0
        ],
        [
            -2.2404188299999994,
            -1.95893145,
            0.0
        ]
    ],
    "fragment_multiplicities": [
        1.0,
        1.0
    ],
    "fragments": [
        [
            0,
            1,
            2,
            3,
            4,
            5,
            6
        ],
        [
            7,
            8,
            9,
            10,
            11,
            12,
            13
        ]
    ],
    "name": "FaNNFaNN",
    "fragment_charges": [
        0.0,
        0.0
    ],
    "charge": 0.0,
    "ghost": [
        false,
        false,
        false,
        false,
        false,
        false,
        false,
        false,
        false,
        false,
        false,
        false,
        false,
        false
    ],
    "comment": "Formamidine Dimer ",
    "provenance": {
        "tag": "HBC Research"
    },
    "symbols": [
        "C",
        "H",
        "N",
        "H",
        "N",
        "H",
        "H",
        "C",
        "H",
        "N",
        "H",
        "N",
        "H",
        "H"
    ]
}