{
    "real": [
        true,
        true,
        true,
        true,
        true,
        false,
        false,
        false,
        false,
        false
    ],
    "fragment_charges": [
        0.0,
        0.0
    ],
    "multiplicity": 1,
    "provenance": {
        "tag": "HBC Research"
    },
    "fragments": [
        [
            0,
            1,
            2,
            3,
            4
        ],
        [
            5,
            6,
            7,
            8,
            9
        ]
    ],
    "fragment_multiplicities": [
        1,
        1
    ],
    "geometry": [
        [
            2.89338469,
            -0.19577495999999991,
            0.0
        ],
        [
            3.99667367,
            -0.2704267499999999,
            0.0
        ],
        [
            2.12532927,
            -1.1390897499999997,
            0.0
        ],
        [
            2.5230388899999996,
            1.1111639400000002,
            0.0
        ],
        [
            1.54758478,
            1.1332556100000002,
            0.0
        ],
        [
            -2.89338469,
            0.19577495999999991,
            0.0
        ],
        [
            -3.99667367,
            0.2704267499999999,
            0.0
        ],
        [
            -2.12532927,
            1.1390897499999997,
            0.0
        ],
        [
            -2.5230388899999996,
            -1.1111639400000002,
            0.0
        ],
        [
            -1.54758478,
            -1.1332556100000002,
            0.0
        ]
    ],
    "comment": "Formic Acid Dimer ",
    "symbols": [
        "C",
        "H",
        "O",
        "O",
        "H",
        "C",
        "H",
        "O",
        "O",
        "H"
    ],
    "name": "FaOOFaOO",
    "masses": [
        12,
        1.00782503207,
        15.99491461956,
        15.99491461956,
        1.00782503207,
        12,
        1.00782503207,
        15.99491461956,
        15.99491461956,
        1.00782503207
    ],
    "charge": 0.0
}