{
    "masses": [
        12,
        1.00782503207,
        15.99491461956,
        14.00307400478,
        1.00782503207,
        1.00782503207,
        12,
        1.00782503207,
        15.99491461956,
        14.00307400478,
        1.00782503207,
        1.00782503207
    ],
    "multiplicity": 0.0,
    "geometry": [
        [
            2.19607517,
            -0.13136008999999996,
            0.0
        ],
        [
            3.3047287099999996,
            -0.19767513999999992,
            0.0
        ],
        [
            1.49802227,
            -1.1569803799999998,
            0.0
        ],
        [
            1.6812038299999998,
            1.12742404,
            0.0
        ],
        [
            0.6634335599999998,
            1.2472382699999998,
            0.0
        ],
        [
            2.29010119,
            1.9351737900000001,
            0.0
        ],
        [
            -2.19607517,
            0.13136008999999996,
            0.0
        ],
        [
            -3.3047287099999996,
            0.19767513999999992,
            0.0
        ],
        [
            -1.49802227,
            1.1569803799999998,
            0.0
        ],
        [
            -1.6812038299999998,
            -1.12742404,
            0.0
        ],
        [
            -0.6634335599999998,
            -1.2472382699999998,
            0.0
        ],
        [
            -2.29010119,
            -1.9351737900000001,
            0.0
        ]
    ],
    "fragment_multiplicities": [
        1.0,
        1.0
    ],
    "fragments": [
        [
            0,
            1,
            2,
            3,
            4,
            5
        ],
        [
            6,
            7,
            8,
            9,
            10,
            11
        ]
    ],
    "name": "FaONFaON",
    "fragment_charges": [
        0.0,
        0.0
    ],
    "charge": 0.0,
    "ghost": [
        true,
        true,
        true,
        true,
        true,
        true,
        false,
        false,
        false,
        false,
        false,
        false
    ],
    "comment": "Formamide Dimer ",
    "provenance": {
        "tag": "HBC Research"
    },
    "symbols": [
        "C",
        "H",
        "O",
        "N",
        "H",
        "H",
        "C",
        "H",
        "O",
        "N",
        "H",
        "H"
    ]
}