{
    "real": [
        true,
        true,
        true,
        true,
        true,
        true,
        false,
        false,
        false,
        false,
        false,
        false,
        false
    ],
    "fragment_charges": [
        0.0,
        0.0
    ],
    "multiplicity": 1,
    "provenance": {
        "tag": "HBC Research"
    },
    "fragments": [
        [
            0,
            1,
            2,
            3,
            4,
            5
        ],
        [
            6,
            7,
            8,
            9,
            10,
            11,
            12
        ]
    ],
    "fragment_multiplicities": [
        1,
        1
    ],
    "geometry": [
        [
            -1.9258686189241692,
            0.12572004230582673,
            0.0
        ],
        [
            -3.037967088924169,
            0.19311602230582672,
            0.0
        ],
        [
            -1.2594882789241693,
            1.1763209423058267,
            0.0
        ],
        [
            -1.464110878924169,
            -1.1374167076941732,
            0.0
        ],
        [
            -0.43144515892416907,
            -1.3088907976941733,
            0.0
        ],
        [
            -2.140763528924168,
            -1.8902970276941733,
            0.0
        ],
        [
            1.9669900010758308,
            -0.11019703769417326,
            0.0
        ],
        [
            3.07015648107583,
            -0.17705171769417324,
            0.0
        ],
        [
            1.2716361710758308,
            -1.2177829076941733,
            0.0
        ],
        [
            1.9158474210758307,
            -2.011864987694173,
            0.0
        ],
        [
            1.4587414410758308,
            1.1416282323058269,
            0.0
        ],
        [
            0.4363096610758308,
            1.2762206123058268,
            0.0
        ],
        [
            2.0932764110758306,
            1.9266570223058264,
            0.0
        ]
    ],
    "comment": "Formamide-Formamidine Complex ",
    "symbols": [
        "C",
        "H",
        "O",
        "N",
        "H",
        "H",
        "C",
        "H",
        "N",
        "H",
        "N",
        "H",
        "H"
    ],
    "name": "FaONFaNN",
    "masses": [
        12,
        1.00782503207,
        15.99491461956,
        14.00307400478,
        1.00782503207,
        1.00782503207,
        12,
        1.00782503207,
        14.00307400478,
        1.00782503207,
        14.00307400478,
        1.00782503207,
        1.00782503207
    ],
    "charge": 0.0
}