{
    "real": [
        true,
        true,
        true,
        true,
        true,
        true,
        true,
        true,
        true,
        true
    ],
    "fragment_charges": [
        0.0,
        0.0
    ],
    "multiplicity": 1,
    "provenance": {
        "tag": "HBC Research"
    },
    "fragments": [
        [
            0,
            1,
            2,
            3,
            4
        ],
        [
            5,
            6,
            7,
            8,
            9
        ]
    ],
    "fragment_multiplicities": [
        1,
        1
    ],
    "geometry": [
        [
            4.997553439999999,
            -0.15642267999999987,
            0.0
        ],
        [
            6.10311728,
            -0.19102666999999984,
            0.0
        ],
        [
            4.26634092,
            -1.126291,
            0.0
        ],
        [
            4.57854479,
            1.13834246,
            0.0
        ],
        [
            3.60431482,
            1.11461219,
            0.0
        ],
        [
            -4.997553439999999,
            0.15642267999999987,
            0.0
        ],
        [
            -6.10311728,
            0.19102666999999982,
            0.0
        ],
        [
            -4.26634092,
            1.126291,
            0.0
        ],
        [
            -4.57854479,
            -1.13834246,
            0.0
        ],
        [
            -3.60431482,
            -1.11461219,
            0.0
        ]
    ],
    "comment": "Formic Acid Dimer ",
    "symbols": [
        "C",
        "H",
        "O",
        "O",
        "H",
        "C",
        "H",
        "O",
        "O",
        "H"
    ],
    "name": "FaOOFaOO",
    "masses": [
        12,
        1.00782503207,
        15.99491461956,
        15.99491461956,
        1.00782503207,
        12,
        1.00782503207,
        15.99491461956,
        15.99491461956,
        1.00782503207
    ],
    "charge": 0.0
}