{
    "masses": [
        12,
        1.00782503207,
        14.00307400478,
        1.00782503207,
        14.00307400478,
        1.00782503207,
        1.00782503207,
        12,
        1.00782503207,
        14.00307400478,
        1.00782503207,
        14.00307400478,
        1.00782503207,
        1.00782503207
    ],
    "multiplicity": 0.0,
    "geometry": [
        [
            1.74573454,
            -0.12211450999999991,
            0.0
        ],
        [
            2.85588849,
            -0.1997700199999999,
            0.0
        ],
        [
            1.1300834500000003,
            -1.2754224499999998,
            0.0
        ],
        [
            1.83665594,
            -2.0110901,
            0.0
        ],
        [
            1.38209118,
            1.1663243300000001,
            0.0
        ],
        [
            0.35550065999999997,
            1.43042391,
            0.0
        ],
        [
            2.1464215,
            1.8277609699999997,
            0.0
        ],
        [
            -1.74573454,
            0.12211450999999991,
            0.0
        ],
        [
            -2.85588849,
            0.1997700199999999,
            0.0
        ],
        [
            -1.1300834500000003,
            1.2754224499999998,
            0.0
        ],
        [
            -1.83665594,
            2.0110901,
            0.0
        ],
        [
            -1.38209118,
            -1.1663243300000001,
            0.0
        ],
        [
            -0.35550065999999997,
            -1.43042391,
            0.0
        ],
        [
            -2.1464215,
            -1.8277609699999997,
            0.0
        ]
    ],
    "fragment_multiplicities": [
        1.0,
        1.0
    ],
    "fragments": [
        [
            0,
            1,
            2,
            3,
            4,
            5,
            6
        ],
        [
            7,
            8,
            9,
            10,
            11,
            12,
            13
        ]
    ],
    "name": "FaNNFaNN",
    "fragment_charges": [
        0.0,
        0.0
    ],
    "charge": 0.0,
    "ghost": [
        false,
        false,
        false,
        false,
        false,
        false,
        false,
        true,
        true,
        true,
        true,
        true,
        true,
        true
    ],
    "comment": "Formamidine Dimer ",
    "provenance": {
        "tag": "HBC Research"
    },
    "symbols": [
        "C",
        "H",
        "N",
        "H",
        "N",
        "H",
        "H",
        "C",
        "H",
        "N",
        "H",
        "N",
        "H",
        "H"
    ]
}