{
    "real": [
        true,
        true,
        true,
        true,
        true,
        true,
        true,
        true,
        true,
        true,
        true,
        true,
        true
    ],
    "fragment_charges": [
        0.0,
        0.0
    ],
    "multiplicity": 1,
    "provenance": {
        "tag": "HBC Research"
    },
    "fragments": [
        [
            0,
            1,
            2,
            3,
            4,
            5
        ],
        [
            6,
            7,
            8,
            9,
            10,
            11,
            12
        ]
    ],
    "fragment_multiplicities": [
        1,
        1
    ],
    "geometry": [
        [
            -1.9747172123178174,
            0.1229585294149917,
            0.0
        ],
        [
            -3.0860401323178177,
            0.1872789594149917,
            0.0
        ],
        [
            -1.3005014423178174,
            1.1684052494149917,
            0.0
        ],
        [
            -1.4936339323178174,
            -1.136368230585008,
            0.0
        ],
        [
            -0.46222530231781755,
            -1.2903712105850083,
            0.0
        ],
        [
            -2.1512239823178176,
            -1.905814620585008,
            0.0
        ],
        [
            2.018600667682182,
            -0.10816415058500826,
            0.0
        ],
        [
            3.121116627682182,
            -0.17197486058500827,
            0.0
        ],
        [
            1.3094004976821823,
            -1.2073585605850081,
            0.0
        ],
        [
            1.943346297682182,
            -2.010309400585008,
            0.0
        ],
        [
            1.4922397976821824,
            1.1398890394149919,
            0.0
        ],
        [
            0.4694887276821824,
            1.2593060694149918,
            0.0
        ],
        [
            2.109028057682182,
            1.9388351194149918,
            0.0
        ]
    ],
    "comment": "Formamide-Formamidine Complex ",
    "symbols": [
        "C",
        "H",
        "O",
        "N",
        "H",
        "H",
        "C",
        "H",
        "N",
        "H",
        "N",
        "H",
        "H"
    ],
    "name": "FaONFaNN",
    "masses": [
        12,
        1.00782503207,
        15.99491461956,
        14.00307400478,
        1.00782503207,
        1.00782503207,
        12,
        1.00782503207,
        14.00307400478,
        1.00782503207,
        14.00307400478,
        1.00782503207,
        1.00782503207
    ],
    "charge": 0.0
}