{
    "real": [
        true,
        true,
        true,
        true,
        true,
        true,
        true,
        true,
        true,
        true,
        true,
        true
    ],
    "fragment_charges": [
        0.0,
        0.0
    ],
    "multiplicity": 1,
    "provenance": {
        "tag": "HBC Research"
    },
    "fragments": [
        [
            0,
            1,
            2,
            3,
            4
        ],
        [
            5,
            6,
            7,
            8,
            9,
            10,
            11
        ]
    ],
    "fragment_multiplicities": [
        1,
        1
    ],
    "geometry": [
        [
            -1.954417969554266,
            0.15753953007697757,
            0.0
        ],
        [
            -3.0573654695542656,
            0.24858075007697758,
            0.0
        ],
        [
            -1.2589747895542662,
            1.1750815600769775,
            0.0
        ],
        [
            -1.5181933995542658,
            -1.0955416399230222,
            0.0
        ],
        [
            -0.49885307955426594,
            -1.1053175599230223,
            0.0
        ],
        [
            2.032025060445734,
            -0.17151567992302238,
            0.0
        ],
        [
            3.131580970445734,
            -0.2622769499230224,
            0.0
        ],
        [
            1.214223820445734,
            -1.1914439499230223,
            0.0
        ],
        [
            1.739708520445734,
            -2.068390789923022,
            0.0
        ],
        [
            1.592335400445734,
            1.1137330500769773,
            0.0
        ],
        [
            0.584445740445734,
            1.2977709200769778,
            0.0
        ],
        [
            2.256786620445734,
            1.8734314600769775,
            0.0
        ]
    ],
    "comment": "Formic Acid-Formamidine Complex ",
    "symbols": [
        "C",
        "H",
        "O",
        "O",
        "H",
        "C",
        "H",
        "N",
        "H",
        "N",
        "H",
        "H"
    ],
    "name": "FaOOFaNN",
    "masses": [
        12,
        1.00782503207,
        15.99491461956,
        15.99491461956,
        1.00782503207,
        12,
        1.00782503207,
        14.00307400478,
        1.00782503207,
        14.00307400478,
        1.00782503207,
        1.00782503207
    ],
    "charge": 0.0
}