{
    "masses": [
        12,
        1.00782503207,
        15.99491461956,
        14.00307400478,
        1.00782503207,
        1.00782503207,
        12,
        1.00782503207,
        14.00307400478,
        1.00782503207,
        14.00307400478,
        1.00782503207,
        1.00782503207
    ],
    "multiplicity": 0.0,
    "geometry": [
        [
            -2.171881400318886,
            0.11988045073669196,
            0.0
        ],
        [
            -3.2817596603188854,
            0.17894887073669197,
            0.0
        ],
        [
            -1.4852355303188858,
            1.1541510607366918,
            0.0
        ],
        [
            -1.6474047303188857,
            -1.133106579263308,
            0.0
        ],
        [
            -0.6226970903188858,
            -1.245875689263308,
            0.0
        ],
        [
            -2.2572687403188856,
            -1.940340509263308,
            0.0
        ],
        [
            2.2219011796811143,
            -0.11395940926330803,
            0.0
        ],
        [
            3.3233143296811143,
            -0.17257730926330803,
            0.0
        ],
        [
            1.469698189681114,
            -1.183525619263308,
            0.0
        ],
        [
            2.071435559681114,
            -2.012706889263308,
            0.0
        ],
        [
            1.676232949681114,
            1.1370094507366921,
            0.0
        ],
        [
            0.6577655096811141,
            1.2380588207366918,
            0.0
        ],
        [
            2.264348009681114,
            1.9568686407366918,
            0.0
        ]
    ],
    "fragment_multiplicities": [
        1.0,
        1.0
    ],
    "fragments": [
        [
            0,
            1,
            2,
            3,
            4,
            5
        ],
        [
            6,
            7,
            8,
            9,
            10,
            11,
            12
        ]
    ],
    "name": "FaONFaNN",
    "fragment_charges": [
        0.0,
        0.0
    ],
    "charge": 0.0,
    "ghost": [
        true,
        true,
        true,
        true,
        true,
        true,
        false,
        false,
        false,
        false,
        false,
        false,
        false
    ],
    "comment": "Formamide-Formamidine Complex ",
    "provenance": {
        "tag": "HBC Research"
    },
    "symbols": [
        "C",
        "H",
        "O",
        "N",
        "H",
        "H",
        "C",
        "H",
        "N",
        "H",
        "N",
        "H",
        "H"
    ]
}