{
    "masses": [
        12,
        1.00782503207,
        15.99491461956,
        15.99491461956,
        1.00782503207,
        12,
        1.00782503207,
        14.00307400478,
        1.00782503207,
        14.00307400478,
        1.00782503207,
        1.00782503207
    ],
    "multiplicity": 0.0,
    "geometry": [
        [
            -3.1283150996911036,
            0.17084992208938565,
            0.0
        ],
        [
            -4.232956759691103,
            0.22611350208938566,
            0.0
        ],
        [
            -2.387031349691103,
            1.1347984520893855,
            0.0
        ],
        [
            -2.723493749691103,
            -1.1256826879106145,
            0.0
        ],
        [
            -1.7475062996911035,
            -1.1175646079106143,
            0.0
        ],
        [
            3.2636918503088963,
            -0.14893272791061435,
            0.0
        ],
        [
            4.3670537103088956,
            -0.20413228791061433,
            0.0
        ],
        [
            2.468300030308897,
            -1.1741352579106143,
            0.0
        ],
        [
            3.0286906703088965,
            -2.0329219879106146,
            0.0
        ],
        [
            2.7787157003088963,
            1.1381609120893852,
            0.0
        ],
        [
            1.7767784003088962,
            1.2898495320893855,
            0.0
        ],
        [
            3.3999000203088965,
            1.9328579420893854,
            0.0
        ]
    ],
    "fragment_multiplicities": [
        1.0,
        1.0
    ],
    "fragments": [
        [
            0,
            1,
            2,
            3,
            4
        ],
        [
            5,
            6,
            7,
            8,
            9,
            10,
            11
        ]
    ],
    "name": "FaOOFaNN",
    "fragment_charges": [
        0.0,
        0.0
    ],
    "charge": 0.0,
    "ghost": [
        false,
        false,
        false,
        false,
        false,
        false,
        false,
        false,
        false,
        false,
        false,
        false
    ],
    "comment": "Formic Acid-Formamidine Complex ",
    "provenance": {
        "tag": "HBC Research"
    },
    "symbols": [
        "C",
        "H",
        "O",
        "O",
        "H",
        "C",
        "H",
        "N",
        "H",
        "N",
        "H",
        "H"
    ]
}