{
    "masses": [
        12,
        1.00782503207,
        15.99491461956,
        14.00307400478,
        1.00782503207,
        1.00782503207,
        12,
        1.00782503207,
        14.00307400478,
        1.00782503207,
        14.00307400478,
        1.00782503207,
        1.00782503207
    ],
    "multiplicity": 0.0,
    "geometry": [
        [
            -2.2709848092949962,
            0.12071737944375502,
            0.0
        ],
        [
            -3.380799589294996,
            0.17880003944375503,
            0.0
        ],
        [
            -1.5844174092949965,
            1.152761219443755,
            0.0
        ],
        [
            -1.7392719692949963,
            -1.132612180556245,
            0.0
        ],
        [
            -0.7175867292949963,
            -1.2376991305562448,
            0.0
        ],
        [
            -2.3388052292949966,
            -1.9473178005562448,
            0.0
        ],
        [
            2.3227291807050037,
            -0.11969671055624496,
            0.0
        ],
        [
            3.424229350705004,
            -0.17734422055624494,
            0.0
        ],
        [
            1.5571271707050036,
            -1.1783143005562449,
            0.0
        ],
        [
            2.1480724307050036,
            -2.0157219105562447,
            0.0
        ],
        [
            1.783793460705003,
            1.137263709443755,
            0.0
        ],
        [
            0.7681122107050037,
            1.2428121594437551,
            0.0
        ],
        [
            2.3726527407050035,
            1.956442489443755,
            0.0
        ]
    ],
    "fragment_multiplicities": [
        1.0,
        1.0
    ],
    "fragments": [
        [
            0,
            1,
            2,
            3,
            4,
            5
        ],
        [
            6,
            7,
            8,
            9,
            10,
            11,
            12
        ]
    ],
    "name": "FaONFaNN",
    "fragment_charges": [
        0.0,
        0.0
    ],
    "charge": 0.0,
    "ghost": [
        true,
        true,
        true,
        true,
        true,
        true,
        false,
        false,
        false,
        false,
        false,
        false,
        false
    ],
    "comment": "Formamide-Formamidine Complex ",
    "provenance": {
        "tag": "HBC Research"
    },
    "symbols": [
        "C",
        "H",
        "O",
        "N",
        "H",
        "H",
        "C",
        "H",
        "N",
        "H",
        "N",
        "H",
        "H"
    ]
}