{
    "real": [
        true,
        true,
        true,
        true,
        true,
        true,
        true,
        true,
        true,
        true,
        true,
        true,
        true
    ],
    "fragment_charges": [
        0.0,
        0.0
    ],
    "multiplicity": 1,
    "provenance": {
        "tag": "HBC Research"
    },
    "fragments": [
        [
            0,
            1,
            2,
            3,
            4,
            5
        ],
        [
            6,
            7,
            8,
            9,
            10,
            11,
            12
        ]
    ],
    "fragment_multiplicities": [
        1,
        1
    ],
    "geometry": [
        [
            -2.072990948099193,
            0.12047764006374759,
            0.0
        ],
        [
            -3.1833010880991925,
            0.18128485006374756,
            0.0
        ],
        [
            -1.3890085880991927,
            1.1584491900637475,
            0.0
        ],
        [
            -1.5646178680991925,
            -1.1343496399362523,
            0.0
        ],
        [
            -0.5365619780991926,
            -1.2628835299362522,
            0.0
        ],
        [
            -2.1932449980991926,
            -1.9273432099362522,
            0.0
        ],
        [
            2.1207253319008075,
            -0.1091952899362524,
            0.0
        ],
        [
            3.222405961900807,
            -0.16952989993625242,
            0.0
        ],
        [
            1.3873336619008072,
            -1.1925432299362522,
            0.0
        ],
        [
            2.003425441900807,
            -2.010347389936252,
            0.0
        ],
        [
            1.5762012619008072,
            1.1376015900637475,
            0.0
        ],
        [
            0.5550100819008074,
            1.2409682600637477,
            0.0
        ],
        [
            2.1714321519008073,
            1.9525142100637476,
            0.0
        ]
    ],
    "comment": "Formamide-Formamidine Complex ",
    "symbols": [
        "C",
        "H",
        "O",
        "N",
        "H",
        "H",
        "C",
        "H",
        "N",
        "H",
        "N",
        "H",
        "H"
    ],
    "name": "FaONFaNN",
    "masses": [
        12,
        1.00782503207,
        15.99491461956,
        14.00307400478,
        1.00782503207,
        1.00782503207,
        12,
        1.00782503207,
        14.00307400478,
        1.00782503207,
        14.00307400478,
        1.00782503207,
        1.00782503207
    ],
    "charge": 0.0
}