{
    "real": [
        true,
        true,
        true,
        true,
        true,
        false,
        false,
        false,
        false,
        false,
        false,
        false
    ],
    "fragment_charges": [
        0.0,
        0.0
    ],
    "multiplicity": 1,
    "provenance": {
        "tag": "HBC Research"
    },
    "fragments": [
        [
            0,
            1,
            2,
            3,
            4
        ],
        [
            5,
            6,
            7,
            8,
            9,
            10,
            11
        ]
    ],
    "fragment_multiplicities": [
        1,
        1
    ],
    "geometry": [
        [
            -4.891193511887311,
            0.15168886064195347,
            0.0
        ],
        [
            -5.996928591887311,
            0.18239314064195347,
            0.0
        ],
        [
            -4.165024801887311,
            1.1254035806419533,
            0.0
        ],
        [
            -4.466018531887311,
            -1.1408752893580465,
            0.0
        ],
        [
            -3.4917733218873104,
            -1.1125594693580465,
            0.0
        ],
        [
            5.104955028112689,
            -0.12588631935804648,
            0.0
        ],
        [
            6.209554848112688,
            -0.1565590893580465,
            0.0
        ],
        [
            4.332541368112688,
            -1.1666799093580464,
            0.0
        ],
        [
            4.910193018112688,
            -2.013890869358047,
            0.0
        ],
        [
            4.593289138112689,
            1.1521833806419535,
            0.0
        ],
        [
            3.5887913681126897,
            1.2803933906419533,
            0.0
        ],
        [
            5.197246538112688,
            1.9599635506419533,
            0.0
        ]
    ],
    "comment": "Formic Acid-Formamidine Complex ",
    "symbols": [
        "C",
        "H",
        "O",
        "O",
        "H",
        "C",
        "H",
        "N",
        "H",
        "N",
        "H",
        "H"
    ],
    "name": "FaOOFaNN",
    "masses": [
        12,
        1.00782503207,
        15.99491461956,
        15.99491461956,
        1.00782503207,
        12,
        1.00782503207,
        14.00307400478,
        1.00782503207,
        14.00307400478,
        1.00782503207,
        1.00782503207
    ],
    "charge": 0.0
}