{
    "masses": [
        12,
        1.00782503207,
        15.99491461956,
        15.99491461956,
        1.00782503207,
        12,
        1.00782503207,
        15.99491461956,
        15.99491461956,
        1.00782503207
    ],
    "multiplicity": 0.0,
    "geometry": [
        [
            2.69240165,
            -0.20242477999999992,
            0.0
        ],
        [
            3.7949013399999996,
            -0.28531480999999986,
            0.0
        ],
        [
            1.9183328999999996,
            -1.14219531,
            0.0
        ],
        [
            2.32770522,
            1.1048226700000001,
            0.0
        ],
        [
            1.35155974,
            1.13337052,
            0.0
        ],
        [
            -2.69240165,
            0.20242477999999992,
            0.0
        ],
        [
            -3.7949013399999996,
            0.28531480999999986,
            0.0
        ],
        [
            -1.9183328999999996,
            1.14219531,
            0.0
        ],
        [
            -2.32770522,
            -1.1048226700000001,
            0.0
        ],
        [
            -1.35155974,
            -1.13337052,
            0.0
        ]
    ],
    "fragment_multiplicities": [
        1.0,
        1.0
    ],
    "fragments": [
        [
            0,
            1,
            2,
            3,
            4
        ],
        [
            5,
            6,
            7,
            8,
            9
        ]
    ],
    "name": "FaOOFaOO",
    "fragment_charges": [
        0.0,
        0.0
    ],
    "charge": 0.0,
    "ghost": [
        false,
        false,
        false,
        false,
        false,
        false,
        false,
        false,
        false,
        false
    ],
    "comment": "Formic Acid Dimer ",
    "provenance": {
        "tag": "HBC Research"
    },
    "symbols": [
        "C",
        "H",
        "O",
        "O",
        "H",
        "C",
        "H",
        "O",
        "O",
        "H"
    ]
}