{
    "masses": [
        12,
        1.00782503207,
        15.99491461956,
        14.00307400478,
        1.00782503207,
        1.00782503207,
        12,
        1.00782503207,
        15.99491461956,
        14.00307400478,
        1.00782503207,
        1.00782503207
    ],
    "multiplicity": 0.0,
    "geometry": [
        [
            3.1967905999999995,
            -0.1432944399999999,
            0.0
        ],
        [
            4.30890404,
            -0.19314432999999984,
            0.0
        ],
        [
            2.49028966,
            -1.14973005,
            0.0
        ],
        [
            2.71746327,
            1.13986108,
            0.0
        ],
        [
            1.71465256,
            1.2968627,
            0.0
        ],
        [
            3.34615668,
            1.9321105099999998,
            0.0
        ],
        [
            -3.1967905999999995,
            0.1432944399999999,
            0.0
        ],
        [
            -4.30890404,
            0.19314432999999984,
            0.0
        ],
        [
            -2.49028966,
            1.14973005,
            0.0
        ],
        [
            -2.71746327,
            -1.13986108,
            0.0
        ],
        [
            -1.71465256,
            -1.2968627,
            0.0
        ],
        [
            -3.34615668,
            -1.9321105099999998,
            0.0
        ]
    ],
    "fragment_multiplicities": [
        1.0,
        1.0
    ],
    "fragments": [
        [
            0,
            1,
            2,
            3,
            4,
            5
        ],
        [
            6,
            7,
            8,
            9,
            10,
            11
        ]
    ],
    "name": "FaONFaON",
    "fragment_charges": [
        0.0,
        0.0
    ],
    "charge": 0.0,
    "ghost": [
        true,
        true,
        true,
        true,
        true,
        true,
        false,
        false,
        false,
        false,
        false,
        false
    ],
    "comment": "Formamide Dimer ",
    "provenance": {
        "tag": "HBC Research"
    },
    "symbols": [
        "C",
        "H",
        "O",
        "N",
        "H",
        "H",
        "C",
        "H",
        "O",
        "N",
        "H",
        "H"
    ]
}