{
    "masses": [
        12,
        1.00782503207,
        15.99491461956,
        14.00307400478,
        1.00782503207,
        1.00782503207,
        12,
        1.00782503207,
        15.99491461956,
        14.00307400478,
        1.00782503207,
        1.00782503207
    ],
    "multiplicity": 0.0,
    "geometry": [
        [
            2.39601143,
            -0.13831544999999992,
            0.0
        ],
        [
            3.50541998,
            -0.20235869999999992,
            0.0
        ],
        [
            1.6903293599999998,
            -1.15398956,
            0.0
        ],
        [
            1.8908710199999998,
            1.12918383,
            0.0
        ],
        [
            0.8783329299999998,
            1.25816233,
            0.0
        ],
        [
            2.50182267,
            1.93524951,
            0.0
        ],
        [
            -2.39601143,
            0.13831544999999992,
            0.0
        ],
        [
            -3.50541998,
            0.2023586999999999,
            0.0
        ],
        [
            -1.6903293599999998,
            1.15398956,
            0.0
        ],
        [
            -1.8908710199999998,
            -1.12918383,
            0.0
        ],
        [
            -0.8783329299999998,
            -1.25816233,
            0.0
        ],
        [
            -2.50182267,
            -1.93524951,
            0.0
        ]
    ],
    "fragment_multiplicities": [
        1.0,
        1.0
    ],
    "fragments": [
        [
            0,
            1,
            2,
            3,
            4,
            5
        ],
        [
            6,
            7,
            8,
            9,
            10,
            11
        ]
    ],
    "name": "FaONFaON",
    "fragment_charges": [
        0.0,
        0.0
    ],
    "charge": 0.0,
    "ghost": [
        false,
        false,
        false,
        false,
        false,
        false,
        true,
        true,
        true,
        true,
        true,
        true
    ],
    "comment": "Formamide Dimer ",
    "provenance": {
        "tag": "HBC Research"
    },
    "symbols": [
        "C",
        "H",
        "O",
        "N",
        "H",
        "H",
        "C",
        "H",
        "O",
        "N",
        "H",
        "H"
    ]
}