{
    "masses": [
        12,
        1.00782503207,
        14.00307400478,
        1.00782503207,
        14.00307400478,
        1.00782503207,
        1.00782503207,
        12,
        1.00782503207,
        14.00307400478,
        1.00782503207,
        14.00307400478,
        1.00782503207,
        1.00782503207
    ],
    "multiplicity": 0.0,
    "geometry": [
        [
            3.9980255599999994,
            -0.12568605999999988,
            0.0
        ],
        [
            5.10246875,
            -0.16040647999999982,
            0.0
        ],
        [
            3.2276384,
            -1.16876965,
            0.0
        ],
        [
            3.8088819599999995,
            -2.01363519,
            0.0
        ],
        [
            3.4843346200000003,
            1.15076117,
            0.0
        ],
        [
            2.4791701,
            1.27706322,
            0.0
        ],
        [
            4.08677787,
            1.95961623,
            0.0
        ],
        [
            -3.9980255599999994,
            0.12568605999999988,
            0.0
        ],
        [
            -5.10246875,
            0.16040647999999982,
            0.0
        ],
        [
            -3.2276384,
            1.16876965,
            0.0
        ],
        [
            -3.8088819599999995,
            2.01363519,
            0.0
        ],
        [
            -3.4843346200000003,
            -1.15076117,
            0.0
        ],
        [
            -2.4791701,
            -1.27706322,
            0.0
        ],
        [
            -4.08677787,
            -1.95961623,
            0.0
        ]
    ],
    "fragment_multiplicities": [
        1.0,
        1.0
    ],
    "fragments": [
        [
            0,
            1,
            2,
            3,
            4,
            5,
            6
        ],
        [
            7,
            8,
            9,
            10,
            11,
            12,
            13
        ]
    ],
    "name": "FaNNFaNN",
    "fragment_charges": [
        0.0,
        0.0
    ],
    "charge": 0.0,
    "ghost": [
        true,
        true,
        true,
        true,
        true,
        true,
        true,
        false,
        false,
        false,
        false,
        false,
        false,
        false
    ],
    "comment": "Formamidine Dimer ",
    "provenance": {
        "tag": "HBC Research"
    },
    "symbols": [
        "C",
        "H",
        "N",
        "H",
        "N",
        "H",
        "H",
        "C",
        "H",
        "N",
        "H",
        "N",
        "H",
        "H"
    ]
}