{"return_value": -150.03436511510904, "args": "B3LYP/aug-cc-pVDZ", "molecule": "\n  0  1\n  GH(C)       -2.34452726         0.16814176         0.00000000\n  GH(H)       -3.44693630         0.24477572         0.00000000\n  GH(O)       -1.61510986         1.14962012         0.00000000\n  GH(O)       -1.90907877        -1.10941692         0.00000000\n  GH(H)       -0.92394094        -1.08850288         0.00000000\n      C        2.44391781        -0.16472698         0.00000000\n      H        3.54466133        -0.24124517         0.00000000\n      N        1.61976719        -1.17478374         0.00000000\n      H        2.15288994        -2.05011167         0.00000000\n      N        1.96885825         1.12195665         0.00000000\n      H        0.96338922         1.27845400         0.00000000\n      H        2.59632255         1.91191489         0.00000000\n", "molecule_hash": "021b0870b93b21a8f279d1342a44b2ef70d7783e", "output": "", "driver": "energy", "variables": {"SCF DIPOLE Y": 2.1291177519697455, "TWO-ELECTRON ENERGY": 138.7664791740023, "SCF DIPOLE X": 2.001979712425303, "NUCLEAR REPULSION ENERGY": 71.43936557604516, "CURRENT REFERENCE ENERGY": -150.03436511510904, "CURRENT ENERGY": -150.03436511510904, "DFT TOTAL ENERGY": -150.03436511510904, "CURRENT DIPOLE Y": 2.1291177519697455, "ONE-ELECTRON ENERGY": -343.4981332796951, "SCF TOTAL ENERGY": -150.03436511510904, "SCF N ITERS": 8.0, "DFT XC ENERGY": -16.74207658546146, "DFT FUNCTIONAL TOTAL ENERGY": -150.03436511510904, "CURRENT DIPOLE X": 2.001979712425303, "CURRENT DIPOLE Z": 0.0, "SCF DIPOLE Z": 0.0, "SCF ITERATION ENERGY": -150.03436511510904}, "error": "", "success": true, "modelchem": "B3LYP/aug-cc-pVDZ"}