{"error": "", "driver": "energy", "molecule_hash": "069ee5c3b1b2511c227e4a824ac04af50f993932", "success": true, "modelchem": "B3LYP/aug-cc-pVDZ", "output": "", "variables": {"ONE-ELECTRON ENERGY": -866.6382050572621, "SCF N ITERS": 8.0, "CURRENT REFERENCE ENERGY": -300.08589657568814, "DFT XC ENERGY": -33.54993207947489, "SCF DIPOLE X": -3.612038639744242e-14, "CURRENT DIPOLE Y": 0.0, "DFT TOTAL ENERGY": -300.08589657568814, "SCF DIPOLE Z": 0.0, "CURRENT DIPOLE Z": 0.0, "NUCLEAR REPULSION ENERGY": 232.44172477835488, "CURRENT ENERGY": -300.08589657568814, "SCF DIPOLE Y": 0.0, "TWO-ELECTRON ENERGY": 367.66051578269395, "SCF ITERATION ENERGY": -300.08589657568814, "CURRENT DIPOLE X": -3.612038639744242e-14, "SCF TOTAL ENERGY": -300.08589657568814, "DFT FUNCTIONAL TOTAL ENERGY": -300.08589657568814}, "molecule": "\n  0  1\n      C        1.94713954        -0.10558828         0.00000000\n      H        3.05254284        -0.16553141         0.00000000\n      N        1.25700152        -1.21627302         0.00000000\n      H        1.90673736        -2.00565055         0.00000000\n      N        1.46072682         1.15251669         0.00000000\n      H        0.42859974         1.31294465         0.00000000\n      H        2.12286880         1.91531762         0.00000000\n      C       -1.94713954         0.10558828         0.00000000\n      H       -3.05254284         0.16553141         0.00000000\n      N       -1.25700152         1.21627302         0.00000000\n      H       -1.90673736         2.00565055         0.00000000\n      N       -1.46072682        -1.15251669         0.00000000\n      H       -0.42859974        -1.31294465         0.00000000\n      H       -2.12286880        -1.91531762         0.00000000\n", "args": "B3LYP/aug-cc-pVDZ", "return_value": -300.08589657568814}