{"modelchem": "B3LYP/aug-cc-pVDZ", "return_value": -150.03377443432717, "success": true, "variables": {"ONE-ELECTRON ENERGY": -343.462844910228, "SCF ITERATION ENERGY": -150.03377443432717, "SCF N ITERS": 8.0, "DFT XC ENERGY": -16.742094052919676, "NUCLEAR REPULSION ENERGY": 71.42832749785624, "SCF TOTAL ENERGY": -150.03377443432717, "CURRENT DIPOLE Y": 2.447248243701051, "CURRENT REFERENCE ENERGY": -150.03377443432717, "CURRENT DIPOLE Z": 0.0, "SCF DIPOLE Y": 2.447248243701051, "SCF DIPOLE X": 1.8509363805782737, "CURRENT DIPOLE X": 1.8509363805782737, "SCF DIPOLE Z": 0.0, "DFT FUNCTIONAL TOTAL ENERGY": -150.03377443432717, "TWO-ELECTRON ENERGY": 138.74283703096427, "DFT TOTAL ENERGY": -150.03377443432717, "CURRENT ENERGY": -150.03377443432717}, "driver": "energy", "args": "B3LYP/aug-cc-pVDZ", "molecule_hash": "110f8e3f5dbe965ef86d2a2efb1394456f02e377", "output": "", "error": "", "molecule": "\n  0  1\n  GH(C)       -2.02376044         0.12137130         0.00000000\n  GH(H)       -3.13449129         0.18360767         0.00000000\n  GH(O)       -1.34361035         1.16254229         0.00000000\n  GH(N)       -1.52737885        -1.13528332         0.00000000\n  GH(H)       -0.49758591        -1.27514722         0.00000000\n  GH(H)       -2.16905903        -1.91790148         0.00000000\n      C        2.06981923        -0.10799978         0.00000000\n      H        3.17183809        -0.16974799         0.00000000\n      N        1.34787373        -1.19906629         0.00000000\n      H        1.97244050        -2.00991317         0.00000000\n      N        1.53167706         1.13850851         0.00000000\n      H        0.50945141         1.24775624         0.00000000\n      H        2.13551288         1.94717878         0.00000000\n"}