{"return_value": -319.96452860620525, "error": "", "molecule": "\n  0  1\n      C       -2.86354863         0.13635439         0.00000000\n      H       -3.97519119         0.18862454         0.00000000\n      O       -2.16694926         1.15157613         0.00000000\n      N       -2.36429186        -1.13776075         0.00000000\n      H       -1.35648460        -1.27362001         0.00000000\n      H       -2.97920858        -1.94060039         0.00000000\n      C        2.93005123        -0.13606441         0.00000000\n      H        4.03321099        -0.18793570         0.00000000\n      N        2.14816261        -1.17431528         0.00000000\n      H        2.72399657        -2.02298552         0.00000000\n      N        2.42557457         1.14138666         0.00000000\n      H        1.42000011         1.27687473         0.00000000\n      H        3.03409167         1.94580891         0.00000000\n", "variables": {"SCF DIPOLE Z": 0.0, "DFT FUNCTIONAL TOTAL ENERGY": -319.96452860620525, "SCF DIPOLE X": 0.9506357047780503, "CURRENT ENERGY": -319.96452860620525, "CURRENT REFERENCE ENERGY": -319.96452860620525, "SCF DIPOLE Y": -1.591301789106661, "SCF ITERATION ENERGY": -319.96452860620525, "CURRENT DIPOLE Z": 0.0, "NUCLEAR REPULSION ENERGY": 201.2049070826609, "DFT XC ENERGY": -34.543317242827655, "CURRENT DIPOLE X": 0.9506357047780503, "SCF N ITERS": 10.0, "ONE-ELECTRON ENERGY": -832.5441517036123, "TWO-ELECTRON ENERGY": 345.91803325757377, "CURRENT DIPOLE Y": -1.591301789106661, "SCF TOTAL ENERGY": -319.96452860620525, "DFT TOTAL ENERGY": -319.96452860620525}, "molecule_hash": "11394a139a4ac87aa6a9e00537c8dd411095258c", "success": true, "args": "B3LYP/aug-cc-pVDZ", "driver": "energy", "output": "", "modelchem": "B3LYP/aug-cc-pVDZ"}