{"variables": {"DFT FUNCTIONAL TOTAL ENERGY": -339.83934273272007, "DFT TOTAL ENERGY": -339.83934273272007, "ONE-ELECTRON ENERGY": -939.5510354825059, "SCF TOTAL ENERGY": -339.83934273272007, "SCF DIPOLE X": -4.5150482996803025e-15, "SCF DIPOLE Z": 0.0, "CURRENT DIPOLE Z": 0.0, "SCF DIPOLE Y": -6.772572449520454e-15, "CURRENT REFERENCE ENERGY": -339.83934273272007, "DFT XC ENERGY": -35.69739724004193, "CURRENT DIPOLE X": -4.5150482996803025e-15, "TWO-ELECTRON ENERGY": 394.94630846137693, "CURRENT ENERGY": -339.83934273272007, "SCF N ITERS": 9.0, "NUCLEAR REPULSION ENERGY": 240.4627815284508, "CURRENT DIPOLE Y": -6.772572449520454e-15, "SCF ITERATION ENERGY": -339.83934273272007}, "args": "B3LYP/aug-cc-pVDZ", "output": "", "molecule_hash": "229bf522ec91186f1e27307846f0fc16813117bd", "return_value": -339.83934273272007, "modelchem": "B3LYP/aug-cc-pVDZ", "molecule": "\n  0  1\n      C        1.68040472        -0.25737318         0.00000000\n      H        2.78876519        -0.42713125         0.00000000\n      O        0.98387212        -1.27944113         0.00000000\n      N        1.47197100         1.06623396         0.00000000\n      H        0.51175066         1.43614881         0.00000000\n      H        2.30581639         1.63815514         0.00000000\n      C       -1.68040472         0.25737318         0.00000000\n      H       -2.78876519         0.42713125         0.00000000\n      O       -0.98387212         1.27944113         0.00000000\n      N       -1.47197100        -1.06623396         0.00000000\n      H       -0.51175066        -1.43614881         0.00000000\n      H       -2.30581639        -1.63815514         0.00000000\n", "driver": "energy", "success": true, "error": ""}