{"return_value": -150.03339075271103, "driver": "energy", "variables": {"CURRENT DIPOLE X": 1.8547339471701736, "SCF DIPOLE Z": 0.0, "DFT XC ENERGY": -16.739425272876158, "SCF TOTAL ENERGY": -150.03339075271103, "DFT FUNCTIONAL TOTAL ENERGY": -150.03339075271103, "CURRENT ENERGY": -150.03339075271103, "DFT TOTAL ENERGY": -150.03339075271103, "SCF ITERATION ENERGY": -150.03339075271103, "SCF DIPOLE X": 1.8547339471701736, "SCF DIPOLE Y": 2.47890001036851, "TWO-ELECTRON ENERGY": 138.69408201649594, "SCF N ITERS": 8.0, "NUCLEAR REPULSION ENERGY": 71.37962643457654, "ONE-ELECTRON ENERGY": -343.36767393090736, "CURRENT REFERENCE ENERGY": -150.03339075271103, "CURRENT DIPOLE Z": 0.0, "CURRENT DIPOLE Y": 2.47890001036851}, "error": "", "output": "", "success": true, "molecule": "\n  0  1\n      C        2.04736978        -0.10381896         0.00000000\n      H        3.15111193        -0.15978802         0.00000000\n      N        1.32968607        -1.19773394         0.00000000\n      H        1.95888022        -2.00487461         0.00000000\n      N        1.52453108         1.14670134         0.00000000\n      H        0.49489283         1.27394294         0.00000000\n      H        2.15004136         1.93933564         0.00000000\n  GH(C)       -2.04736978         0.10381896         0.00000000\n  GH(H)       -3.15111193         0.15978802         0.00000000\n  GH(N)       -1.32968607         1.19773394         0.00000000\n  GH(H)       -1.95888022         2.00487461         0.00000000\n  GH(N)       -1.52453108        -1.14670134         0.00000000\n  GH(H)       -0.49489283        -1.27394294         0.00000000\n  GH(H)       -2.15004136        -1.93933564         0.00000000\n", "molecule_hash": "235a02da74100ca35eaf8502007f8afa687d5a27", "args": "B3LYP/aug-cc-pVDZ", "modelchem": "B3LYP/aug-cc-pVDZ"}