{"modelchem": "B3LYP/aug-cc-pVDZ", "error": "", "variables": {"CURRENT REFERENCE ENERGY": -319.97084228057275, "NUCLEAR REPULSION ENERGY": 211.99864089184348, "SCF TOTAL ENERGY": -319.97084228057275, "ONE-ELECTRON ENERGY": -854.2133256948593, "CURRENT DIPOLE Y": -1.575767479036792, "CURRENT DIPOLE Z": 0.0, "DFT XC ENERGY": -34.54250060357198, "SCF ITERATION ENERGY": -319.97084228057275, "SCF N ITERS": 10.0, "SCF DIPOLE Y": -1.575767479036792, "CURRENT ENERGY": -319.97084228057275, "CURRENT DIPOLE X": 1.11481751112934, "TWO-ELECTRON ENERGY": 356.7863431260151, "DFT TOTAL ENERGY": -319.97084228057275, "DFT FUNCTIONAL TOTAL ENERGY": -319.97084228057275, "SCF DIPOLE Z": 0.0, "SCF DIPOLE X": 1.11481751112934}, "molecule": "\n  0  1\n      C       -2.46891156         0.12607812         0.00000000\n      H       -3.57918367         0.18293782         0.00000000\n      O       -1.78100213         1.15283979         0.00000000\n      N       -1.94185120        -1.13321981         0.00000000\n      H       -0.92564680        -1.24163694         0.00000000\n      H       -2.53922912        -1.94924812         0.00000000\n      C        2.52454538        -0.12964879         0.00000000\n      H        3.62661434        -0.18608839         0.00000000\n      N        1.74484282        -1.17452020         0.00000000\n      H        2.32376341        -2.02083242         0.00000000\n      N        2.00367207         1.13832154         0.00000000\n      H        0.99293782         1.25860595         0.00000000\n      H        2.60169997         1.95068341         0.00000000\n", "molecule_hash": "23750e9e358d6be043735d7db9d3dc89a3e68b36", "return_value": -319.97084228057275, "driver": "energy", "success": true, "output": "", "args": "B3LYP/aug-cc-pVDZ"}