{"modelchem": "B3LYP/aug-cc-pVDZ", "return_value": -189.7951044207567, "molecule": "\n  0  1\n      C       -3.42232127         0.16653527         0.00000000\n      H       -4.52734265         0.21545352         0.00000000\n      O       -2.68394725         1.13198626         0.00000000\n      O       -3.01424928        -1.12993738         0.00000000\n      H       -2.03892166        -1.11784311         0.00000000\n  GH(C)        3.57083085        -0.14304496         0.00000000\n  GH(H)        4.67461743        -0.19190855         0.00000000\n  GH(N)        2.78161679        -1.17225021         0.00000000\n  GH(H)        3.34675787        -2.02791543         0.00000000\n  GH(N)        3.07956461         1.14215114         0.00000000\n  GH(H)        2.07713948         1.28822281         0.00000000\n  GH(H)        3.69667809         1.93998571         0.00000000\n", "molecule_hash": "2d48d4eeb0bb4c1bc1dc1587078499d7544f6db1", "driver": "energy", "args": "B3LYP/aug-cc-pVDZ", "success": true, "variables": {"CURRENT DIPOLE X": -0.3829679372192334, "CURRENT DIPOLE Y": -1.502115570444658, "DFT FUNCTIONAL TOTAL ENERGY": -189.79510442075673, "TWO-ELECTRON ENERGY": 156.21142364599382, "SCF DIPOLE Y": -1.502115570444658, "SCF N ITERS": 8.0, "CURRENT DIPOLE Z": 0.0, "ONE-ELECTRON ENERGY": -396.6084144440033, "SCF TOTAL ENERGY": -189.7951044207567, "DFT XC ENERGY": -18.83625938183637, "CURRENT REFERENCE ENERGY": -189.7951044207567, "DFT TOTAL ENERGY": -189.79510442075673, "NUCLEAR REPULSION ENERGY": 69.43814575908914, "SCF DIPOLE X": -0.3829679372192334, "SCF ITERATION ENERGY": -189.7951044207567, "SCF DIPOLE Z": 0.0, "CURRENT ENERGY": -189.7951044207567}, "output": "", "error": ""}