{"molecule_hash": "2e25527c68ae40848566756d310936b6316db084", "error": "", "driver": "energy", "modelchem": "B3LYP/aug-cc-pVDZ", "success": true, "molecule": "\n  0  1\n      C       -2.44239623         0.17109139         0.00000000\n      H       -3.54516867         0.24497624         0.00000000\n      O       -1.70804752         1.14675140         0.00000000\n      O       -2.01618143        -1.11187675         0.00000000\n      H       -1.03372502        -1.09479015         0.00000000\n  GH(C)        2.54642003        -0.16315517         0.00000000\n  GH(H)        3.64763409        -0.23693560         0.00000000\n  GH(N)        1.72722352        -1.17543768         0.00000000\n  GH(H)        2.26584227        -2.04765017         0.00000000\n  GH(N)        2.07067818         1.12435634         0.00000000\n  GH(H)        1.06632369         1.28126044         0.00000000\n  GH(H)        2.69733971         1.91489993         0.00000000\n", "args": "B3LYP/aug-cc-pVDZ", "variables": {"NUCLEAR REPULSION ENERGY": 69.4378206371202, "SCF DIPOLE Y": -1.5639779768860378, "SCF TOTAL ENERGY": -189.79487861128447, "CURRENT REFERENCE ENERGY": -189.79487861128447, "ONE-ELECTRON ENERGY": -396.62627529252046, "CURRENT ENERGY": -189.79487861128447, "CURRENT DIPOLE Y": -1.5639779768860378, "CURRENT DIPOLE X": -0.38047799461882265, "TWO-ELECTRON ENERGY": 156.22688760379992, "DFT TOTAL ENERGY": -189.79487861128447, "SCF ITERATION ENERGY": -189.79487861128447, "SCF DIPOLE X": -0.38047799461882265, "SCF N ITERS": 8.0, "DFT XC ENERGY": -18.833311559684113, "CURRENT DIPOLE Z": 0.0, "DFT FUNCTIONAL TOTAL ENERGY": -189.79487861128447, "SCF DIPOLE Z": 0.0}, "return_value": -189.79487861128447, "output": ""}