{"output": "", "driver": "energy", "variables": {"CURRENT DIPOLE X": 1.3837448442150921, "SCF DIPOLE Y": 4.091513754529328, "CURRENT DIPOLE Y": 4.091513754529328, "TWO-ELECTRON ENERGY": 147.38013573518387, "NUCLEAR REPULSION ENERGY": 70.28231876832575, "SCF DIPOLE Z": 0.0, "DFT TOTAL ENERGY": -169.91701900547213, "SCF TOTAL ENERGY": -169.91701900547213, "DFT FUNCTIONAL TOTAL ENERGY": -169.91701900547213, "CURRENT REFERENCE ENERGY": -169.91701900547213, "CURRENT DIPOLE Z": 0.0, "DFT XC ENERGY": -17.80041536917672, "SCF DIPOLE X": 1.3837448442150921, "SCF ITERATION ENERGY": -169.91701900547213, "SCF N ITERS": 8.0, "ONE-ELECTRON ENERGY": -369.77905813980504, "CURRENT ENERGY": -169.91701900547213}, "molecule_hash": "36ee585308d33e93474f36b75b5fde3f055b2e27", "molecule": "\n  0  1\n      C        1.68040472        -0.25737318         0.00000000\n      H        2.78876519        -0.42713125         0.00000000\n      O        0.98387212        -1.27944113         0.00000000\n      N        1.47197100         1.06623396         0.00000000\n      H        0.51175066         1.43614881         0.00000000\n      H        2.30581639         1.63815514         0.00000000\n  GH(C)       -1.68040472         0.25737318         0.00000000\n  GH(H)       -2.78876519         0.42713125         0.00000000\n  GH(O)       -0.98387212         1.27944113         0.00000000\n  GH(N)       -1.47197100        -1.06623396         0.00000000\n  GH(H)       -0.51175066        -1.43614881         0.00000000\n  GH(H)       -2.30581639        -1.63815514         0.00000000\n", "return_value": -169.91701900547213, "args": "B3LYP/aug-cc-pVDZ", "modelchem": "B3LYP/aug-cc-pVDZ", "success": true, "error": ""}