{"modelchem": "B3LYP/aug-cc-pVDZ", "output": "", "return_value": -189.79507967586545, "success": true, "args": "B3LYP/aug-cc-pVDZ", "error": "", "driver": "energy", "variables": {"SCF N ITERS": 8.0, "CURRENT DIPOLE X": 0.39164186172845267, "SCF DIPOLE Y": 1.4889066590995867, "CURRENT DIPOLE Z": 0.0, "DFT XC ENERGY": -18.836402053608687, "SCF DIPOLE Z": 0.0, "SCF ITERATION ENERGY": -189.79507967586545, "CURRENT DIPOLE Y": 1.4889066590995867, "DFT FUNCTIONAL TOTAL ENERGY": -189.79507967586545, "SCF TOTAL ENERGY": -189.79507967586545, "DFT TOTAL ENERGY": -189.79507967586545, "NUCLEAR REPULSION ENERGY": 69.43495391551377, "CURRENT ENERGY": -189.79507967586545, "SCF DIPOLE X": 0.39164186172845267, "ONE-ELECTRON ENERGY": -396.6005534009194, "CURRENT REFERENCE ENERGY": -189.79507967586545, "TWO-ELECTRON ENERGY": 156.2069218631489}, "molecule_hash": "370ee627777580ef2570cb57a05a5875b7e5a37c", "molecule": "\n  0  1\n      C        3.99646944        -0.16803989         0.00000000\n      H        5.10156877        -0.21450609         0.00000000\n      O        3.25414999        -1.12972545         0.00000000\n      O        3.59284622         1.13117851         0.00000000\n      H        2.61830479         1.12095879         0.00000000\n  GH(C)       -3.99646944         0.16803989         0.00000000\n  GH(H)       -5.10156877         0.21450609         0.00000000\n  GH(O)       -3.25414999         1.12972545         0.00000000\n  GH(O)       -3.59284622        -1.13117851         0.00000000\n  GH(H)       -2.61830479        -1.12095879         0.00000000\n"}