{"error": "", "output": "", "args": "B3LYP/aug-cc-pVDZ", "return_value": -169.9193232262881, "driver": "energy", "molecule_hash": "3ab645ba71c381b92c42bafe7c328c235f74a357", "variables": {"CURRENT DIPOLE Y": 4.151292105629052, "TWO-ELECTRON ENERGY": 147.45232052511275, "DFT TOTAL ENERGY": -169.9193232262881, "CURRENT REFERENCE ENERGY": -169.9193232262881, "NUCLEAR REPULSION ENERGY": 70.3283558035014, "ONE-ELECTRON ENERGY": -369.9013755288091, "SCF ITERATION ENERGY": -169.9193232262881, "CURRENT ENERGY": -169.9193232262881, "CURRENT DIPOLE Z": 0.0, "CURRENT DIPOLE X": 1.2027911807658338, "SCF DIPOLE X": 1.2027911807658338, "SCF TOTAL ENERGY": -169.9193232262881, "DFT XC ENERGY": -17.798624026093115, "SCF DIPOLE Y": 4.151292105629052, "SCF N ITERS": 8.0, "SCF DIPOLE Z": 0.0, "DFT FUNCTIONAL TOTAL ENERGY": -169.9193232262881}, "modelchem": "B3LYP/aug-cc-pVDZ", "success": true, "molecule": "\n  0  1\n      C        1.73857937        -0.19960660         0.00000000\n      H        2.84972331        -0.32717722         0.00000000\n      O        1.07441392        -1.24725582         0.00000000\n      N        1.42842301         1.10192478         0.00000000\n      H        0.43552514         1.39016691         0.00000000\n      H        2.20654586         1.74794356         0.00000000\n  GH(C)       -1.73857937         0.19960660         0.00000000\n  GH(H)       -2.84972331         0.32717722         0.00000000\n  GH(O)       -1.07441392         1.24725582         0.00000000\n  GH(N)       -1.42842301        -1.10192478         0.00000000\n  GH(H)       -0.43552514        -1.39016691         0.00000000\n  GH(H)       -2.20654586        -1.74794356         0.00000000\n"}