{"molecule": "\n  0  1\n      C        3.49547568        -0.17791547         0.00000000\n      H        4.60006941        -0.23413795         0.00000000\n      O        2.74388512        -1.13278853         0.00000000\n      O        3.10454835         1.12465267         0.00000000\n      H        2.12977769         1.12626632         0.00000000\n  GH(C)       -3.49547568         0.17791547         0.00000000\n  GH(H)       -4.60006941         0.23413795         0.00000000\n  GH(O)       -2.74388512         1.13278853         0.00000000\n  GH(O)       -3.10454835        -1.12465267         0.00000000\n  GH(H)       -2.12977769        -1.12626632         0.00000000\n", "args": "B3LYP/aug-cc-pVDZ", "output": "", "modelchem": "B3LYP/aug-cc-pVDZ", "variables": {"SCF DIPOLE Y": 1.493364106252429, "SCF DIPOLE X": 0.40440259325795447, "DFT TOTAL ENERGY": -189.79509282891613, "CURRENT DIPOLE X": 0.40440259325795447, "SCF TOTAL ENERGY": -189.7950928289161, "CURRENT ENERGY": -189.7950928289161, "ONE-ELECTRON ENERGY": -396.59884586449516, "NUCLEAR REPULSION ENERGY": 69.43350415837558, "TWO-ELECTRON ENERGY": 156.20659705010917, "SCF DIPOLE Z": 0.0, "DFT FUNCTIONAL TOTAL ENERGY": -189.79509282891613, "CURRENT DIPOLE Z": 0.0, "DFT XC ENERGY": -18.836348172905694, "CURRENT REFERENCE ENERGY": -189.7950928289161, "SCF N ITERS": 8.0, "SCF ITERATION ENERGY": -189.7950928289161, "CURRENT DIPOLE Y": 1.493364106252429}, "molecule_hash": "3b195a5a796a2ba83586908a5eedcf177c42eff0", "return_value": -189.7950928289161, "success": true, "driver": "energy", "error": ""}