{"molecule_hash": "403943c0502aa252b54b0687c7feb81b19296831", "driver": "energy", "modelchem": "B3LYP/aug-cc-pVDZ", "success": true, "molecule": "\n  0  1\n      C       -1.97758328         0.16248610         0.00000000\n      H       -3.07869694         0.25672827         0.00000000\n      O       -1.27661752         1.17355076         0.00000000\n      O       -1.53599418        -1.09470560         0.00000000\n      H       -0.53703710        -1.08809981         0.00000000\n  GH(C)        2.00784676        -0.17861908         0.00000000\n  GH(H)        3.11415420        -0.27330577         0.00000000\n  GH(O)        1.25185521        -1.16673528         0.00000000\n  GH(N)        1.58801714         1.10829528         0.00000000\n  GH(H)        0.58149375         1.30380344         0.00000000\n  GH(H)        2.26561575         1.85952935         0.00000000\n", "error": "", "output": "", "variables": {"CURRENT DIPOLE Z": 0.0, "NUCLEAR REPULSION ENERGY": 69.43897100293836, "CURRENT DIPOLE X": -0.2716382366958104, "CURRENT ENERGY": -189.79342552414298, "SCF DIPOLE X": -0.2716382366958104, "SCF N ITERS": 8.0, "CURRENT DIPOLE Y": -1.7823516300046935, "DFT XC ENERGY": -18.82958841418679, "ONE-ELECTRON ENERGY": -396.6397140834421, "DFT FUNCTIONAL TOTAL ENERGY": -189.79342552414298, "SCF ITERATION ENERGY": -189.79342552414298, "TWO-ELECTRON ENERGY": 156.2369059705475, "SCF DIPOLE Y": -1.7823516300046935, "SCF DIPOLE Z": 0.0, "DFT TOTAL ENERGY": -189.79342552414298, "CURRENT REFERENCE ENERGY": -189.79342552414298, "SCF TOTAL ENERGY": -189.79342552414298}, "return_value": -189.79342552414298, "args": "B3LYP/aug-cc-pVDZ"}