{"args": "B3LYP/aug-cc-pVDZ", "molecule": "\n  0  1\n      C        1.69498253        -0.13051889         0.00000000\n      H        2.80633596        -0.21609653         0.00000000\n      N        1.09905882        -1.29491251         0.00000000\n      H        1.82089470        -2.01478416         0.00000000\n      N        1.37286317         1.16800831         0.00000000\n      H        0.35212595         1.46532985         0.00000000\n      H        2.16581591         1.79503126         0.00000000\n  GH(C)       -1.69498253         0.13051889         0.00000000\n  GH(H)       -2.80633596         0.21609653         0.00000000\n  GH(N)       -1.09905882         1.29491251         0.00000000\n  GH(H)       -1.82089470         2.01478416         0.00000000\n  GH(N)       -1.37286317        -1.16800831         0.00000000\n  GH(H)       -0.35212595        -1.46532985         0.00000000\n  GH(H)       -2.16581591        -1.79503126         0.00000000\n", "output": "", "success": true, "molecule_hash": "409a597bb5245ff1d81af8bb3b678e609032e5e4", "modelchem": "B3LYP/aug-cc-pVDZ", "variables": {"NUCLEAR REPULSION ENERGY": 71.02970630287376, "ONE-ELECTRON ENERGY": -342.5707482800951, "SCF DIPOLE X": 1.8959309548605146, "SCF DIPOLE Y": 2.911810588205828, "SCF ITERATION ENERGY": -150.01784073971362, "CURRENT REFERENCE ENERGY": -150.01784073971362, "DFT TOTAL ENERGY": -150.01784073971362, "CURRENT DIPOLE Z": 0.0, "SCF TOTAL ENERGY": -150.01784073971362, "CURRENT ENERGY": -150.01784073971362, "CURRENT DIPOLE X": 1.8959309548605146, "DFT FUNCTIONAL TOTAL ENERGY": -150.01784073971362, "CURRENT DIPOLE Y": 2.911810588205828, "TWO-ELECTRON ENERGY": 138.2598680961755, "DFT XC ENERGY": -16.736666858667796, "SCF DIPOLE Z": 0.0, "SCF N ITERS": 8.0}, "return_value": -150.01784073971362, "driver": "energy", "error": ""}