{"output": "", "variables": {"SCF TOTAL ENERGY": -359.73439699683905, "CURRENT DIPOLE Y": 2.267014914223679, "DFT FUNCTIONAL TOTAL ENERGY": -359.73439699683905, "SCF DIPOLE Z": 0.0, "CURRENT DIPOLE X": 1.0308128274142279, "DFT XC ENERGY": -36.63782338337451, "NUCLEAR REPULSION ENERGY": 217.08104009968085, "CURRENT ENERGY": -359.73439699683905, "CURRENT DIPOLE Z": 0.0, "DFT TOTAL ENERGY": -359.73439699683905, "TWO-ELECTRON ENERGY": 381.09821319208515, "ONE-ELECTRON ENERGY": -921.2758269052306, "SCF DIPOLE X": 1.0308128274142279, "SCF DIPOLE Y": 2.267014914223679, "SCF N ITERS": 10.0, "CURRENT REFERENCE ENERGY": -359.73439699683905, "SCF ITERATION ENERGY": -359.73439699683905}, "error": "", "return_value": -359.73439699683905, "molecule": "\n  0  1\n      C       -2.27180865         0.17975090         0.00000000\n      H       -3.37333986         0.26380020         0.00000000\n      O       -1.52660441         1.14998794         0.00000000\n      O       -1.85932830        -1.10443098         0.00000000\n      H       -0.87597638        -1.10468982         0.00000000\n      C        2.31485963        -0.17022217         0.00000000\n      H        3.42259050        -0.25474451         0.00000000\n      O        1.57138429        -1.15932816         0.00000000\n      N        1.85465707         1.11426632         0.00000000\n      H        0.84799242         1.27930626         0.00000000\n      H        2.49507804         1.89722164         0.00000000\n", "modelchem": "B3LYP/aug-cc-pVDZ", "driver": "energy", "args": "B3LYP/aug-cc-pVDZ", "molecule_hash": "421bbd1e5eb929a77bf35346c2b4ad5ed56ca889", "success": true}