{"variables": {"NUCLEAR REPULSION ENERGY": 71.3890192741799, "CURRENT REFERENCE ENERGY": -150.03369322328624, "CURRENT DIPOLE X": 1.856595689315903, "CURRENT DIPOLE Y": 2.434429803898566, "SCF DIPOLE X": 1.856595689315903, "DFT XC ENERGY": -16.73927075858704, "TWO-ELECTRON ENERGY": 138.70892909163732, "SCF DIPOLE Z": 0.0, "CURRENT DIPOLE Z": 0.0, "SCF ITERATION ENERGY": -150.03369322328624, "SCF N ITERS": 8.0, "DFT FUNCTIONAL TOTAL ENERGY": -150.0336932232862, "DFT TOTAL ENERGY": -150.0336932232862, "SCF TOTAL ENERGY": -150.03369322328624, "SCF DIPOLE Y": 2.434429803898566, "CURRENT ENERGY": -150.03369322328624, "ONE-ELECTRON ENERGY": -343.39237083051637}, "args": "B3LYP/aug-cc-pVDZ", "return_value": -150.03369322328624, "molecule": "\n  0  1\n      C        2.09742845        -0.10390077         0.00000000\n      H        3.20059131        -0.15854840         0.00000000\n      N        1.36932506        -1.19108785         0.00000000\n      H        1.99079936        -2.00473399         0.00000000\n      N        1.56227621         1.14466550         0.00000000\n      H        0.53433608         1.25999374         0.00000000\n      H        2.17408498         1.94769642         0.00000000\n  GH(C)       -2.09742845         0.10390077         0.00000000\n  GH(H)       -3.20059131         0.15854840         0.00000000\n  GH(N)       -1.36932506         1.19108785         0.00000000\n  GH(H)       -1.99079936         2.00473399         0.00000000\n  GH(N)       -1.56227621        -1.14466550         0.00000000\n  GH(H)       -0.53433608        -1.25999374         0.00000000\n  GH(H)       -2.17408498        -1.94769642         0.00000000\n", "error": "", "modelchem": "B3LYP/aug-cc-pVDZ", "driver": "energy", "molecule_hash": "4632140a6091d7b92d80d57e88b8c2964a0c41e0", "output": "", "success": true}