{"molecule_hash": "46af1a6e638a5219cd1fbd6ec2eba0c52c55486c", "modelchem": "B3LYP/aug-cc-pVDZ", "success": true, "output": "", "variables": {"NUCLEAR REPULSION ENERGY": 187.258169940271, "SCF ITERATION ENERGY": -379.59136716866084, "ONE-ELECTRON ENERGY": -889.9531735934996, "DFT TOTAL ENERGY": -379.59136716866084, "CURRENT ENERGY": -379.59136716866084, "CURRENT DIPOLE X": -4.5150482996803025e-15, "SCF DIPOLE X": -4.5150482996803025e-15, "DFT XC ENERGY": -37.6729508948469, "CURRENT DIPOLE Y": 0.0, "CURRENT DIPOLE Z": 0.0, "SCF DIPOLE Y": 0.0, "SCF N ITERS": 9.0, "SCF DIPOLE Z": 0.0, "SCF TOTAL ENERGY": -379.59136716866084, "DFT FUNCTIONAL TOTAL ENERGY": -379.59136716866084, "TWO-ELECTRON ENERGY": 360.77658737941476, "CURRENT REFERENCE ENERGY": -379.59136716866084}, "driver": "energy", "args": "B3LYP/aug-cc-pVDZ", "return_value": -379.59136716866084, "molecule": "\n  0  1\n      C        3.49547568        -0.17791547         0.00000000\n      H        4.60006941        -0.23413795         0.00000000\n      O        2.74388512        -1.13278853         0.00000000\n      O        3.10454835         1.12465267         0.00000000\n      H        2.12977769         1.12626632         0.00000000\n      C       -3.49547568         0.17791547         0.00000000\n      H       -4.60006941         0.23413795         0.00000000\n      O       -2.74388512         1.13278853         0.00000000\n      O       -3.10454835        -1.12465267         0.00000000\n      H       -2.12977769        -1.12626632         0.00000000\n", "error": ""}