{"args": "B3LYP/aug-cc-pVDZ", "driver": "energy", "molecule": "\n  0  1\n      C       -2.07299095         0.12047764         0.00000000\n      H       -3.18330109         0.18128485         0.00000000\n      O       -1.38900859         1.15844919         0.00000000\n      N       -1.56461787        -1.13434964         0.00000000\n      H       -0.53656198        -1.26288353         0.00000000\n      H       -2.19324500        -1.92734321         0.00000000\n  GH(C)        2.12072533        -0.10919529         0.00000000\n  GH(H)        3.22240596        -0.16952990         0.00000000\n  GH(N)        1.38733366        -1.19254323         0.00000000\n  GH(H)        2.00342544        -2.01034739         0.00000000\n  GH(N)        1.57620126         1.13760159         0.00000000\n  GH(H)        0.55501008         1.24096826         0.00000000\n  GH(H)        2.17143215         1.95251421         0.00000000\n", "return_value": -169.92428328182567, "variables": {"SCF DIPOLE Z": 0.0, "DFT FUNCTIONAL TOTAL ENERGY": -169.92428328182567, "CURRENT DIPOLE Z": 0.0, "TWO-ELECTRON ENERGY": 147.634401905685, "DFT XC ENERGY": -17.792368615216283, "SCF TOTAL ENERGY": -169.92428328182567, "CURRENT REFERENCE ENERGY": -169.92428328182567, "SCF DIPOLE Y": -4.0044470301398665, "CURRENT DIPOLE X": -1.0764818761110801, "SCF N ITERS": 8.0, "DFT TOTAL ENERGY": -169.92428328182567, "CURRENT DIPOLE Y": -4.0044470301398665, "NUCLEAR REPULSION ENERGY": 70.43516724794662, "SCF ITERATION ENERGY": -169.92428328182567, "ONE-ELECTRON ENERGY": -370.20148382024104, "CURRENT ENERGY": -169.92428328182567, "SCF DIPOLE X": -1.0764818761110801}, "error": "", "success": true, "modelchem": "B3LYP/aug-cc-pVDZ", "molecule_hash": "489bb4aa80daacbd769d41702831266b913a4cb9", "output": ""}