{"molecule_hash": "4dd966b1fd4dca9607554a03519fbaa96a870daa", "return_value": -150.03385167076996, "modelchem": "B3LYP/aug-cc-pVDZ", "output": "", "molecule": "\n  0  1\n      C        2.14746429        -0.10439674         0.00000000\n      H        3.25020808        -0.15800548         0.00000000\n      N        1.41111901        -1.18596705         0.00000000\n      H        2.02643555        -2.00474792         0.00000000\n      N        1.60342559         1.14321301         0.00000000\n      H        0.57725829         1.24942013         0.00000000\n      H        2.20446212         1.95412762         0.00000000\n  GH(C)       -2.14746429         0.10439674         0.00000000\n  GH(H)       -3.25020808         0.15800548         0.00000000\n  GH(N)       -1.41111901         1.18596705         0.00000000\n  GH(H)       -2.02643555         2.00474792         0.00000000\n  GH(N)       -1.60342559        -1.14321301         0.00000000\n  GH(H)       -0.57725829        -1.24942013         0.00000000\n  GH(H)       -2.20446212        -1.95412762         0.00000000\n", "success": true, "driver": "energy", "variables": {"CURRENT DIPOLE Z": 0.0, "SCF DIPOLE Z": 0.0, "SCF TOTAL ENERGY": -150.03385167076996, "SCF DIPOLE X": 1.8588001665873235, "CURRENT ENERGY": -150.03385167076996, "SCF N ITERS": 9.0, "SCF ITERATION ENERGY": -150.03385167076996, "CURRENT DIPOLE Y": 2.3971709647775747, "NUCLEAR REPULSION ENERGY": 71.39518799742231, "DFT XC ENERGY": -16.739225257121134, "SCF DIPOLE Y": 2.3971709647775747, "ONE-ELECTRON ENERGY": -343.4089398007317, "DFT TOTAL ENERGY": -150.03385167076993, "CURRENT REFERENCE ENERGY": -150.03385167076996, "DFT FUNCTIONAL TOTAL ENERGY": -150.03385167076993, "CURRENT DIPOLE X": 1.8588001665873235, "TWO-ELECTRON ENERGY": 138.71912538966052}, "error": "", "args": "B3LYP/aug-cc-pVDZ"}