{"return_value": -150.0343700067886, "success": true, "variables": {"CURRENT DIPOLE X": 1.9978633158743138, "CURRENT REFERENCE ENERGY": -150.0343700067886, "ONE-ELECTRON ENERGY": -343.4922292084621, "CURRENT ENERGY": -150.0343700067886, "SCF ITERATION ENERGY": -150.0343700067886, "SCF DIPOLE Z": 0.0, "DFT TOTAL ENERGY": -150.0343700067886, "DFT XC ENERGY": -16.74257909261202, "CURRENT DIPOLE Z": 0.0, "SCF DIPOLE Y": 2.13116180379245, "NUCLEAR REPULSION ENERGY": 71.43756173227602, "CURRENT DIPOLE Y": 2.13116180379245, "SCF N ITERS": 8.0, "SCF DIPOLE X": 1.9978633158743138, "SCF TOTAL ENERGY": -150.0343700067886, "TWO-ELECTRON ENERGY": 138.7628765620095, "DFT FUNCTIONAL TOTAL ENERGY": -150.0343700067886}, "output": "", "modelchem": "B3LYP/aug-cc-pVDZ", "args": "B3LYP/aug-cc-pVDZ", "molecule_hash": "5514487cbb6cf65967db055b3f07c0fb0282ac72", "error": "", "driver": "energy", "molecule": "\n  0  1\n  GH(C)       -2.44239623         0.17109139         0.00000000\n  GH(H)       -3.54516867         0.24497624         0.00000000\n  GH(O)       -1.70804752         1.14675140         0.00000000\n  GH(O)       -2.01618143        -1.11187675         0.00000000\n  GH(H)       -1.03372502        -1.09479015         0.00000000\n      C        2.54642003        -0.16315517         0.00000000\n      H        3.64763409        -0.23693560         0.00000000\n      N        1.72722352        -1.17543768         0.00000000\n      H        2.26584227        -2.04765017         0.00000000\n      N        2.07067818         1.12435634         0.00000000\n      H        1.06632369         1.28126044         0.00000000\n      H        2.69733971         1.91489993         0.00000000\n"}