{"error": "", "variables": {"NUCLEAR REPULSION ENERGY": 69.40721775872453, "CURRENT ENERGY": -189.78966222776162, "SCF DIPOLE X": -0.13891080491010627, "SCF N ITERS": 8.0, "DFT XC ENERGY": -18.8275954896454, "CURRENT DIPOLE Y": -2.119071829183144, "DFT FUNCTIONAL TOTAL ENERGY": -189.78966222776162, "SCF DIPOLE Y": -2.119071829183144, "DFT TOTAL ENERGY": -189.78966222776162, "TWO-ELECTRON ENERGY": 156.16224547500252, "CURRENT DIPOLE X": -0.13891080491010627, "SCF ITERATION ENERGY": -189.78966222776162, "SCF DIPOLE Z": 0.0, "CURRENT DIPOLE Z": 0.0, "SCF TOTAL ENERGY": -189.78966222776162, "ONE-ELECTRON ENERGY": -396.53152997184327, "CURRENT REFERENCE ENERGY": -189.78966222776162}, "success": true, "driver": "energy", "molecule_hash": "5744c6d6e34f9c65037778d9cb1582d49479e9fe", "output": "", "molecule": "\n  0  1\n  GH(C)        1.74073379        -0.17985247         0.00000000\n  GH(H)        2.84248921        -0.29368574         0.00000000\n  GH(O)        1.04839226        -1.20544675         0.00000000\n  GH(O)        1.40587723         1.08303481         0.00000000\n  GH(H)        0.38948927         1.16733829         0.00000000\n      C       -1.74073379         0.17985247         0.00000000\n      H       -2.84248921         0.29368574         0.00000000\n      O       -1.04839226         1.20544675         0.00000000\n      O       -1.40587723        -1.08303481         0.00000000\n      H       -0.38948927        -1.16733829         0.00000000\n", "return_value": -189.78966222776162, "args": "B3LYP/aug-cc-pVDZ", "modelchem": "B3LYP/aug-cc-pVDZ"}