{"output": "", "molecule": "\n  0  1\n      C        3.19679060        -0.14329444         0.00000000\n      H        4.30890404        -0.19314433         0.00000000\n      O        2.49028966        -1.14973005         0.00000000\n      N        2.71746327         1.13986108         0.00000000\n      H        1.71465256         1.29686270         0.00000000\n      H        3.34615668         1.93211051         0.00000000\n  GH(C)       -3.19679060         0.14329444         0.00000000\n  GH(H)       -4.30890404         0.19314433         0.00000000\n  GH(O)       -2.49028966         1.14973005         0.00000000\n  GH(N)       -2.71746327        -1.13986108         0.00000000\n  GH(H)       -1.71465256        -1.29686270         0.00000000\n  GH(H)       -3.34615668        -1.93211051         0.00000000\n", "driver": "energy", "variables": {"NUCLEAR REPULSION ENERGY": 70.51183702577201, "SCF DIPOLE Y": 3.8413964399429625, "SCF N ITERS": 8.0, "DFT TOTAL ENERGY": -169.92510817734734, "CURRENT REFERENCE ENERGY": -169.92510817734734, "CURRENT ENERGY": -169.92510817734734, "TWO-ELECTRON ENERGY": 147.6835311808676, "CURRENT DIPOLE X": 1.1664238774845146, "ONE-ELECTRON ENERGY": -370.32045853787145, "SCF DIPOLE X": 1.1664238774845146, "CURRENT DIPOLE Y": 3.8413964399429625, "SCF DIPOLE Z": 0.0, "SCF TOTAL ENERGY": -169.92510817734734, "SCF ITERATION ENERGY": -169.92510817734734, "DFT FUNCTIONAL TOTAL ENERGY": -169.92510817734734, "CURRENT DIPOLE Z": 0.0, "DFT XC ENERGY": -17.800017846115516}, "args": "B3LYP/aug-cc-pVDZ", "modelchem": "B3LYP/aug-cc-pVDZ", "return_value": -169.92510817734734, "error": "", "molecule_hash": "59c234cb9bf74eddf7c47ab96c3acb2b156e57fb", "success": true}