{"molecule_hash": "5a2faee4b6d7002a9a4d1c29ce6f8d54e05615a3", "modelchem": "B3LYP/aug-cc-pVDZ", "output": "", "variables": {"CURRENT DIPOLE X": -1.8788010218911548, "SCF DIPOLE Z": 0.0, "SCF ITERATION ENERGY": -150.02223432642236, "CURRENT DIPOLE Z": 0.0, "TWO-ELECTRON ENERGY": 138.36727954865316, "DFT XC ENERGY": -16.737976108784224, "SCF DIPOLE Y": -2.8488509211716093, "DFT TOTAL ENERGY": -150.0222343264224, "SCF DIPOLE X": -1.8788010218911548, "SCF N ITERS": 8.0, "CURRENT REFERENCE ENERGY": -150.02223432642236, "CURRENT DIPOLE Y": -2.8488509211716093, "CURRENT ENERGY": -150.02223432642236, "DFT FUNCTIONAL TOTAL ENERGY": -150.0222343264224, "ONE-ELECTRON ENERGY": -342.7725556469736, "NUCLEAR REPULSION ENERGY": 71.12101788068232, "SCF TOTAL ENERGY": -150.02223432642236}, "molecule": "\n  0  1\n  GH(C)        1.74573454        -0.12211451         0.00000000\n  GH(H)        2.85588849        -0.19977002         0.00000000\n  GH(N)        1.13008345        -1.27542245         0.00000000\n  GH(H)        1.83665594        -2.01109010         0.00000000\n  GH(N)        1.38209118         1.16632433         0.00000000\n  GH(H)        0.35550066         1.43042391         0.00000000\n  GH(H)        2.14642150         1.82776097         0.00000000\n      C       -1.74573454         0.12211451         0.00000000\n      H       -2.85588849         0.19977002         0.00000000\n      N       -1.13008345         1.27542245         0.00000000\n      H       -1.83665594         2.01109010         0.00000000\n      N       -1.38209118        -1.16632433         0.00000000\n      H       -0.35550066        -1.43042391         0.00000000\n      H       -2.14642150        -1.82776097         0.00000000\n", "args": "B3LYP/aug-cc-pVDZ", "error": "", "driver": "energy", "return_value": -150.02223432642236, "success": true}