{"molecule_hash": "5b05bc72b86991c4a07a842fe743ef9aa2822819", "variables": {"NUCLEAR REPULSION ENERGY": 238.47937460615407, "DFT TOTAL ENERGY": -359.73682605662145, "SCF ITERATION ENERGY": -359.73682605662145, "SCF N ITERS": 10.0, "CURRENT DIPOLE Z": 0.0, "TWO-ELECTRON ENERGY": 402.43427010418236, "CURRENT DIPOLE Y": 2.0845882726642957, "CURRENT ENERGY": -359.73682605662145, "SCF DIPOLE X": 2.000945192955908, "SCF DIPOLE Z": 0.0, "CURRENT DIPOLE X": 2.000945192955908, "ONE-ELECTRON ENERGY": -963.9394106062945, "SCF DIPOLE Y": 2.0845882726642957, "CURRENT REFERENCE ENERGY": -359.73682605662145, "DFT XC ENERGY": -36.71106016066332, "SCF TOTAL ENERGY": -359.73682605662145, "DFT FUNCTIONAL TOTAL ENERGY": -359.73682605662145}, "driver": "energy", "return_value": -359.73682605662145, "output": "", "error": "", "modelchem": "B3LYP/aug-cc-pVDZ", "success": true, "args": "B3LYP/aug-cc-pVDZ", "molecule": "\n  0  1\n      C       -1.78217824         0.17067463         0.00000000\n      H       -2.88586235         0.28192476         0.00000000\n      O       -1.11959419         1.21087120         0.00000000\n      O       -1.40116395        -1.08369245         0.00000000\n      H       -0.38043759        -1.13241294         0.00000000\n      C        1.79967181        -0.19037187         0.00000000\n      H        2.90662488        -0.30195151         0.00000000\n      O        1.08054052        -1.20751884         0.00000000\n      N        1.46296486         1.10656646         0.00000000\n      H        0.46794114         1.37317096         0.00000000\n      H        2.21379368         1.78455973         0.00000000\n"}