{"return_value": -169.92447279681943, "molecule_hash": "5dbec470465c002561b1f7ea3aadb098aa22e296", "success": true, "modelchem": "B3LYP/aug-cc-pVDZ", "output": "", "driver": "energy", "args": "B3LYP/aug-cc-pVDZ", "error": "", "variables": {"CURRENT REFERENCE ENERGY": -169.92447279681943, "CURRENT DIPOLE X": -1.073208572721987, "CURRENT ENERGY": -169.92447279681943, "CURRENT DIPOLE Z": 0.0, "DFT TOTAL ENERGY": -169.92447279681943, "DFT FUNCTIONAL TOTAL ENERGY": -169.92447279681943, "SCF DIPOLE X": -1.073208572721987, "SCF TOTAL ENERGY": -169.92447279681943, "DFT XC ENERGY": -17.79345130101317, "CURRENT DIPOLE Y": -3.9624503243412637, "SCF N ITERS": 8.0, "SCF ITERATION ENERGY": -169.92447279681943, "TWO-ELECTRON ENERGY": 147.66050675866055, "ONE-ELECTRON ENERGY": -370.25027333670295, "SCF DIPOLE Y": -3.9624503243412637, "NUCLEAR REPULSION ENERGY": 70.4587450822361, "SCF DIPOLE Z": 0.0}, "molecule": "\n  0  1\n      C       -2.17188140         0.11988045         0.00000000\n      H       -3.28175966         0.17894887         0.00000000\n      O       -1.48523553         1.15415106         0.00000000\n      N       -1.64740473        -1.13310658         0.00000000\n      H       -0.62269709        -1.24587569         0.00000000\n      H       -2.25726874        -1.94034051         0.00000000\n  GH(C)        2.22190118        -0.11395941         0.00000000\n  GH(H)        3.32331433        -0.17257731         0.00000000\n  GH(N)        1.46969819        -1.18352562         0.00000000\n  GH(H)        2.07143556        -2.01270689         0.00000000\n  GH(N)        1.67623295         1.13700945         0.00000000\n  GH(H)        0.65776551         1.23805882         0.00000000\n  GH(H)        2.26434801         1.95686864         0.00000000\n"}