{"molecule_hash": "605cfd605ca281f1a5f36d3c84e0fb249d6d4c24", "error": "", "modelchem": "B3LYP/aug-cc-pVDZ", "driver": "energy", "return_value": -189.79331886396082, "output": "", "args": "B3LYP/aug-cc-pVDZ", "variables": {"SCF DIPOLE Y": -1.7511159780917815, "DFT XC ENERGY": -18.826391217626142, "DFT TOTAL ENERGY": -189.79331886396082, "CURRENT ENERGY": -189.79331886396082, "CURRENT REFERENCE ENERGY": -189.79331886396082, "TWO-ELECTRON ENERGY": 156.19623796709408, "SCF ITERATION ENERGY": -189.79331886396082, "SCF DIPOLE Z": 0.0, "CURRENT DIPOLE Z": 0.0, "SCF TOTAL ENERGY": -189.79331886396082, "ONE-ELECTRON ENERGY": -396.5471658584008, "SCF DIPOLE X": -0.2872776222315435, "SCF N ITERS": 8.0, "CURRENT DIPOLE X": -0.2872776222315435, "NUCLEAR REPULSION ENERGY": 69.38400024497204, "DFT FUNCTIONAL TOTAL ENERGY": -189.79331886396082, "CURRENT DIPOLE Y": -1.7511159780917815}, "molecule": "\n  0  1\n      C       -2.05155512         0.15829850         0.00000000\n      H       -3.15369321         0.24486622         0.00000000\n      O       -1.34536667         1.16523819         0.00000000\n      O       -1.60135034        -1.09941548         0.00000000\n      H       -0.59665904        -1.08819693         0.00000000\n  GH(C)        2.13554958        -0.17057869         0.00000000\n  GH(H)        3.23507103        -0.25694088         0.00000000\n  GH(N)        1.30498819        -1.18028525         0.00000000\n  GH(H)        1.82500469        -2.06170111         0.00000000\n  GH(N)        1.67894465         1.11473347         0.00000000\n  GH(H)        0.67115531         1.28502625         0.00000000\n  GH(H)        2.32574278         1.88931006         0.00000000\n", "success": true}