{"driver": "energy", "return_value": -169.9250548592137, "variables": {"SCF TOTAL ENERGY": -169.9250548592137, "SCF ITERATION ENERGY": -169.9250548592137, "CURRENT REFERENCE ENERGY": -169.9250548592137, "CURRENT DIPOLE Z": 0.0, "ONE-ELECTRON ENERGY": -370.33639156774154, "NUCLEAR REPULSION ENERGY": 70.51605247650544, "CURRENT ENERGY": -169.9250548592137, "CURRENT DIPOLE Y": -3.8588791665504223, "TWO-ELECTRON ENERGY": 147.69455354780453, "SCF DIPOLE Z": 0.0, "SCF DIPOLE X": -1.1247310186756776, "SCF N ITERS": 8.0, "DFT XC ENERGY": -17.799269315782116, "CURRENT DIPOLE X": -1.1247310186756776, "DFT TOTAL ENERGY": -169.9250548592137, "DFT FUNCTIONAL TOTAL ENERGY": -169.9250548592137, "SCF DIPOLE Y": -3.8588791665504223}, "args": "B3LYP/aug-cc-pVDZ", "molecule_hash": "64bff8f986b3253ae952f69bedd2f98132dbe6bb", "success": true, "modelchem": "B3LYP/aug-cc-pVDZ", "molecule": "\n  0  1\n      C       -2.86354863         0.13635439         0.00000000\n      H       -3.97519119         0.18862454         0.00000000\n      O       -2.16694926         1.15157613         0.00000000\n      N       -2.36429186        -1.13776075         0.00000000\n      H       -1.35648460        -1.27362001         0.00000000\n      H       -2.97920858        -1.94060039         0.00000000\n  GH(C)        2.93005123        -0.13606441         0.00000000\n  GH(H)        4.03321099        -0.18793570         0.00000000\n  GH(N)        2.14816261        -1.17431528         0.00000000\n  GH(H)        2.72399657        -2.02298552         0.00000000\n  GH(N)        2.42557457         1.14138666         0.00000000\n  GH(H)        1.42000011         1.27687473         0.00000000\n  GH(H)        3.03409167         1.94580891         0.00000000\n", "error": "", "output": ""}