{"molecule_hash": "66237666411de714eb4c65800f13ed56c3ce8cf9", "driver": "energy", "return_value": -339.8607524327037, "modelchem": "B3LYP/aug-cc-pVDZ", "args": "B3LYP/aug-cc-pVDZ", "output": "", "success": true, "variables": {"SCF DIPOLE X": 2.0317717348561362e-14, "CURRENT DIPOLE Y": 4.5150482996803025e-15, "CURRENT REFERENCE ENERGY": -339.8607524327037, "SCF N ITERS": 9.0, "DFT FUNCTIONAL TOTAL ENERGY": -339.8607524327037, "CURRENT DIPOLE Z": 0.0, "NUCLEAR REPULSION ENERGY": 210.99686112205342, "ONE-ELECTRON ENERGY": -880.7941238667158, "CURRENT DIPOLE X": 2.0317717348561362e-14, "SCF DIPOLE Z": 0.0, "CURRENT ENERGY": -339.8607524327037, "DFT XC ENERGY": -35.599253545609564, "SCF ITERATION ENERGY": -339.8607524327037, "SCF DIPOLE Y": 4.5150482996803025e-15, "SCF TOTAL ENERGY": -339.8607524327037, "DFT TOTAL ENERGY": -339.8607524327037, "TWO-ELECTRON ENERGY": 365.5357638575683}, "molecule": "\n  0  1\n      C        2.49599331        -0.14149026         0.00000000\n      H        3.60589309        -0.20440710         0.00000000\n      O        1.78830561        -1.15373352         0.00000000\n      N        1.99827465         1.13031983         0.00000000\n      H        0.98820948         1.26676542         0.00000000\n      H        2.61374032         1.93291817         0.00000000\n      C       -2.49599331         0.14149026         0.00000000\n      H       -3.60589309         0.20440710         0.00000000\n      O       -1.78830561         1.15373352         0.00000000\n      N       -1.99827465        -1.13031983         0.00000000\n      H       -0.98820948        -1.26676542         0.00000000\n      H       -2.61374032        -1.93291817         0.00000000\n", "error": ""}