{"modelchem": "B3LYP/aug-cc-pVDZ", "molecule_hash": "6c039bdece08b16f5ec1f74f5c34f2d691d7bc0f", "molecule": "\n  0  1\n      C        3.99775075        -0.13414290         0.00000000\n      H        5.11067288        -0.17148655         0.00000000\n      O        3.30011621        -1.14514769         0.00000000\n      N        3.51015001         1.14724727         0.00000000\n      H        2.50709338         1.29726882         0.00000000\n      H        4.13374763         1.94351670         0.00000000\n  GH(C)       -3.99775075         0.13414290         0.00000000\n  GH(H)       -5.11067288         0.17148655         0.00000000\n  GH(O)       -3.30011621         1.14514769         0.00000000\n  GH(N)       -3.51015001        -1.14724727         0.00000000\n  GH(H)       -2.50709338        -1.29726882         0.00000000\n  GH(H)       -4.13374763        -1.94351670         0.00000000\n", "success": true, "output": "", "error": "", "return_value": -169.92509829531045, "args": "B3LYP/aug-cc-pVDZ", "variables": {"SCF TOTAL ENERGY": -169.92509829531045, "CURRENT ENERGY": -169.92509829531045, "SCF ITERATION ENERGY": -169.92509829531045, "CURRENT DIPOLE Y": 3.838302729063722, "DFT FUNCTIONAL TOTAL ENERGY": -169.92509829531045, "SCF DIPOLE X": 1.1351561565450021, "SCF DIPOLE Y": 3.838302729063722, "ONE-ELECTRON ENERGY": -370.3213395029199, "SCF DIPOLE Z": 0.0, "SCF N ITERS": 8.0, "TWO-ELECTRON ENERGY": 147.68281107645353, "CURRENT DIPOLE Z": 0.0, "CURRENT REFERENCE ENERGY": -169.92509829531045, "NUCLEAR REPULSION ENERGY": 70.51387004438848, "DFT XC ENERGY": -17.800439913232605, "CURRENT DIPOLE X": 1.1351561565450021, "DFT TOTAL ENERGY": -169.92509829531045}, "driver": "energy"}