{"args": "B3LYP/aug-cc-pVDZ", "success": true, "driver": "energy", "molecule": "\n  0  1\n      C       -3.42232127         0.16653527         0.00000000\n      H       -4.52734265         0.21545352         0.00000000\n      O       -2.68394725         1.13198626         0.00000000\n      O       -3.01424928        -1.12993738         0.00000000\n      H       -2.03892166        -1.11784311         0.00000000\n      C        3.57083085        -0.14304496         0.00000000\n      H        4.67461743        -0.19190855         0.00000000\n      N        2.78161679        -1.17225021         0.00000000\n      H        3.34675787        -2.02791543         0.00000000\n      N        3.07956461         1.14215114         0.00000000\n      H        2.07713948         1.28822281         0.00000000\n      H        3.69667809         1.93998571         0.00000000\n", "molecule_hash": "6c83df12c4bc80660eef9b288e8c1f3d12ab2179", "output": "", "error": "", "return_value": -339.83123833179394, "modelchem": "B3LYP/aug-cc-pVDZ", "variables": {"SCF DIPOLE X": 1.6511609002284258, "TWO-ELECTRON ENERGY": 343.36757878510866, "CURRENT ENERGY": -339.83123833179394, "NUCLEAR REPULSION ENERGY": 189.1768176526142, "DFT FUNCTIONAL TOTAL ENERGY": -339.8312383317939, "SCF DIPOLE Y": 0.6729261637878813, "CURRENT DIPOLE Y": 0.6729261637878813, "CURRENT DIPOLE Z": 0.0, "ONE-ELECTRON ENERGY": -836.79459529984, "SCF DIPOLE Z": 0.0, "SCF ITERATION ENERGY": -339.83123833179394, "DFT TOTAL ENERGY": -339.8312383317939, "CURRENT REFERENCE ENERGY": -339.83123833179394, "CURRENT DIPOLE X": 1.6511609002284258, "SCF TOTAL ENERGY": -339.83123833179394, "DFT XC ENERGY": -35.58103946967677, "SCF N ITERS": 10.0}}