{"modelchem": "B3LYP/aug-cc-pVDZ", "return_value": -300.0675568454197, "driver": "energy", "molecule_hash": "702c1a7967e97558e7e383e9dcc003f0802bd911", "output": "", "args": "B3LYP/aug-cc-pVDZ", "error": "", "molecule": "\n  0  1\n      C        1.79626801        -0.11585476         0.00000000\n      H        2.90515430        -0.18737513         0.00000000\n      N        1.16061610        -1.25790391         0.00000000\n      H        1.85182448        -2.00884269         0.00000000\n      N        1.39570164         1.16335736         0.00000000\n      H        0.36558676         1.39719019         0.00000000\n      H        2.13213780         1.85550007         0.00000000\n      C       -1.79626801         0.11585476         0.00000000\n      H       -2.90515430         0.18737513         0.00000000\n      N       -1.16061610         1.25790391         0.00000000\n      H       -1.85182448         2.00884269         0.00000000\n      N       -1.39570164        -1.16335736         0.00000000\n      H       -0.36558676        -1.39719019         0.00000000\n      H       -2.13213780        -1.85550007         0.00000000\n", "success": true, "variables": {"CURRENT DIPOLE Z": 0.0, "NUCLEAR REPULSION ENERGY": 236.84466393379236, "CURRENT DIPOLE X": -2.7090289798081815e-14, "SCF TOTAL ENERGY": -300.0675568454197, "SCF DIPOLE X": -2.7090289798081815e-14, "DFT FUNCTIONAL TOTAL ENERGY": -300.0675568454197, "SCF ITERATION ENERGY": -300.0675568454197, "DFT XC ENERGY": -33.58299731160428, "SCF DIPOLE Y": -3.386286224760227e-15, "SCF DIPOLE Z": 0.0, "CURRENT ENERGY": -300.0675568454197, "CURRENT REFERENCE ENERGY": -300.0675568454197, "TWO-ELECTRON ENERGY": 372.051796740383, "DFT TOTAL ENERGY": -300.0675568454197, "SCF N ITERS": 8.0, "CURRENT DIPOLE Y": -3.386286224760227e-15, "ONE-ELECTRON ENERGY": -875.3810202079908}}