{"driver": "energy", "args": "B3LYP/aug-cc-pVDZ", "variables": {"DFT XC ENERGY": -17.798814930534444, "DFT TOTAL ENERGY": -169.92505807239723, "SCF DIPOLE Y": 3.857959153403328, "CURRENT DIPOLE X": 1.172171491164099, "SCF ITERATION ENERGY": -169.92505807239723, "SCF DIPOLE X": 1.172171491164099, "SCF DIPOLE Z": 0.0, "DFT FUNCTIONAL TOTAL ENERGY": -169.92505807239723, "ONE-ELECTRON ENERGY": -370.32259132703945, "CURRENT REFERENCE ENERGY": -169.92505807239723, "SCF N ITERS": 8.0, "CURRENT ENERGY": -169.92505807239723, "TWO-ELECTRON ENERGY": 147.68762300061468, "CURRENT DIPOLE Z": 0.0, "NUCLEAR REPULSION ENERGY": 70.50872518456197, "SCF TOTAL ENERGY": -169.92505807239723, "CURRENT DIPOLE Y": 3.857959153403328}, "return_value": -169.92505807239723, "success": true, "molecule_hash": "746de3510989d6f6effb8d71d97237a007a70be8", "molecule": "\n  0  1\n      C        2.69608420        -0.14536998         0.00000000\n      H        3.80688469        -0.20526316         0.00000000\n      O        1.98650872        -1.15320220         0.00000000\n      N        2.21035574         1.13294283         0.00000000\n      H        1.20419348         1.28204746         0.00000000\n      H        2.83403804         1.92915087         0.00000000\n  GH(C)       -2.69608420         0.14536998         0.00000000\n  GH(H)       -3.80688469         0.20526316         0.00000000\n  GH(O)       -1.98650872         1.15320220         0.00000000\n  GH(N)       -2.21035574        -1.13294283         0.00000000\n  GH(H)       -1.20419348        -1.28204746         0.00000000\n  GH(H)       -2.83403804        -1.92915087         0.00000000\n", "error": "", "modelchem": "B3LYP/aug-cc-pVDZ", "output": ""}