{"args": "B3LYP/aug-cc-pVDZ", "output": "", "molecule_hash": "74c49bdfc4696ac94b136c5567081a47292e9acf", "variables": {"ONE-ELECTRON ENERGY": -369.62881711838867, "CURRENT DIPOLE Y": -4.1975623315597606, "SCF DIPOLE X": -1.1033197271916857, "DFT FUNCTIONAL TOTAL ENERGY": -169.9165658966603, "TWO-ELECTRON ENERGY": 147.31790250816508, "CURRENT ENERGY": -169.9165658966603, "DFT XC ENERGY": -17.788592988959095, "SCF DIPOLE Z": 0.0, "SCF DIPOLE Y": -4.1975623315597606, "SCF ITERATION ENERGY": -169.9165658966603, "CURRENT REFERENCE ENERGY": -169.9165658966603, "CURRENT DIPOLE X": -1.1033197271916857, "CURRENT DIPOLE Z": 0.0, "SCF N ITERS": 8.0, "SCF TOTAL ENERGY": -169.9165658966603, "NUCLEAR REPULSION ENERGY": 70.18294170252238, "DFT TOTAL ENERGY": -169.9165658966603}, "return_value": -169.9165658966603, "molecule": "\n  0  1\n      C       -1.73161493         0.16885424         0.00000000\n      H       -2.84774407         0.27229826         0.00000000\n      O       -1.09203207         1.23345283         0.00000000\n      N       -1.40935402        -1.12703884         0.00000000\n      H       -0.38663445        -1.41522920         0.00000000\n      H       -2.19618815        -1.76421756         0.00000000\n  GH(C)        1.75344970        -0.15414523         0.00000000\n  GH(H)        2.85932238        -0.25663867         0.00000000\n  GH(N)        1.10888334        -1.28995398         0.00000000\n  GH(H)        1.79513417        -2.04501619         0.00000000\n  GH(N)        1.40087130         1.13935068         0.00000000\n  GH(H)        0.40196256         1.40065024         0.00000000\n  GH(H)        2.15615427         1.80923145         0.00000000\n", "driver": "energy", "success": true, "error": "", "modelchem": "B3LYP/aug-cc-pVDZ"}