{"driver": "energy", "modelchem": "B3LYP/aug-cc-pVDZ", "success": true, "variables": {"ONE-ELECTRON ENERGY": -395.91091746815755, "CURRENT REFERENCE ENERGY": -189.78005457252803, "CURRENT ENERGY": -189.78005457252803, "SCF ITERATION ENERGY": -189.78005457252803, "SCF DIPOLE Y": -2.235249794440781, "CURRENT DIPOLE Y": -2.235249794440781, "NUCLEAR REPULSION ENERGY": 69.05387108874561, "TWO-ELECTRON ENERGY": 155.88044811383597, "DFT TOTAL ENERGY": -189.78005457252803, "CURRENT DIPOLE Z": 0.0, "SCF DIPOLE Z": 0.0, "SCF DIPOLE X": 0.03819571218162793, "SCF N ITERS": 8.0, "DFT XC ENERGY": -18.803456306952064, "SCF TOTAL ENERGY": -189.78005457252803, "CURRENT DIPOLE X": 0.03819571218162793, "DFT FUNCTIONAL TOTAL ENERGY": -189.78005457252803}, "args": "B3LYP/aug-cc-pVDZ", "error": "", "output": "", "molecule": "\n  0  1\n      C       -1.76494924         0.15235779         0.00000000\n      H       -2.87327871         0.25118115         0.00000000\n      O       -1.11608332         1.20862564         0.00000000\n      O       -1.38646683        -1.09127823         0.00000000\n      H       -0.29340506        -1.17844056         0.00000000\n  GH(C)        1.82082566        -0.16736510         0.00000000\n  GH(H)        2.92191627        -0.26554301         0.00000000\n  GH(N)        1.07144779        -1.23580930         0.00000000\n  GH(H)        1.63171355        -2.08650902         0.00000000\n  GH(N)        1.45046411         1.12181032         0.00000000\n  GH(H)        0.44433636         1.35982341         0.00000000\n  GH(H)        2.18036640         1.81973064         0.00000000\n", "molecule_hash": "7f2aa9e1ceca9ef8b813cacb95852c21809adb7e", "return_value": -189.78005457252803}