{"return_value": -150.03411429168253, "variables": {"SCF TOTAL ENERGY": -150.03411429168253, "TWO-ELECTRON ENERGY": 138.74864808647504, "CURRENT ENERGY": -150.03411429168253, "SCF ITERATION ENERGY": -150.03411429168253, "ONE-ELECTRON ENERGY": -343.463130999761, "DFT TOTAL ENERGY": -150.03411429168253, "CURRENT DIPOLE Y": 2.268101282599009, "CURRENT DIPOLE Z": 0.0, "DFT FUNCTIONAL TOTAL ENERGY": -150.03411429168253, "SCF DIPOLE Y": 2.268101282599009, "CURRENT REFERENCE ENERGY": -150.03411429168253, "DFT XC ENERGY": -16.74107024330058, "SCF N ITERS": 8.0, "CURRENT DIPOLE X": 1.8840873758630816, "SCF DIPOLE X": 1.8840873758630816, "NUCLEAR REPULSION ENERGY": 71.42143886490402, "SCF DIPOLE Z": 0.0}, "driver": "energy", "molecule_hash": "7f6309348fcd4a3fbe5bb5f6cbb15dae9524056a", "error": "", "args": "B3LYP/aug-cc-pVDZ", "modelchem": "B3LYP/aug-cc-pVDZ", "success": true, "output": "", "molecule": "\n  0  1\n      C        2.49735133        -0.11505842         0.00000000\n      H        3.59972532        -0.16584719         0.00000000\n      N        1.73648339        -1.17469470         0.00000000\n      H        2.33188443        -2.00962361         0.00000000\n      N        1.94973034         1.14125016         0.00000000\n      H        0.93377159         1.23689923         0.00000000\n      H        2.53164153         1.96514450         0.00000000\n  GH(C)       -2.49735133         0.11505842         0.00000000\n  GH(H)       -3.59972532         0.16584719         0.00000000\n  GH(N)       -1.73648339         1.17469470         0.00000000\n  GH(H)       -2.33188443         2.00962361         0.00000000\n  GH(N)       -1.94973034        -1.14125016         0.00000000\n  GH(H)       -0.93377159        -1.23689923         0.00000000\n  GH(H)       -2.53164153        -1.96514450         0.00000000\n"}