{"output": "", "success": true, "molecule_hash": "81183125a75947e3d6d05f5106426b680cbf122f", "modelchem": "B3LYP/aug-cc-pVDZ", "args": "B3LYP/aug-cc-pVDZ", "return_value": -150.030498776372, "error": "", "molecule": "\n  0  1\n  GH(C)       -1.82868510         0.13792020         0.00000000\n  GH(H)       -2.94280654         0.21653844         0.00000000\n  GH(O)       -1.18029155         1.19916421         0.00000000\n  GH(N)       -1.42121847        -1.13750418         0.00000000\n  GH(H)       -0.38876840        -1.35619673         0.00000000\n  GH(H)       -2.14603498        -1.84437855         0.00000000\n      C        1.86213779        -0.12252360         0.00000000\n      H        2.96689030        -0.20048072         0.00000000\n      N        1.19568826        -1.24658561         0.00000000\n      H        1.86217213        -2.02059464         0.00000000\n      N        1.41233657         1.14451863         0.00000000\n      H        0.39516324         1.32705396         0.00000000\n      H        2.09724900         1.88616308         0.00000000\n", "variables": {"CURRENT REFERENCE ENERGY": -150.030498776372, "SCF DIPOLE X": 1.86964910622808, "ONE-ELECTRON ENERGY": -343.30637054428536, "SCF DIPOLE Z": 0.0, "SCF ITERATION ENERGY": -150.030498776372, "CURRENT ENERGY": -150.030498776372, "CURRENT DIPOLE Z": 0.0, "CURRENT DIPOLE Y": 2.671823499158516, "CURRENT DIPOLE X": 1.86964910622808, "SCF DIPOLE Y": 2.671823499158516, "DFT XC ENERGY": -16.745844163079795, "DFT FUNCTIONAL TOTAL ENERGY": -150.030498776372, "NUCLEAR REPULSION ENERGY": 71.37469922863139, "SCF N ITERS": 8.0, "DFT TOTAL ENERGY": -150.030498776372, "TWO-ELECTRON ENERGY": 138.64701670236173, "SCF TOTAL ENERGY": -150.030498776372}, "driver": "energy"}