{"driver": "energy", "molecule": "\n  0  1\n      C        1.89005169        -0.19417983         0.00000000\n      H        2.98915191        -0.30709901         0.00000000\n      O        1.14427894        -1.17618187         0.00000000\n      O        1.52059687         1.07982181         0.00000000\n      H        0.52216282         1.12736965         0.00000000\n  GH(C)       -1.89005169         0.19417983         0.00000000\n  GH(H)       -2.98915191         0.30709901         0.00000000\n  GH(O)       -1.14427894         1.17618187         0.00000000\n  GH(O)       -1.52059687        -1.07982181         0.00000000\n  GH(H)       -0.52216282        -1.12736965         0.00000000\n", "args": "B3LYP/aug-cc-pVDZ", "variables": {"CURRENT DIPOLE Y": 1.841081409485012, "SCF ITERATION ENERGY": -189.79362518317242, "CURRENT DIPOLE Z": 0.0, "ONE-ELECTRON ENERGY": -396.678207601393, "DFT TOTAL ENERGY": -189.79362518317242, "NUCLEAR REPULSION ENERGY": 69.46484388727474, "DFT FUNCTIONAL TOTAL ENERGY": -189.79362518317242, "SCF DIPOLE X": 0.3387199019833774, "CURRENT ENERGY": -189.79362518317242, "CURRENT DIPOLE X": 0.3387199019833774, "SCF DIPOLE Y": 1.841081409485012, "CURRENT REFERENCE ENERGY": -189.79362518317242, "SCF N ITERS": 8.0, "SCF TOTAL ENERGY": -189.79362518317242, "DFT XC ENERGY": -18.830247219212517, "SCF DIPOLE Z": 0.0, "TWO-ELECTRON ENERGY": 156.24998575015834}, "success": true, "return_value": -189.79362518317242, "molecule_hash": "8316ee3f961925ea88071befb4711b1b6f1ca832", "error": "", "output": "", "modelchem": "B3LYP/aug-cc-pVDZ"}