{"success": true, "output": "", "driver": "energy", "return_value": -150.034114291706, "modelchem": "B3LYP/aug-cc-pVDZ", "molecule_hash": "83356643e06192834468b382e8715ccdc696bdbe", "args": "B3LYP/aug-cc-pVDZ", "variables": {"TWO-ELECTRON ENERGY": 138.7486480864803, "SCF TOTAL ENERGY": -150.034114291706, "CURRENT DIPOLE Y": -2.2681012826904845, "SCF DIPOLE X": -1.884087375950782, "ONE-ELECTRON ENERGY": -343.46313099978715, "NUCLEAR REPULSION ENERGY": 71.42143886490402, "CURRENT DIPOLE X": -1.884087375950782, "CURRENT DIPOLE Z": 0.0, "DFT TOTAL ENERGY": -150.034114291706, "SCF ITERATION ENERGY": -150.034114291706, "CURRENT ENERGY": -150.034114291706, "SCF DIPOLE Y": -2.2681012826904845, "DFT XC ENERGY": -16.741070243303163, "SCF DIPOLE Z": 0.0, "SCF N ITERS": 8.0, "DFT FUNCTIONAL TOTAL ENERGY": -150.034114291706, "CURRENT REFERENCE ENERGY": -150.034114291706}, "molecule": "\n  0  1\n  GH(C)        2.49735133        -0.11505842         0.00000000\n  GH(H)        3.59972532        -0.16584719         0.00000000\n  GH(N)        1.73648339        -1.17469470         0.00000000\n  GH(H)        2.33188443        -2.00962361         0.00000000\n  GH(N)        1.94973034         1.14125016         0.00000000\n  GH(H)        0.93377159         1.23689923         0.00000000\n  GH(H)        2.53164153         1.96514450         0.00000000\n      C       -2.49735133         0.11505842         0.00000000\n      H       -3.59972532         0.16584719         0.00000000\n      N       -1.73648339         1.17469470         0.00000000\n      H       -2.33188443         2.00962361         0.00000000\n      N       -1.94973034        -1.14125016         0.00000000\n      H       -0.93377159        -1.23689923         0.00000000\n      H       -2.53164153        -1.96514450         0.00000000\n", "error": ""}