{"molecule": "\n  0  1\n      C       -1.68442643         0.20364693         0.00000000\n      H       -2.78917270         0.34190070         0.00000000\n      O       -1.02504588         1.24486390         0.00000000\n      O       -1.38766062        -1.06424798         0.00000000\n      H       -0.36064758        -1.17759060         0.00000000\n  GH(C)        1.68925857        -0.21855377         0.00000000\n  GH(H)        2.79602984        -0.35706095         0.00000000\n  GH(O)        0.99264772        -1.25039598         0.00000000\n  GH(N)        1.44623488         1.09491586         0.00000000\n  GH(H)        0.47728536         1.44199769         0.00000000\n  GH(H)        2.26183892         1.69328776         0.00000000\n", "return_value": -189.78573471562873, "driver": "energy", "molecule_hash": "87c022855c1a5a7e45a4818ee58363f9438ae496", "error": "", "modelchem": "B3LYP/aug-cc-pVDZ", "variables": {"DFT TOTAL ENERGY": -189.78573471562873, "SCF TOTAL ENERGY": -189.78573471562873, "DFT FUNCTIONAL TOTAL ENERGY": -189.78573471562873, "CURRENT REFERENCE ENERGY": -189.78573471562873, "NUCLEAR REPULSION ENERGY": 69.35267697374982, "SCF DIPOLE Y": -2.201248066216228, "SCF DIPOLE X": -0.00453527619648207, "TWO-ELECTRON ENERGY": 156.08424311446478, "SCF DIPOLE Z": 0.0, "CURRENT DIPOLE Y": -2.201248066216228, "ONE-ELECTRON ENERGY": -396.3970110429738, "CURRENT ENERGY": -189.78573471562873, "SCF N ITERS": 8.0, "CURRENT DIPOLE Z": 0.0, "DFT XC ENERGY": -18.825643760869553, "SCF ITERATION ENERGY": -189.78573471562873, "CURRENT DIPOLE X": -0.00453527619648207}, "output": "", "args": "B3LYP/aug-cc-pVDZ", "success": true}