{"driver": "energy", "args": "B3LYP/aug-cc-pVDZ", "molecule_hash": "87e187b25ee0c813c82c3fadbd25b150382bc0c8", "error": "", "return_value": -359.72052887882427, "output": "", "success": true, "variables": {"TWO-ELECTRON ENERGY": 336.7591492069114, "SCF TOTAL ENERGY": -359.72052887882427, "ONE-ELECTRON ENERGY": -832.6391893861279, "CURRENT DIPOLE X": 0.7616363280872833, "CURRENT DIPOLE Y": 2.338385490878219, "DFT TOTAL ENERGY": -359.72052887882427, "SCF DIPOLE Z": 0.0, "SCF DIPOLE Y": 2.338385490878219, "SCF DIPOLE X": 0.7616363280872833, "CURRENT ENERGY": -359.72052887882427, "DFT FUNCTIONAL TOTAL ENERGY": -359.72052887882427, "NUCLEAR REPULSION ENERGY": 172.7966502125468, "SCF N ITERS": 10.0, "SCF ITERATION ENERGY": -359.72052887882427, "CURRENT REFERENCE ENERGY": -359.72052887882427, "DFT XC ENERGY": -36.6371389121545, "CURRENT DIPOLE Z": 0.0}, "modelchem": "B3LYP/aug-cc-pVDZ", "molecule": "\n  0  1\n      C       -4.94899199         0.15261986         0.00000000\n      H       -6.05466697         0.18398552         0.00000000\n      O       -4.22139968         1.12529943         0.00000000\n      O       -4.52579681        -1.14045626         0.00000000\n      H       -3.55156372        -1.11418323         0.00000000\n      C        5.04698843        -0.13094494         0.00000000\n      H        6.16016561        -0.16252342         0.00000000\n      O        4.35243631        -1.14332963         0.00000000\n      N        4.55565401         1.14984957         0.00000000\n      H        3.55239498         1.29639409         0.00000000\n      H        5.17702398         1.94785550         0.00000000\n"}