{"args": "B3LYP/aug-cc-pVDZ", "driver": "energy", "molecule": "\n  0  1\n      C        3.19679060        -0.14329444         0.00000000\n      H        4.30890404        -0.19314433         0.00000000\n      O        2.49028966        -1.14973005         0.00000000\n      N        2.71746327         1.13986108         0.00000000\n      H        1.71465256         1.29686270         0.00000000\n      H        3.34615668         1.93211051         0.00000000\n      C       -3.19679060         0.14329444         0.00000000\n      H       -4.30890404         0.19314433         0.00000000\n      O       -2.49028966         1.14973005         0.00000000\n      N       -2.71746327        -1.13986108         0.00000000\n      H       -1.71465256        -1.29686270         0.00000000\n      H       -3.34615668        -1.93211051         0.00000000\n", "modelchem": "B3LYP/aug-cc-pVDZ", "output": "", "success": true, "molecule_hash": "897482a80d2c5bbb9e452c6391ea2dbf5dafde5c", "variables": {"DFT TOTAL ENERGY": -339.8534340875776, "NUCLEAR REPULSION ENERGY": 194.12431457024962, "CURRENT ENERGY": -339.8534340875776, "ONE-ELECTRON ENERGY": -846.9651197571422, "SCF TOTAL ENERGY": -339.8534340875776, "CURRENT DIPOLE X": -4.0635434697122724e-14, "TWO-ELECTRON ENERGY": 348.58820753386226, "CURRENT DIPOLE Y": -4.5150482996803025e-15, "SCF N ITERS": 9.0, "CURRENT REFERENCE ENERGY": -339.8534340875776, "SCF DIPOLE X": -4.0635434697122724e-14, "DFT FUNCTIONAL TOTAL ENERGY": -339.8534340875776, "SCF DIPOLE Z": 0.0, "CURRENT DIPOLE Z": 0.0, "SCF ITERATION ENERGY": -339.8534340875776, "DFT XC ENERGY": -35.60083643454735, "SCF DIPOLE Y": -4.5150482996803025e-15}, "error": "", "return_value": -339.8534340875776}