{"error": "", "molecule_hash": "8c102d466d2813cb277b7323ad91e3a454fba775", "args": "B3LYP/aug-cc-pVDZ", "variables": {"NUCLEAR REPULSION ENERGY": 212.55538490782902, "CURRENT DIPOLE X": 8.465715561900567e-15, "CURRENT DIPOLE Z": 0.0, "ONE-ELECTRON ENERGY": -940.5020177513775, "SCF TOTAL ENERGY": -379.6001374295837, "SCF ITERATION ENERGY": -379.6001374295837, "CURRENT REFERENCE ENERGY": -379.6001374295837, "DFT FUNCTIONAL TOTAL ENERGY": -379.6001374295837, "SCF DIPOLE Z": 0.0, "CURRENT ENERGY": -379.6001374295837, "CURRENT DIPOLE Y": -6.772572449520454e-15, "DFT TOTAL ENERGY": -379.6001374295837, "SCF DIPOLE Y": -6.772572449520454e-15, "DFT XC ENERGY": -37.671524672915616, "SCF N ITERS": 8.0, "SCF DIPOLE X": 8.465715561900567e-15, "TWO-ELECTRON ENERGY": 386.0180200868804}, "success": true, "return_value": -379.6001374295837, "driver": "energy", "molecule": "\n  0  1\n      C        2.39092365        -0.20853307         0.00000000\n      H        3.49171140        -0.30454226         0.00000000\n      O        1.61118653        -1.14785646         0.00000000\n      O        2.02488292         1.09452849         0.00000000\n      H        1.04594759         1.12557184         0.00000000\n      C       -2.39092365         0.20853307         0.00000000\n      H       -3.49171140         0.30454226         0.00000000\n      O       -1.61118653         1.14785646         0.00000000\n      O       -2.02488292        -1.09452849         0.00000000\n      H       -1.04594759        -1.12557184         0.00000000\n", "modelchem": "B3LYP/aug-cc-pVDZ", "output": ""}