{"args": "B3LYP/aug-cc-pVDZ", "output": "", "molecule": "\n  0  1\n  GH(C)       -3.46303289         0.16994236         0.00000000\n  GH(H)       -4.56795025         0.22032609         0.00000000\n  GH(O)       -2.71952203         1.13148929         0.00000000\n  GH(O)       -3.06229197        -1.12882028         0.00000000\n  GH(H)       -2.08723785        -1.12403398         0.00000000\n      C        3.52970200        -0.14892316         0.00000000\n      H        4.64195129        -0.19964122         0.00000000\n      O        2.81721464        -1.14975890         0.00000000\n      N        3.05992779         1.13914187         0.00000000\n      H        2.05915506         1.30417766         0.00000000\n      H        3.69489864         1.92641219         0.00000000\n", "driver": "energy", "modelchem": "B3LYP/aug-cc-pVDZ", "variables": {"CURRENT ENERGY": -169.92510118322966, "SCF DIPOLE X": 1.1906327396121572, "SCF DIPOLE Z": 0.0, "SCF N ITERS": 8.0, "DFT TOTAL ENERGY": -169.92510118322966, "CURRENT DIPOLE Z": 0.0, "SCF DIPOLE Y": 3.8228860899406474, "ONE-ELECTRON ENERGY": -370.3161187945071, "CURRENT DIPOLE X": 1.1906327396121572, "NUCLEAR REPULSION ENERGY": 70.51101381599173, "SCF ITERATION ENERGY": -169.92510118322966, "DFT FUNCTIONAL TOTAL ENERGY": -169.92510118322966, "TWO-ELECTRON ENERGY": 147.68032334726405, "DFT XC ENERGY": -17.800319551978337, "SCF TOTAL ENERGY": -169.92510118322966, "CURRENT DIPOLE Y": 3.8228860899406474, "CURRENT REFERENCE ENERGY": -169.92510118322966}, "error": "", "molecule_hash": "928277703a2f4c0ffbbf209eb8dff534911d08be", "return_value": -169.92510118322966, "success": true}