{"variables": {"CURRENT DIPOLE Y": -2.587941183470328, "CURRENT ENERGY": -150.03193980804778, "NUCLEAR REPULSION ENERGY": 71.34148563771342, "CURRENT DIPOLE Z": 0.0, "DFT FUNCTIONAL TOTAL ENERGY": -150.03193980804778, "SCF N ITERS": 8.0, "CURRENT DIPOLE X": -1.8536736318087763, "DFT XC ENERGY": -16.73977616738387, "DFT TOTAL ENERGY": -150.03193980804778, "SCF DIPOLE Z": 0.0, "TWO-ELECTRON ENERGY": 138.63967807455154, "ONE-ELECTRON ENERGY": -343.2733273529289, "SCF TOTAL ENERGY": -150.03193980804778, "SCF ITERATION ENERGY": -150.03193980804778, "SCF DIPOLE Y": -2.587941183470328, "SCF DIPOLE X": -1.8536736318087763, "CURRENT REFERENCE ENERGY": -150.03193980804778}, "output": "", "args": "B3LYP/aug-cc-pVDZ", "molecule_hash": "92e8b7bebf5382d5056754e62e17993ef2b1b379", "molecule": "\n  0  1\n  GH(C)        1.94713954        -0.10558828         0.00000000\n  GH(H)        3.05254284        -0.16553141         0.00000000\n  GH(N)        1.25700152        -1.21627302         0.00000000\n  GH(H)        1.90673736        -2.00565055         0.00000000\n  GH(N)        1.46072682         1.15251669         0.00000000\n  GH(H)        0.42859974         1.31294465         0.00000000\n  GH(H)        2.12286880         1.91531762         0.00000000\n      C       -1.94713954         0.10558828         0.00000000\n      H       -3.05254284         0.16553141         0.00000000\n      N       -1.25700152         1.21627302         0.00000000\n      H       -1.90673736         2.00565055         0.00000000\n      N       -1.46072682        -1.15251669         0.00000000\n      H       -0.42859974        -1.31294465         0.00000000\n      H       -2.12286880        -1.91531762         0.00000000\n", "success": true, "return_value": -150.03193980804778, "modelchem": "B3LYP/aug-cc-pVDZ", "error": "", "driver": "energy"}