{"variables": {"CURRENT ENERGY": -300.0831366420595, "CURRENT REFERENCE ENERGY": -300.0831366420595, "CURRENT DIPOLE X": 1.1287620749200757e-14, "DFT XC ENERGY": -33.48793711768042, "SCF N ITERS": 8.0, "NUCLEAR REPULSION ENERGY": 216.24467046167427, "TWO-ELECTRON ENERGY": 351.30389231279327, "CURRENT DIPOLE Z": 0.0, "CURRENT DIPOLE Y": 3.386286224760227e-15, "SCF DIPOLE Z": 0.0, "ONE-ELECTRON ENERGY": -834.1437622988466, "SCF DIPOLE X": 1.1287620749200757e-14, "SCF DIPOLE Y": 3.386286224760227e-15, "DFT TOTAL ENERGY": -300.0831366420595, "SCF ITERATION ENERGY": -300.0831366420595, "DFT FUNCTIONAL TOTAL ENERGY": -300.0831366420595, "SCF TOTAL ENERGY": -300.0831366420595}, "modelchem": "B3LYP/aug-cc-pVDZ", "molecule_hash": "9332c6912c4dea6bea8a2943daec8bbf804d75ad", "output": "", "return_value": -300.0831366420595, "args": "B3LYP/aug-cc-pVDZ", "driver": "energy", "error": "", "molecule": "\n  0  1\n      C        2.39742249        -0.11120861         0.00000000\n      H        3.49964090        -0.16233693         0.00000000\n      N        1.64041315        -1.17535654         0.00000000\n      H        2.23917184        -2.00764182         0.00000000\n      N        1.84436251         1.14107385         0.00000000\n      H        0.82590336         1.23313494         0.00000000\n      H        2.42493207         1.96604670         0.00000000\n      C       -2.39742249         0.11120861         0.00000000\n      H       -3.49964090         0.16233693         0.00000000\n      N       -1.64041315         1.17535654         0.00000000\n      H       -2.23917184         2.00764182         0.00000000\n      N       -1.84436251        -1.14107385         0.00000000\n      H       -0.82590336        -1.23313494         0.00000000\n      H       -2.42493207        -1.96604670         0.00000000\n", "success": true}