{"return_value": -379.60113211926046, "molecule_hash": "9af98afa84736d0ecb204c2d9c9791ce2c521e72", "molecule": "\n  0  1\n      C        1.69147262        -0.17006280         0.00000000\n      H        2.79500199        -0.28101305         0.00000000\n      O        1.02814129        -1.21720864         0.00000000\n      O        1.36966587         1.08860681         0.00000000\n      H        0.34380745         1.18798183         0.00000000\n      C       -1.69147262         0.17006280         0.00000000\n      H       -2.79500199         0.28101305         0.00000000\n      O       -1.02814129         1.21720864         0.00000000\n      O       -1.36966587        -1.08860681         0.00000000\n      H       -0.34380745        -1.18798183         0.00000000\n", "args": "B3LYP/aug-cc-pVDZ", "modelchem": "B3LYP/aug-cc-pVDZ", "output": "", "driver": "energy", "error": "", "variables": {"SCF TOTAL ENERGY": -379.60113211926046, "CURRENT DIPOLE Y": -5.6438103746003785e-15, "CURRENT DIPOLE Z": 0.0, "SCF DIPOLE Z": 0.0, "SCF N ITERS": 8.0, "ONE-ELECTRON ENERGY": -1001.7248057311544, "DFT TOTAL ENERGY": -379.60113211926046, "TWO-ELECTRON ENERGY": 416.53579838889016, "CURRENT DIPOLE X": -1.6931431123801134e-15, "CURRENT ENERGY": -379.60113211926046, "SCF ITERATION ENERGY": -379.60113211926046, "NUCLEAR REPULSION ENERGY": 243.36065247123506, "SCF DIPOLE Y": -5.6438103746003785e-15, "DFT XC ENERGY": -37.772777248231264, "DFT FUNCTIONAL TOTAL ENERGY": -379.60113211926046, "SCF DIPOLE X": -1.6931431123801134e-15, "CURRENT REFERENCE ENERGY": -379.60113211926046}, "success": true}