{"molecule_hash": "9c547c0cebfaa6998268edbb698d94fc7f2e6bb5", "modelchem": "B3LYP/aug-cc-pVDZ", "args": "B3LYP/aug-cc-pVDZ", "driver": "energy", "error": "", "variables": {"CURRENT DIPOLE X": 1.855649629290472, "CURRENT DIPOLE Y": 2.6504637374906683, "SCF DIPOLE Y": 2.6504637374906683, "TWO-ELECTRON ENERGY": 138.59478099951244, "SCF DIPOLE Z": 0.0, "DFT FUNCTIONAL TOTAL ENERGY": -150.03054006357507, "CURRENT REFERENCE ENERGY": -150.03054006357507, "ONE-ELECTRON ENERGY": -343.19277687331214, "SCF TOTAL ENERGY": -150.03054006357507, "CURRENT DIPOLE Z": 0.0, "DFT XC ENERGY": -16.73978214329495, "SCF N ITERS": 8.0, "SCF ITERATION ENERGY": -150.03054006357507, "SCF DIPOLE X": 1.855649629290472, "CURRENT ENERGY": -150.03054006357507, "NUCLEAR REPULSION ENERGY": 71.3072379535196, "DFT TOTAL ENERGY": -150.03054006357507}, "output": "", "molecule": "\n  0  1\n      C        1.89693820        -0.10782700         0.00000000\n      H        3.00339990        -0.17072121         0.00000000\n      N        1.22354936        -1.22831838         0.00000000\n      H        1.88594286        -2.00636060         0.00000000\n      N        1.43499889         1.15607525         0.00000000\n      H        0.40250444         1.33793562         0.00000000\n      H        2.11977084         1.89888692         0.00000000\n  GH(C)       -1.89693820         0.10782700         0.00000000\n  GH(H)       -3.00339990         0.17072121         0.00000000\n  GH(N)       -1.22354936         1.22831838         0.00000000\n  GH(H)       -1.88594286         2.00636060         0.00000000\n  GH(N)       -1.43499889        -1.15607525         0.00000000\n  GH(H)       -0.40250444        -1.33793562         0.00000000\n  GH(H)       -2.11977084        -1.89888692         0.00000000\n", "return_value": -150.03054006357507, "success": true}