{"output": "", "return_value": -339.8548462786562, "args": "B3LYP/aug-cc-pVDZ", "error": "", "molecule_hash": "9f12fd5bef3dca14c22e37c27c7fa6680f1659d5", "success": true, "driver": "energy", "variables": {"SCF DIPOLE Y": 0.45737249244625494, "SCF DIPOLE Z": 0.0, "ONE-ELECTRON ENERGY": -911.2557677845781, "CURRENT ENERGY": -339.8548462786562, "SCF DIPOLE X": 2.5649106588412365, "SCF ITERATION ENERGY": -339.8548462786562, "NUCLEAR REPULSION ENERGY": 226.29785176719997, "CURRENT REFERENCE ENERGY": -339.8548462786562, "CURRENT DIPOLE Z": 0.0, "DFT FUNCTIONAL TOTAL ENERGY": -339.8548462786562, "CURRENT DIPOLE Y": 0.45737249244625494, "SCF N ITERS": 10.0, "TWO-ELECTRON ENERGY": 380.70206985562817, "DFT TOTAL ENERGY": -339.8548462786562, "SCF TOTAL ENERGY": -339.8548462786562, "CURRENT DIPOLE X": 2.5649106588412365, "DFT XC ENERGY": -35.59900011690629}, "modelchem": "B3LYP/aug-cc-pVDZ", "molecule": "\n  0  1\n      C       -2.05155512         0.15829850         0.00000000\n      H       -3.15369321         0.24486622         0.00000000\n      O       -1.34536667         1.16523819         0.00000000\n      O       -1.60135034        -1.09941548         0.00000000\n      H       -0.59665904        -1.08819693         0.00000000\n      C        2.13554958        -0.17057869         0.00000000\n      H        3.23507103        -0.25694088         0.00000000\n      N        1.30498819        -1.18028525         0.00000000\n      H        1.82500469        -2.06170111         0.00000000\n      N        1.67894465         1.11473347         0.00000000\n      H        0.67115531         1.28502625         0.00000000\n      H        2.32574278         1.88931006         0.00000000\n"}