{"output": "", "variables": {"DFT TOTAL ENERGY": -189.79511838277818, "DFT FUNCTIONAL TOTAL ENERGY": -189.79511838277818, "SCF N ITERS": 8.0, "CURRENT ENERGY": -189.79511838277818, "CURRENT REFERENCE ENERGY": -189.79511838277818, "SCF DIPOLE Y": -1.5121318123815226, "DFT XC ENERGY": -18.83616655982427, "SCF DIPOLE Z": 0.0, "CURRENT DIPOLE Z": 0.0, "NUCLEAR REPULSION ENERGY": 69.43552104242289, "SCF ITERATION ENERGY": -189.79511838277818, "SCF TOTAL ENERGY": -189.79511838277818, "SCF DIPOLE X": -0.39671936695540155, "TWO-ELECTRON ENERGY": 156.2098618669491, "CURRENT DIPOLE X": -0.39671936695540155, "CURRENT DIPOLE Y": -1.5121318123815226, "ONE-ELECTRON ENERGY": -396.60433473232587}, "molecule": "\n  0  1\n      C       -3.16535897         0.17586134         0.00000000\n      H       -4.26988030         0.23307508         0.00000000\n      O       -2.41665650         1.13403709         0.00000000\n      O       -2.77135326        -1.12414764         0.00000000\n      H       -1.79587783        -1.12655724         0.00000000\n  GH(C)        3.22607312        -0.15521212         0.00000000\n  GH(H)        4.33781868        -0.21280006         0.00000000\n  GH(O)        2.50723536        -1.15220261         0.00000000\n  GH(N)        2.76274851         1.13469399         0.00000000\n  GH(H)        1.76253556         1.30519593         0.00000000\n  GH(H)        3.40173066         1.91872273         0.00000000\n", "modelchem": "B3LYP/aug-cc-pVDZ", "success": true, "return_value": -189.79511838277818, "driver": "energy", "molecule_hash": "a27b91561292bfcdc8449bdf0e53a14e970b71de", "error": "", "args": "B3LYP/aug-cc-pVDZ"}