{"args": "B3LYP/aug-cc-pVDZ", "error": "", "molecule_hash": "a77759a0e3ecc6a37a2edb5ba00fe486b3015356", "return_value": -339.83040086532804, "modelchem": "B3LYP/aug-cc-pVDZ", "driver": "energy", "molecule": "\n  0  1\n      C       -3.91213194         0.16018637         0.00000000\n      H       -5.01752318         0.20105168         0.00000000\n      O       -3.17868840         1.12881552         0.00000000\n      O       -3.49736776        -1.13502496         0.00000000\n      H       -2.52261475        -1.11615900         0.00000000\n      C        4.08240815        -0.13536451         0.00000000\n      H        5.18661439        -0.17618601         0.00000000\n      N        3.30082536        -1.16974476         0.00000000\n      H        3.87167108        -2.02158353         0.00000000\n      N        3.58224397         1.14684614         0.00000000\n      H        2.57892509         1.28493460         0.00000000\n      H        4.19355750         1.94910244         0.00000000\n", "success": true, "variables": {"CURRENT ENERGY": -339.83040086532804, "DFT TOTAL ENERGY": -339.83040086532804, "SCF DIPOLE Y": 0.6809870151575116, "TWO-ELECTRON ENERGY": 336.8253637215753, "SCF TOTAL ENERGY": -339.83040086532804, "CURRENT DIPOLE Y": 0.6809870151575116, "SCF DIPOLE Z": 0.0, "CURRENT DIPOLE X": 1.610229916459276, "CURRENT DIPOLE Z": 0.0, "NUCLEAR REPULSION ENERGY": 182.6565431315366, "SCF N ITERS": 10.0, "CURRENT REFERENCE ENERGY": -339.83040086532804, "SCF ITERATION ENERGY": -339.83040086532804, "ONE-ELECTRON ENERGY": -823.7309943007475, "DFT XC ENERGY": -35.58131341769247, "DFT FUNCTIONAL TOTAL ENERGY": -339.83040086532804, "SCF DIPOLE X": 1.610229916459276}, "output": ""}