{"modelchem": "B3LYP/aug-cc-pVDZ", "driver": "energy", "success": true, "molecule": "\n  0  1\n      C       -2.66850366         0.18514825         0.00000000\n      H       -3.77181125         0.25702537         0.00000000\n      O       -1.91234427         1.14028296         0.00000000\n      O       -2.28050679        -1.11367376         0.00000000\n      H       -1.30314992        -1.12550085         0.00000000\n  GH(C)        2.72007445        -0.16590118         0.00000000\n  GH(H)        3.83020333        -0.23822269         0.00000000\n  GH(O)        1.98935069        -1.15730079         0.00000000\n  GH(N)        2.26253222         1.12413593         0.00000000\n  GH(H)        1.26110058         1.29739823         0.00000000\n  GH(H)        2.90434733         1.90588628         0.00000000\n", "return_value": -189.79511143720637, "molecule_hash": "a7932dcd166a788802c2a3c62076a517a8c589ac", "args": "B3LYP/aug-cc-pVDZ", "output": "", "variables": {"CURRENT DIPOLE X": -0.41041671147206926, "CURRENT ENERGY": -189.79511143720637, "SCF DIPOLE Z": 0.0, "SCF TOTAL ENERGY": -189.79511143720637, "SCF ITERATION ENERGY": -189.79511143720637, "DFT FUNCTIONAL TOTAL ENERGY": -189.79511143720637, "DFT TOTAL ENERGY": -189.79511143720637, "ONE-ELECTRON ENERGY": -396.6116121289924, "CURRENT REFERENCE ENERGY": -189.79511143720637, "CURRENT DIPOLE Y": -1.536611342926192, "SCF DIPOLE X": -0.41041671147206926, "TWO-ELECTRON ENERGY": 156.2153966710598, "NUCLEAR REPULSION ENERGY": 69.4363755775887, "SCF DIPOLE Y": -1.536611342926192, "CURRENT DIPOLE Z": 0.0, "SCF N ITERS": 8.0, "DFT XC ENERGY": -18.835271556862455}, "error": ""}