{"molecule_hash": "ab522b7b63bed7584d4c21dd26af92604cadaf62", "error": "", "variables": {"SCF DIPOLE Y": -1.6138923453506218, "DFT FUNCTIONAL TOTAL ENERGY": -319.96141636642477, "CURRENT DIPOLE Z": 0.0, "CURRENT DIPOLE Y": -1.6138923453506218, "SCF DIPOLE Z": 0.0, "DFT TOTAL ENERGY": -319.96141636642477, "SCF DIPOLE X": 0.8575937242358996, "TWO-ELECTRON ENERGY": 334.78525407190097, "CURRENT ENERGY": -319.96141636642477, "CURRENT DIPOLE X": 0.8575937242358996, "DFT XC ENERGY": -34.545002620099915, "ONE-ELECTRON ENERGY": -810.3404411858203, "SCF ITERATION ENERGY": -319.96141636642477, "SCF N ITERS": 10.0, "CURRENT REFERENCE ENERGY": -319.96141636642477, "SCF TOTAL ENERGY": -319.96141636642477, "NUCLEAR REPULSION ENERGY": 190.1387733675945}, "return_value": -319.96141636642477, "args": "B3LYP/aug-cc-pVDZ", "molecule": "\n  0  1\n      C       -3.45655227         0.13564152         0.00000000\n      H       -4.56921064         0.17826784         0.00000000\n      O       -2.75931575         1.14757333         0.00000000\n      N       -2.96668321        -1.14421239         0.00000000\n      H       -1.96251864        -1.29094605         0.00000000\n      H       -3.58850495        -1.94176941         0.00000000\n      C        3.53831767        -0.13233432         0.00000000\n      H        4.64233959        -0.17462977         0.00000000\n      N        2.76094801        -1.17118270         0.00000000\n      H        3.33794153        -2.01900317         0.00000000\n      N        3.03335964         1.14677845         0.00000000\n      H        2.02910179         1.28169924         0.00000000\n      H        3.64162361         1.95135046         0.00000000\n", "driver": "energy", "output": "", "modelchem": "B3LYP/aug-cc-pVDZ", "success": true}