{"return_value": -300.08163170586283, "output": "", "molecule_hash": "ad108eac85ab0ccfea970c7efbb412f445e58d67", "modelchem": "B3LYP/aug-cc-pVDZ", "driver": "energy", "success": true, "molecule": "\n  0  1\n      C        1.89693820        -0.10782700         0.00000000\n      H        3.00339990        -0.17072121         0.00000000\n      N        1.22354936        -1.22831838         0.00000000\n      H        1.88594286        -2.00636060         0.00000000\n      N        1.43499889         1.15607525         0.00000000\n      H        0.40250444         1.33793562         0.00000000\n      H        2.11977084         1.89888692         0.00000000\n      C       -1.89693820         0.10782700         0.00000000\n      H       -3.00339990         0.17072121         0.00000000\n      N       -1.22354936         1.22831838         0.00000000\n      H       -1.88594286         2.00636060         0.00000000\n      N       -1.43499889        -1.15607525         0.00000000\n      H       -0.40250444        -1.33793562         0.00000000\n      H       -2.11977084        -1.89888692         0.00000000\n", "variables": {"DFT FUNCTIONAL TOTAL ENERGY": -300.08163170586283, "DFT TOTAL ENERGY": -300.08163170586283, "CURRENT REFERENCE ENERGY": -300.08163170586283, "SCF DIPOLE X": 1.5802669048881058e-14, "CURRENT DIPOLE X": 1.5802669048881058e-14, "NUCLEAR REPULSION ENERGY": 234.0156481100402, "CURRENT DIPOLE Z": 0.0, "CURRENT ENERGY": -300.08163170586283, "CURRENT DIPOLE Y": -2.2575241498401512e-15, "SCF N ITERS": 8.0, "SCF TOTAL ENERGY": -300.08163170586283, "ONE-ELECTRON ENERGY": -869.7725260076227, "DFT XC ENERGY": -33.56145458561696, "TWO-ELECTRON ENERGY": 369.23670077733664, "SCF DIPOLE Y": -2.2575241498401512e-15, "SCF ITERATION ENERGY": -300.08163170586283, "SCF DIPOLE Z": 0.0}, "args": "B3LYP/aug-cc-pVDZ", "error": ""}