{"variables": {"CURRENT DIPOLE Y": -3.8383022777519504, "TWO-ELECTRON ENERGY": 147.68281118435908, "CURRENT ENERGY": -169.92509829512656, "ONE-ELECTRON ENERGY": -370.3213396189895, "CURRENT REFERENCE ENERGY": -169.92509829512656, "SCF N ITERS": 8.0, "SCF ITERATION ENERGY": -169.92509829512656, "CURRENT DIPOLE X": -1.1351561987284844, "CURRENT DIPOLE Z": 0.0, "SCF TOTAL ENERGY": -169.92509829512656, "DFT TOTAL ENERGY": -169.92509829512656, "SCF DIPOLE Y": -3.8383022777519504, "DFT XC ENERGY": -17.800439904884655, "SCF DIPOLE Z": 0.0, "NUCLEAR REPULSION ENERGY": 70.51387004438848, "DFT FUNCTIONAL TOTAL ENERGY": -169.92509829512656, "SCF DIPOLE X": -1.1351561987284844}, "driver": "energy", "return_value": -169.92509829512656, "args": "B3LYP/aug-cc-pVDZ", "success": true, "modelchem": "B3LYP/aug-cc-pVDZ", "error": "", "output": "", "molecule_hash": "adb24eb72eee7e953b85dfcdd86f747f902c719b", "molecule": "\n  0  1\n  GH(C)        3.99775075        -0.13414290         0.00000000\n  GH(H)        5.11067288        -0.17148655         0.00000000\n  GH(O)        3.30011621        -1.14514769         0.00000000\n  GH(N)        3.51015001         1.14724727         0.00000000\n  GH(H)        2.50709338         1.29726882         0.00000000\n  GH(H)        4.13374763         1.94351670         0.00000000\n      C       -3.99775075         0.13414290         0.00000000\n      H       -5.11067288         0.17148655         0.00000000\n      O       -3.30011621         1.14514769         0.00000000\n      N       -3.51015001        -1.14724727         0.00000000\n      H       -2.50709338        -1.29726882         0.00000000\n      H       -4.13374763        -1.94351670         0.00000000\n"}