{"success": true, "args": "B3LYP/aug-cc-pVDZ", "molecule_hash": "af4c153199d3386e8bb1ff4780df955d2adeee80", "output": "", "driver": "energy", "modelchem": "B3LYP/aug-cc-pVDZ", "molecule": "\n  0  1\n  GH(C)        1.69498253        -0.13051889         0.00000000\n  GH(H)        2.80633596        -0.21609653         0.00000000\n  GH(N)        1.09905882        -1.29491251         0.00000000\n  GH(H)        1.82089470        -2.01478416         0.00000000\n  GH(N)        1.37286317         1.16800831         0.00000000\n  GH(H)        0.35212595         1.46532985         0.00000000\n  GH(H)        2.16581591         1.79503126         0.00000000\n      C       -1.69498253         0.13051889         0.00000000\n      H       -2.80633596         0.21609653         0.00000000\n      N       -1.09905882         1.29491251         0.00000000\n      H       -1.82089470         2.01478416         0.00000000\n      N       -1.37286317        -1.16800831         0.00000000\n      H       -0.35212595        -1.46532985         0.00000000\n      H       -2.16581591        -1.79503126         0.00000000\n", "variables": {"TWO-ELECTRON ENERGY": 138.25986809623802, "CURRENT REFERENCE ENERGY": -150.0178407396266, "DFT XC ENERGY": -16.736666858668837, "DFT TOTAL ENERGY": -150.0178407396266, "DFT FUNCTIONAL TOTAL ENERGY": -150.0178407396266, "CURRENT DIPOLE X": -1.8959309547014402, "SCF DIPOLE X": -1.8959309547014402, "SCF TOTAL ENERGY": -150.0178407396266, "CURRENT ENERGY": -150.0178407396266, "SCF DIPOLE Z": 0.0, "NUCLEAR REPULSION ENERGY": 71.02970630287376, "SCF ITERATION ENERGY": -150.0178407396266, "CURRENT DIPOLE Z": 0.0, "SCF DIPOLE Y": -2.911810588300915, "SCF N ITERS": 8.0, "CURRENT DIPOLE Y": -2.911810588300915, "ONE-ELECTRON ENERGY": -342.57074828006955}, "error": "", "return_value": -150.0178407396266}