{"error": "", "output": "", "args": "B3LYP/aug-cc-pVDZ", "molecule_hash": "b231d161bdc06b6920025b747fbbfde9ae6dec9b", "variables": {"DFT TOTAL ENERGY": -189.79510409240876, "TWO-ELECTRON ENERGY": 156.20942825851478, "DFT FUNCTIONAL TOTAL ENERGY": -189.79510409240876, "SCF DIPOLE Y": -1.5045057163843212, "NUCLEAR REPULSION ENERGY": 69.43619080053278, "ONE-ELECTRON ENERGY": -396.6043770149297, "SCF DIPOLE X": -0.3899241390819289, "SCF DIPOLE Z": 0.0, "CURRENT DIPOLE Y": -1.5045057163843212, "SCF N ITERS": 8.0, "CURRENT REFERENCE ENERGY": -189.79510409240876, "SCF ITERATION ENERGY": -189.79510409240876, "DFT XC ENERGY": -18.836346136526657, "CURRENT DIPOLE X": -0.3899241390819289, "SCF TOTAL ENERGY": -189.79510409240876, "CURRENT DIPOLE Z": 0.0, "CURRENT ENERGY": -189.79510409240876}, "molecule": "\n  0  1\n      C       -3.46303289         0.16994236         0.00000000\n      H       -4.56795025         0.22032609         0.00000000\n      O       -2.71952203         1.13148929         0.00000000\n      O       -3.06229197        -1.12882028         0.00000000\n      H       -2.08723785        -1.12403398         0.00000000\n  GH(C)        3.52970200        -0.14892316         0.00000000\n  GH(H)        4.64195129        -0.19964122         0.00000000\n  GH(O)        2.81721464        -1.14975890         0.00000000\n  GH(N)        3.05992779         1.13914187         0.00000000\n  GH(H)        2.05915506         1.30417766         0.00000000\n  GH(H)        3.69489864         1.92641219         0.00000000\n", "success": true, "modelchem": "B3LYP/aug-cc-pVDZ", "return_value": -189.79510409240876, "driver": "energy"}