{"output": "", "modelchem": "B3LYP/aug-cc-pVDZ", "driver": "energy", "molecule": "\n  0  1\n  GH(C)        2.89724776        -0.12632587         0.00000000\n  GH(H)        4.00054647        -0.17443193         0.00000000\n  GH(N)        2.12821587        -1.17451446         0.00000000\n  GH(H)        2.71529330        -2.01553546         0.00000000\n  GH(N)        2.37424699         1.14355972         0.00000000\n  GH(H)        1.36542121         1.26070273         0.00000000\n  GH(H)        2.97042339         1.95703238         0.00000000\n      C       -2.89724776         0.12632587         0.00000000\n      H       -4.00054647         0.17443193         0.00000000\n      N       -2.12821587         1.17451446         0.00000000\n      H       -2.71529330         2.01553546         0.00000000\n      N       -2.37424699        -1.14355972         0.00000000\n      H       -1.36542121        -1.26070273         0.00000000\n      H       -2.97042339        -1.95703238         0.00000000\n", "success": true, "return_value": -150.0342970253178, "args": "B3LYP/aug-cc-pVDZ", "error": "", "variables": {"CURRENT DIPOLE X": -1.91488765140797, "SCF N ITERS": 8.0, "SCF DIPOLE Z": 0.0, "SCF DIPOLE Y": -2.223274523063297, "DFT XC ENERGY": -16.743444971311916, "SCF TOTAL ENERGY": -150.0342970253178, "ONE-ELECTRON ENERGY": -343.48419182078976, "CURRENT DIPOLE Y": -2.223274523063297, "DFT FUNCTIONAL TOTAL ENERGY": -150.0342970253178, "CURRENT REFERENCE ENERGY": -150.0342970253178, "SCF ITERATION ENERGY": -150.0342970253178, "CURRENT DIPOLE Z": 0.0, "CURRENT ENERGY": -150.0342970253178, "DFT TOTAL ENERGY": -150.0342970253178, "NUCLEAR REPULSION ENERGY": 71.43632978925199, "SCF DIPOLE X": -1.91488765140797, "TWO-ELECTRON ENERGY": 138.75700997753185}, "molecule_hash": "b61b621e4cbd75de08d82cd780e54a4df44475ac"}