{"molecule": "\n  0  1\n  GH(C)       -2.46891156         0.12607812         0.00000000\n  GH(H)       -3.57918367         0.18293782         0.00000000\n  GH(O)       -1.78100213         1.15283979         0.00000000\n  GH(N)       -1.94185120        -1.13321981         0.00000000\n  GH(H)       -0.92564680        -1.24163694         0.00000000\n  GH(H)       -2.53922912        -1.94924812         0.00000000\n      C        2.52454538        -0.12964879         0.00000000\n      H        3.62661434        -0.18608839         0.00000000\n      N        1.74484282        -1.17452020         0.00000000\n      H        2.32376341        -2.02083242         0.00000000\n      N        2.00367207         1.13832154         0.00000000\n      H        0.99293782         1.25860595         0.00000000\n      H        2.60169997         1.95068341         0.00000000\n", "driver": "energy", "error": "", "return_value": -150.0342715647323, "modelchem": "B3LYP/aug-cc-pVDZ", "args": "B3LYP/aug-cc-pVDZ", "success": true, "molecule_hash": "ba27c3464eb633a386d32d2f0819b7e5ef3b4b2f", "variables": {"CURRENT DIPOLE X": 1.925815689758147, "SCF DIPOLE X": 1.925815689758147, "SCF ITERATION ENERGY": -150.0342715647323, "SCF DIPOLE Z": 0.0, "CURRENT ENERGY": -150.0342715647323, "CURRENT REFERENCE ENERGY": -150.0342715647323, "TWO-ELECTRON ENERGY": 138.75349399870083, "CURRENT DIPOLE Z": 0.0, "NUCLEAR REPULSION ENERGY": 71.42920389804269, "SCF N ITERS": 8.0, "DFT TOTAL ENERGY": -150.0342715647323, "ONE-ELECTRON ENERGY": -343.4748078138317, "CURRENT DIPOLE Y": 2.2324043945131398, "SCF DIPOLE Y": 2.2324043945131398, "DFT FUNCTIONAL TOTAL ENERGY": -150.0342715647323, "DFT XC ENERGY": -16.742161647644153, "SCF TOTAL ENERGY": -150.0342715647323}, "output": ""}