{"variables": {"SCF N ITERS": 8.0, "SCF TOTAL ENERGY": -150.02578103572748, "SCF ITERATION ENERGY": -150.02578103572748, "ONE-ELECTRON ENERGY": -342.9440564919844, "DFT FUNCTIONAL TOTAL ENERGY": -150.02578103572748, "CURRENT REFERENCE ENERGY": -150.02578103572748, "NUCLEAR REPULSION ENERGY": 71.19783215039388, "SCF DIPOLE Z": 0.0, "CURRENT DIPOLE Y": -2.7830563253036447, "CURRENT ENERGY": -150.02578103572748, "SCF DIPOLE Y": -2.7830563253036447, "DFT TOTAL ENERGY": -150.02578103572748, "SCF DIPOLE X": -1.8674092291009219, "TWO-ELECTRON ENERGY": 138.459392860364, "DFT XC ENERGY": -16.738949554500987, "CURRENT DIPOLE X": -1.8674092291009219, "CURRENT DIPOLE Z": 0.0}, "molecule": "\n  0  1\n  GH(C)        1.79626801        -0.11585476         0.00000000\n  GH(H)        2.90515430        -0.18737513         0.00000000\n  GH(N)        1.16061610        -1.25790391         0.00000000\n  GH(H)        1.85182448        -2.00884269         0.00000000\n  GH(N)        1.39570164         1.16335736         0.00000000\n  GH(H)        0.36558676         1.39719019         0.00000000\n  GH(H)        2.13213780         1.85550007         0.00000000\n      C       -1.79626801         0.11585476         0.00000000\n      H       -2.90515430         0.18737513         0.00000000\n      N       -1.16061610         1.25790391         0.00000000\n      H       -1.85182448         2.00884269         0.00000000\n      N       -1.39570164        -1.16335736         0.00000000\n      H       -0.36558676        -1.39719019         0.00000000\n      H       -2.13213780        -1.85550007         0.00000000\n", "return_value": -150.02578103572748, "modelchem": "B3LYP/aug-cc-pVDZ", "error": "", "molecule_hash": "be3c394eeba228d0efb3ce89f963238bfd32ee6a", "driver": "energy", "success": true, "args": "B3LYP/aug-cc-pVDZ", "output": ""}