{"variables": {"SCF ITERATION ENERGY": -189.78900147954909, "SCF DIPOLE Y": -2.0183696380109306, "SCF DIPOLE X": -0.12290264968595285, "CURRENT DIPOLE Z": 0.0, "SCF N ITERS": 8.0, "SCF DIPOLE Z": 0.0, "CURRENT DIPOLE X": -0.12290264968595285, "DFT FUNCTIONAL TOTAL ENERGY": -189.78900147954909, "TWO-ELECTRON ENERGY": 156.08922355903726, "CURRENT DIPOLE Y": -2.0183696380109306, "ONE-ELECTRON ENERGY": -396.33533039059193, "DFT XC ENERGY": -18.817412710231764, "DFT TOTAL ENERGY": -189.78900147954909, "SCF TOTAL ENERGY": -189.78900147954909, "NUCLEAR REPULSION ENERGY": 69.27451806223736, "CURRENT REFERENCE ENERGY": -189.78900147954909, "CURRENT ENERGY": -189.78900147954909}, "driver": "energy", "modelchem": "B3LYP/aug-cc-pVDZ", "success": true, "output": "", "error": "", "molecule_hash": "be5649bc9631968a08717c9a119f640d4c12fd41", "molecule": "\n  0  1\n      C       -1.85851203         0.15849692         0.00000000\n      H       -2.96318957         0.25525336         0.00000000\n      O       -1.17920577         1.19001178         0.00000000\n      O       -1.44984324        -1.09154980         0.00000000\n      H       -0.40704328        -1.13449846         0.00000000\n  GH(C)        1.92699581        -0.17306795         0.00000000\n  GH(H)        3.02703743        -0.26941835         0.00000000\n  GH(N)        1.13373794        -1.21065729         0.00000000\n  GH(H)        1.67232278        -2.07790126         0.00000000\n  GH(N)        1.51877490         1.11463167         0.00000000\n  GH(H)        0.51255074         1.32398473         0.00000000\n  GH(H)        2.21287037         1.84762526         0.00000000\n", "return_value": -189.78900147954909, "args": "B3LYP/aug-cc-pVDZ"}