{"return_value": -169.9242462762187, "success": true, "error": "", "args": "B3LYP/aug-cc-pVDZ", "driver": "energy", "molecule": "\n  0  1\n  GH(C)       -1.87970385         0.16163715         0.00000000\n  GH(H)       -2.98177538         0.26162942         0.00000000\n  GH(O)       -1.19849611         1.18849760         0.00000000\n  GH(O)       -1.45487899        -1.09052331         0.00000000\n  GH(H)       -0.44572390        -1.10219203         0.00000000\n      C        1.90475161        -0.18173103         0.00000000\n      H        3.01119328        -0.28211981         0.00000000\n      O        1.16164142        -1.18119246         0.00000000\n      N        1.51565227         1.10780268         0.00000000\n      H        0.51184265         1.32923289         0.00000000\n      H        2.22211656         1.83196397         0.00000000\n", "molecule_hash": "bf65228be307a45ffcd7ed2899721165c3a44c82", "variables": {"ONE-ELECTRON ENERGY": -370.21084680598375, "CURRENT DIPOLE Z": 0.0, "TWO-ELECTRON ENERGY": 147.6285717381379, "CURRENT DIPOLE X": 1.3523791740655884, "CURRENT ENERGY": -169.9242462762187, "SCF DIPOLE Z": 0.0, "NUCLEAR REPULSION ENERGY": 70.45473144345216, "CURRENT DIPOLE Y": 4.004945502022771, "CURRENT REFERENCE ENERGY": -169.9242462762187, "SCF N ITERS": 8.0, "DFT TOTAL ENERGY": -169.9242462762187, "SCF DIPOLE Y": 4.004945502022771, "DFT XC ENERGY": -17.79670265182499, "DFT FUNCTIONAL TOTAL ENERGY": -169.9242462762187, "SCF ITERATION ENERGY": -169.9242462762187, "SCF TOTAL ENERGY": -169.9242462762187, "SCF DIPOLE X": 1.3523791740655884}, "modelchem": "B3LYP/aug-cc-pVDZ", "output": ""}