{"args": "B3LYP/aug-cc-pVDZ", "variables": {"TWO-ELECTRON ENERGY": 156.2331058806869, "CURRENT REFERENCE ENERGY": -189.79289564566008, "SCF ITERATION ENERGY": -189.79289564566008, "SCF N ITERS": 8.0, "SCF TOTAL ENERGY": -189.79289564566008, "DFT XC ENERGY": -18.828957698485347, "DFT TOTAL ENERGY": -189.79289564566008, "NUCLEAR REPULSION ENERGY": 69.43891730623997, "CURRENT ENERGY": -189.79289564566008, "SCF DIPOLE Y": -1.840026940552306, "CURRENT DIPOLE Z": 0.0, "ONE-ELECTRON ENERGY": -396.63596113410165, "CURRENT DIPOLE X": -0.2315678380677965, "SCF DIPOLE X": -0.2315678380677965, "DFT FUNCTIONAL TOTAL ENERGY": -189.79289564566008, "CURRENT DIPOLE Y": -1.840026940552306, "SCF DIPOLE Z": 0.0}, "modelchem": "B3LYP/aug-cc-pVDZ", "return_value": -189.79289564566008, "success": true, "output": "", "molecule": "\n  0  1\n      C       -1.92862050         0.16119369         0.00000000\n      H       -3.03011644         0.25790262         0.00000000\n      O       -1.23743130         1.18028070         0.00000000\n      O       -1.49236998        -1.09274175         0.00000000\n      H       -0.48861382        -1.09313129         0.00000000\n  GH(C)        1.95643502        -0.17990567         0.00000000\n  GH(H)        3.06274786        -0.27703752         0.00000000\n  GH(O)        1.20521341        -1.17264505         0.00000000\n  GH(N)        1.55000583         1.10795923         0.00000000\n  GH(H)        0.54440542         1.31463815         0.00000000\n  GH(H)        2.24038620         1.84747610         0.00000000\n", "error": "", "molecule_hash": "c398b41dab1bd1caf03c4cac3c53a2b1f3ab1bcb", "driver": "energy"}