{"return_value": -150.03284675740588, "driver": "energy", "output": "", "args": "B3LYP/aug-cc-pVDZ", "variables": {"SCF TOTAL ENERGY": -150.03284675740588, "CURRENT DIPOLE Z": 0.0, "SCF N ITERS": 8.0, "CURRENT DIPOLE Y": -2.5304835072591323, "SCF DIPOLE X": -1.8535853543793583, "CURRENT ENERGY": -150.03284675740588, "ONE-ELECTRON ENERGY": -343.329951488753, "DFT TOTAL ENERGY": -150.03284675740588, "DFT XC ENERGY": -16.739639076426293, "SCF DIPOLE Y": -2.5304835072591323, "TWO-ELECTRON ENERGY": 138.67205727216722, "CURRENT REFERENCE ENERGY": -150.03284675740588, "NUCLEAR REPULSION ENERGY": 71.36468653560621, "CURRENT DIPOLE X": -1.8535853543793583, "SCF DIPOLE Z": 0.0, "SCF ITERATION ENERGY": -150.03284675740588, "DFT FUNCTIONAL TOTAL ENERGY": -150.03284675740588}, "molecule": "\n  0  1\n  GH(C)        1.99727808        -0.10431489         0.00000000\n  GH(H)        3.10176903        -0.16200082         0.00000000\n  GH(N)        1.29228783        -1.20609151         0.00000000\n  GH(H)        1.93090747        -2.00517101         0.00000000\n  GH(N)        1.49059653         1.14934169         0.00000000\n  GH(H)        0.45949690         1.29156428         0.00000000\n  GH(H)        2.13289668         1.92867591         0.00000000\n      C       -1.99727808         0.10431489         0.00000000\n      H       -3.10176903         0.16200082         0.00000000\n      N       -1.29228783         1.20609151         0.00000000\n      H       -1.93090747         2.00517101         0.00000000\n      N       -1.49059653        -1.14934169         0.00000000\n      H       -0.45949690        -1.29156428         0.00000000\n      H       -2.13289668        -1.92867591         0.00000000\n", "modelchem": "B3LYP/aug-cc-pVDZ", "success": true, "error": "", "molecule_hash": "c5ca9108bc545938046b26b666ae42b91fcade04"}