{"error": "", "args": "B3LYP/aug-cc-pVDZ", "driver": "energy", "success": true, "output": "", "return_value": -150.02852325377035, "modelchem": "B3LYP/aug-cc-pVDZ", "molecule": "\n  0  1\n  GH(C)        1.84665575        -0.11119213         0.00000000\n  GH(H)        2.95429208        -0.17788590         0.00000000\n  GH(N)        1.19156721        -1.24220748         0.00000000\n  GH(H)        1.86789891        -2.00737666         0.00000000\n  GH(N)        1.41335406         1.15979090         0.00000000\n  GH(H)        0.38141976         1.36618041         0.00000000\n  GH(H)        2.12308262         1.87905403         0.00000000\n      C       -1.84665575         0.11119213         0.00000000\n      H       -2.95429208         0.17788590         0.00000000\n      N       -1.19156721         1.24220748         0.00000000\n      H       -1.86789891         2.00737666         0.00000000\n      N       -1.41335406        -1.15979090         0.00000000\n      H       -0.38141976        -1.36618041         0.00000000\n      H       -2.12308262        -1.87905403         0.00000000\n", "molecule_hash": "c6b8db797fca752bb2db0ed16dfa55099e33dc9c", "variables": {"CURRENT DIPOLE Y": -2.716230279067568, "DFT XC ENERGY": -16.739531741147616, "SCF DIPOLE Y": -2.716230279067568, "TWO-ELECTRON ENERGY": 138.53514086208392, "ONE-ELECTRON ENERGY": -343.0839266363579, "CURRENT ENERGY": -150.02852325377035, "SCF DIPOLE Z": 0.0, "SCF DIPOLE X": -1.860058861876417, "SCF TOTAL ENERGY": -150.02852325377035, "NUCLEAR REPULSION ENERGY": 71.25979426165122, "CURRENT DIPOLE Z": 0.0, "SCF N ITERS": 8.0, "CURRENT REFERENCE ENERGY": -150.02852325377035, "CURRENT DIPOLE X": -1.860058861876417, "DFT FUNCTIONAL TOTAL ENERGY": -150.02852325377035, "SCF ITERATION ENERGY": -150.02852325377035, "DFT TOTAL ENERGY": -150.02852325377035}}