{"modelchem": "B3LYP/aug-cc-pVDZ", "molecule_hash": "cbc75fcadf38dbc36a275dfad58cf057ca570ad5", "variables": {"SCF N ITERS": 8.0, "DFT XC ENERGY": -35.6556830563849, "NUCLEAR REPULSION ENERGY": 234.23169579252308, "SCF DIPOLE X": 1.0158858674280681e-14, "CURRENT REFERENCE ENERGY": -339.8682614751979, "CURRENT ENERGY": -339.8682614751979, "TWO-ELECTRON ENERGY": 388.8134584999436, "CURRENT DIPOLE Y": -1.1287620749200756e-15, "SCF TOTAL ENERGY": -339.8682614751979, "SCF DIPOLE Y": -1.1287620749200756e-15, "ONE-ELECTRON ENERGY": -927.2577327112797, "CURRENT DIPOLE X": 1.0158858674280681e-14, "SCF DIPOLE Z": 0.0, "CURRENT DIPOLE Z": 0.0, "SCF ITERATION ENERGY": -339.8682614751979, "DFT TOTAL ENERGY": -339.868261475198, "DFT FUNCTIONAL TOTAL ENERGY": -339.868261475198}, "driver": "energy", "output": "", "error": "", "args": "B3LYP/aug-cc-pVDZ", "return_value": -339.8682614751979, "success": true, "molecule": "\n  0  1\n      C        1.89495225        -0.13840942         0.00000000\n      H        3.00512682        -0.21949780         0.00000000\n      O        1.23153916        -1.19064307         0.00000000\n      N        1.43998729         1.12629331         0.00000000\n      H        0.41948596         1.29629750         0.00000000\n      H        2.11367741         1.88100998         0.00000000\n      C       -1.89495225         0.13840942         0.00000000\n      H       -3.00512682         0.21949780         0.00000000\n      O       -1.23153916         1.19064307         0.00000000\n      N       -1.43998729        -1.12629331         0.00000000\n      H       -0.41948596        -1.29629750         0.00000000\n      H       -2.11367741        -1.88100998         0.00000000\n"}