{"return_value": -379.59035173407096, "driver": "energy", "output": "", "variables": {"DFT TOTAL ENERGY": -379.59035173407096, "CURRENT DIPOLE X": -1.0836115919232726e-13, "DFT FUNCTIONAL TOTAL ENERGY": -379.59035173407096, "SCF TOTAL ENERGY": -379.59035173407096, "CURRENT ENERGY": -379.59035173407096, "SCF DIPOLE Z": 0.0, "SCF ITERATION ENERGY": -379.59035173407096, "CURRENT REFERENCE ENERGY": -379.59035173407096, "SCF N ITERS": 8.0, "CURRENT DIPOLE Z": 0.0, "SCF DIPOLE X": -1.0836115919232726e-13, "SCF DIPOLE Y": 3.386286224760227e-15, "ONE-ELECTRON ENERGY": -858.9986119420372, "DFT XC ENERGY": -37.67294615736844, "NUCLEAR REPULSION ENERGY": 171.77191094302415, "TWO-ELECTRON ENERGY": 345.30929542231047, "CURRENT DIPOLE Y": 3.386286224760227e-15}, "success": true, "molecule": "\n  0  1\n      C        4.99755344        -0.15642268         0.00000000\n      H        6.10311728        -0.19102667         0.00000000\n      O        4.26634092        -1.12629100         0.00000000\n      O        4.57854479         1.13834246         0.00000000\n      H        3.60431482         1.11461219         0.00000000\n      C       -4.99755344         0.15642268         0.00000000\n      H       -6.10311728         0.19102667         0.00000000\n      O       -4.26634092         1.12629100         0.00000000\n      O       -4.57854479        -1.13834246         0.00000000\n      H       -3.60431482        -1.11461219         0.00000000\n", "error": "", "modelchem": "B3LYP/aug-cc-pVDZ", "molecule_hash": "d7a26e142ba7381e2a0a94dd2770188409af8eaa", "args": "B3LYP/aug-cc-pVDZ"}