{"driver": "energy", "molecule_hash": "dd06ae717bfaf7eb5676830911a3a7ae49299b6e", "modelchem": "B3LYP/aug-cc-pVDZ", "return_value": -169.9250975430586, "variables": {"DFT TOTAL ENERGY": -169.9250975430586, "DFT FUNCTIONAL TOTAL ENERGY": -169.9250975430586, "CURRENT ENERGY": -169.9250975430586, "SCF DIPOLE Z": 0.0, "DFT XC ENERGY": -17.79950319493748, "SCF N ITERS": 8.0, "CURRENT REFERENCE ENERGY": -169.9250975430586, "SCF TOTAL ENERGY": -169.9250975430586, "CURRENT DIPOLE Z": 0.0, "SCF DIPOLE X": 1.1746845053303498, "CURRENT DIPOLE Y": 3.8481113035856165, "NUCLEAR REPULSION ENERGY": 70.51045848602352, "CURRENT DIPOLE X": 1.1746845053303498, "ONE-ELECTRON ENERGY": -370.3215283532217, "SCF ITERATION ENERGY": -169.9250975430586, "SCF DIPOLE Y": 3.8481113035856165, "TWO-ELECTRON ENERGY": 147.68547551907704}, "output": "", "molecule": "\n  0  1\n      C        2.89633015        -0.14585783         0.00000000\n      H        4.00779084        -0.20183046         0.00000000\n      O        2.18702642        -1.15195636         0.00000000\n      N        2.41611039         1.13579344         0.00000000\n      H        1.41208234         1.29109009         0.00000000\n      H        3.04382363         1.92881894         0.00000000\n  GH(C)       -2.89633015         0.14585783         0.00000000\n  GH(H)       -4.00779084         0.20183046         0.00000000\n  GH(O)       -2.18702642         1.15195636         0.00000000\n  GH(N)       -2.41611039        -1.13579344         0.00000000\n  GH(H)       -1.41208234        -1.29109009         0.00000000\n  GH(H)       -3.04382363        -1.92881894         0.00000000\n", "args": "B3LYP/aug-cc-pVDZ", "success": true, "error": ""}