{"success": true, "args": "B3LYP/aug-cc-pVDZ", "variables": {"DFT XC ENERGY": -18.830994210543842, "CURRENT DIPOLE X": 0.40780760212134376, "CURRENT DIPOLE Y": 1.7188795420328749, "SCF TOTAL ENERGY": -189.79438817705386, "ONE-ELECTRON ENERGY": -396.6715553818995, "DFT TOTAL ENERGY": -189.79438817705386, "CURRENT ENERGY": -189.79438817705386, "SCF DIPOLE Z": 0.0, "SCF N ITERS": 8.0, "SCF ITERATION ENERGY": -189.79438817705386, "DFT FUNCTIONAL TOTAL ENERGY": -189.79438817705386, "TWO-ELECTRON ENERGY": 156.25063202740267, "NUCLEAR REPULSION ENERGY": 69.45752938798681, "CURRENT REFERENCE ENERGY": -189.79438817705386, "SCF DIPOLE X": 0.40780760212134376, "SCF DIPOLE Y": 1.7188795420328749, "CURRENT DIPOLE Z": 0.0}, "molecule": "\n  0  1\n      C        1.98993209        -0.20042861         0.00000000\n      H        3.08861310        -0.31108922         0.00000000\n      O        1.22585974        -1.16459704         0.00000000\n      O        1.61210992         1.08161540         0.00000000\n      H        0.62108112         1.11708149         0.00000000\n  GH(C)       -1.98993209         0.20042861         0.00000000\n  GH(H)       -3.08861310         0.31108922         0.00000000\n  GH(O)       -1.22585974         1.16459704         0.00000000\n  GH(O)       -1.61210992        -1.08161540         0.00000000\n  GH(H)       -0.62108112        -1.11708149         0.00000000\n", "error": "", "output": "", "molecule_hash": "ddc4a01ef2ed36f76a43be462759d2ddc9d2966e", "driver": "energy", "modelchem": "B3LYP/aug-cc-pVDZ", "return_value": -189.79438817705386}