{"output": "", "error": "", "variables": {"DFT XC ENERGY": -17.795701965788513, "DFT FUNCTIONAL TOTAL ENERGY": -169.92470620625244, "SCF DIPOLE Y": -3.912391943835381, "TWO-ELECTRON ENERGY": 147.6875065358517, "CURRENT DIPOLE Z": 0.0, "ONE-ELECTRON ENERGY": -370.3071773899073, "SCF DIPOLE X": -1.0709967761364703, "DFT TOTAL ENERGY": -169.92470620625244, "SCF DIPOLE Z": 0.0, "CURRENT DIPOLE Y": -3.912391943835381, "NUCLEAR REPULSION ENERGY": 70.49066661359167, "CURRENT ENERGY": -169.92470620625244, "SCF N ITERS": 8.0, "CURRENT DIPOLE X": -1.0709967761364703, "SCF ITERATION ENERGY": -169.92470620625244, "CURRENT REFERENCE ENERGY": -169.92470620625244, "SCF TOTAL ENERGY": -169.92470620625244}, "args": "B3LYP/aug-cc-pVDZ", "modelchem": "B3LYP/aug-cc-pVDZ", "driver": "energy", "molecule_hash": "ebfe81b1404b4461cbabfd2c599348853ea0b89d", "molecule": "\n  0  1\n      C       -2.37001060         0.12298207         0.00000000\n      H       -3.47998730         0.18042379         0.00000000\n      O       -1.68320651         1.15259030         0.00000000\n      N       -1.83827892        -1.13269684         0.00000000\n      H       -0.81940832        -1.23705071         0.00000000\n      H       -2.43438758        -1.94974931         0.00000000\n  GH(C)        2.42357564        -0.12508788         0.00000000\n  GH(H)        3.52532822        -0.18210400         0.00000000\n  GH(N)        1.64921165        -1.17564041         0.00000000\n  GH(H)        2.23277319        -2.01853948         0.00000000\n  GH(N)        1.89367698         1.13774591         0.00000000\n  GH(H)        0.88057502         1.25034358         0.00000000\n  GH(H)        2.48658153         1.95391122         0.00000000\n", "return_value": -169.92470620625244, "success": true}