{"variables": {"SCF N ITERS": 9.0, "CURRENT DIPOLE Y": 0.3356599770740287, "CURRENT REFERENCE ENERGY": -339.85769635050576, "NUCLEAR REPULSION ENERGY": 232.73099664952503, "DFT TOTAL ENERGY": -339.85769635050576, "CURRENT DIPOLE X": 2.9583078595302856, "ONE-ELECTRON ENERGY": -924.144790912456, "SCF ITERATION ENERGY": -339.85769635050576, "SCF TOTAL ENERGY": -339.85769635050576, "TWO-ELECTRON ENERGY": 387.183994932238, "SCF DIPOLE Z": 0.0, "SCF DIPOLE Y": 0.3356599770740287, "DFT FUNCTIONAL TOTAL ENERGY": -339.85769635050576, "DFT XC ENERGY": -35.62789701981292, "CURRENT DIPOLE Z": 0.0, "SCF DIPOLE X": 2.9583078595302856, "CURRENT ENERGY": -339.85769635050576}, "args": "B3LYP/aug-cc-pVDZ", "error": "", "molecule_hash": "ecb8baf7524ab37a34348d996e37d3e8bca68507", "driver": "energy", "modelchem": "B3LYP/aug-cc-pVDZ", "return_value": -339.85769635050576, "molecule": "\n  0  1\n      C       -1.90625728         0.15789816         0.00000000\n      H       -3.00992908         0.25165586         0.00000000\n      O       -1.21798842         1.18183546         0.00000000\n      O       -1.48225867        -1.09353763         0.00000000\n      H       -0.45272461        -1.11834425         0.00000000\n      C        1.97974667        -0.17222063         0.00000000\n      H        3.07948948        -0.26564455         0.00000000\n      N        1.17265485        -1.20000472         0.00000000\n      H        1.70375525        -2.07277955         0.00000000\n      N        1.55373649         1.11388209         0.00000000\n      H        0.54641308         1.30898417         0.00000000\n      H        2.23141500         1.86193091         0.00000000\n", "output": "", "success": true}