{"variables": {"NUCLEAR REPULSION ENERGY": 198.3844701273743, "CURRENT DIPOLE Y": 4.5150482996803025e-15, "CURRENT DIPOLE Z": 0.0, "SCF TOTAL ENERGY": -379.5935109589608, "DFT XC ENERGY": -37.67214458981137, "SCF DIPOLE Y": 4.5150482996803025e-15, "CURRENT ENERGY": -379.5935109589608, "DFT TOTAL ENERGY": -379.5935109589608, "CURRENT REFERENCE ENERGY": -379.5935109589608, "TWO-ELECTRON ENERGY": 371.88165590476837, "SCF DIPOLE Z": 0.0, "SCF N ITERS": 8.0, "CURRENT DIPOLE X": 4.9665531296483326e-14, "DFT FUNCTIONAL TOTAL ENERGY": -379.5935109589608, "SCF ITERATION ENERGY": -379.5935109589608, "ONE-ELECTRON ENERGY": -912.187492401292, "SCF DIPOLE X": 4.9665531296483326e-14}, "molecule": "\n  0  1\n      C        2.89338469        -0.19577496         0.00000000\n      H        3.99667367        -0.27042675         0.00000000\n      O        2.12532927        -1.13908975         0.00000000\n      O        2.52303889         1.11116394         0.00000000\n      H        1.54758478         1.13325561         0.00000000\n      C       -2.89338469         0.19577496         0.00000000\n      H       -3.99667367         0.27042675         0.00000000\n      O       -2.12532927         1.13908975         0.00000000\n      O       -2.52303889        -1.11116394         0.00000000\n      H       -1.54758478        -1.13325561         0.00000000\n", "output": "", "error": "", "args": "B3LYP/aug-cc-pVDZ", "molecule_hash": "eefd933c2d64d11a398da9cb3e7067d6d65ce92f", "driver": "energy", "modelchem": "B3LYP/aug-cc-pVDZ", "return_value": -379.5935109589608, "success": true}