{"success": true, "molecule": "\n  0  1\n      C        2.19607517        -0.13136009         0.00000000\n      H        3.30472871        -0.19767514         0.00000000\n      O        1.49802227        -1.15698038         0.00000000\n      N        1.68120383         1.12742404         0.00000000\n      H        0.66343356         1.24723827         0.00000000\n      H        2.29010119         1.93517379         0.00000000\n  GH(C)       -2.19607517         0.13136009         0.00000000\n  GH(H)       -3.30472871         0.19767514         0.00000000\n  GH(O)       -1.49802227         1.15698038         0.00000000\n  GH(N)       -1.68120383        -1.12742404         0.00000000\n  GH(H)       -0.66343356        -1.24723827         0.00000000\n  GH(H)       -2.29010119        -1.93517379         0.00000000\n", "variables": {"DFT TOTAL ENERGY": -169.92467770904935, "DFT XC ENERGY": -17.79548541066347, "SCF N ITERS": 8.0, "CURRENT DIPOLE X": 1.116179376989349, "CURRENT DIPOLE Z": 0.0, "TWO-ELECTRON ENERGY": 147.68115303874112, "ONE-ELECTRON ENERGY": -370.2937015544115, "SCF DIPOLE Z": 0.0, "SCF DIPOLE Y": 3.9385088779451647, "CURRENT ENERGY": -169.92467770904935, "SCF TOTAL ENERGY": -169.92467770904935, "SCF ITERATION ENERGY": -169.92467770904935, "DFT FUNCTIONAL TOTAL ENERGY": -169.92467770904935, "NUCLEAR REPULSION ENERGY": 70.4833562172845, "CURRENT REFERENCE ENERGY": -169.92467770904935, "SCF DIPOLE X": 1.116179376989349, "CURRENT DIPOLE Y": 3.9385088779451647}, "output": "", "modelchem": "B3LYP/aug-cc-pVDZ", "driver": "energy", "args": "B3LYP/aug-cc-pVDZ", "return_value": -169.92467770904935, "molecule_hash": "ef06c8c5fb2aecdc322f3cb9d5744e9049ed7ee7", "error": ""}