{"error": "", "args": "B3LYP/aug-cc-pVDZ", "modelchem": "B3LYP/aug-cc-pVDZ", "return_value": -359.7294432036885, "molecule_hash": "ef37c9acd0f91e8f5f322c1b40001b18da77e171", "output": "", "driver": "energy", "variables": {"SCF DIPOLE X": 0.9337272933510452, "CURRENT ENERGY": -359.7294432036885, "CURRENT DIPOLE Y": 2.280856256935951, "CURRENT DIPOLE Z": 0.0, "SCF ITERATION ENERGY": -359.7294432036885, "SCF DIPOLE Y": 2.280856256935951, "SCF DIPOLE Z": 0.0, "CURRENT REFERENCE ENERGY": -359.7294432036885, "TWO-ELECTRON ENERGY": 374.07825008846606, "DFT XC ENERGY": -36.63540716262899, "SCF TOTAL ENERGY": -359.7294432036885, "SCF N ITERS": 10.0, "DFT FUNCTIONAL TOTAL ENERGY": -359.7294432036885, "DFT TOTAL ENERGY": -359.7294432036885, "ONE-ELECTRON ENERGY": -907.2433846561585, "CURRENT DIPOLE X": 0.9337272933510452, "NUCLEAR REPULSION ENERGY": 210.07109852663288}, "success": true, "molecule": "\n  0  1\n      C       -2.46965740         0.18532900         0.00000000\n      H       -3.57215472         0.26340833         0.00000000\n      O       -1.71425854         1.14365130         0.00000000\n      O       -2.07552238        -1.10913287         0.00000000\n      H       -1.09609784        -1.11892804         0.00000000\n      C        2.51785158        -0.16788849         0.00000000\n      H        3.62685662        -0.24642870         0.00000000\n      O        1.78274154        -1.15890784         0.00000000\n      N        2.05645986         1.11912237         0.00000000\n      H        1.05236659         1.28627334         0.00000000\n      H        2.69518733         1.90341149         0.00000000\n"}