{"args": "B3LYP/aug-cc-pVDZ", "molecule_hash": "f105e4ebd20d606ddb7ed0805570df813c85dfda", "molecule": "\n  0  1\n  GH(C)       -1.73161493         0.16885424         0.00000000\n  GH(H)       -2.84774407         0.27229826         0.00000000\n  GH(O)       -1.09203207         1.23345283         0.00000000\n  GH(N)       -1.40935402        -1.12703884         0.00000000\n  GH(H)       -0.38663445        -1.41522920         0.00000000\n  GH(H)       -2.19618815        -1.76421756         0.00000000\n      C        1.75344970        -0.15414523         0.00000000\n      H        2.85932238        -0.25663867         0.00000000\n      N        1.10888334        -1.28995398         0.00000000\n      H        1.79513417        -2.04501619         0.00000000\n      N        1.40087130         1.13935068         0.00000000\n      H        0.40196256         1.40065024         0.00000000\n      H        2.15615427         1.80923145         0.00000000\n", "modelchem": "B3LYP/aug-cc-pVDZ", "success": true, "output": "", "return_value": -150.02517809982038, "error": "", "driver": "energy", "variables": {"SCF N ITERS": 8.0, "CURRENT DIPOLE Z": 0.0, "SCF TOTAL ENERGY": -150.02517809982038, "DFT XC ENERGY": -16.747611327105222, "DFT FUNCTIONAL TOTAL ENERGY": -150.02517809982038, "SCF ITERATION ENERGY": -150.02517809982038, "CURRENT REFERENCE ENERGY": -150.02517809982038, "ONE-ELECTRON ENERGY": -343.0499606283142, "SCF DIPOLE Z": 0.0, "SCF DIPOLE X": 1.943606379382053, "CURRENT ENERGY": -150.02517809982038, "CURRENT DIPOLE X": 1.943606379382053, "NUCLEAR REPULSION ENERGY": 71.26743553845122, "SCF DIPOLE Y": 2.777442282422222, "CURRENT DIPOLE Y": 2.777442282422222, "TWO-ELECTRON ENERGY": 138.50495831714778, "DFT TOTAL ENERGY": -150.02517809982038}}