{"args": "B3LYP/aug-cc-pVDZ", "molecule_hash": "f3304f5cc2be5e7a6f3d4246b30059a0106d7a5e", "output": "", "variables": {"DFT FUNCTIONAL TOTAL ENERGY": -169.92487024908414, "SCF ITERATION ENERGY": -169.92487024908414, "TWO-ELECTRON ENERGY": 147.68290952832828, "CURRENT DIPOLE Z": 0.0, "CURRENT ENERGY": -169.92487024908414, "CURRENT DIPOLE X": 1.3270158853869762, "SCF DIPOLE X": 1.3270158853869762, "DFT XC ENERGY": -17.796013891935, "ONE-ELECTRON ENERGY": -370.3032534128371, "SCF TOTAL ENERGY": -169.92487024908414, "CURRENT REFERENCE ENERGY": -169.92487024908414, "CURRENT DIPOLE Y": 3.8739204110412597, "SCF DIPOLE Y": 3.8739204110412597, "NUCLEAR REPULSION ENERGY": 70.49148752735964, "SCF DIPOLE Z": 0.0, "DFT TOTAL ENERGY": -169.92487024908414, "SCF N ITERS": 8.0}, "molecule": "\n  0  1\n  GH(C)       -2.12445982         0.17139548         0.00000000\n  GH(H)       -3.22540810         0.26019471         0.00000000\n  GH(O)       -1.39708971         1.15905225         0.00000000\n  GH(O)       -1.69213335        -1.10003833         0.00000000\n  GH(H)       -0.70338392        -1.09153044         0.00000000\n      C        2.16162183        -0.17430715         0.00000000\n      H        3.26847086        -0.26358230         0.00000000\n      O        1.40801417        -1.15997383         0.00000000\n      N        1.71474383         1.11078804         0.00000000\n      H        0.70747623         1.28502211         0.00000000\n      H        2.36711721         1.88391930         0.00000000\n", "error": "", "success": true, "driver": "energy", "return_value": -169.92487024908414, "modelchem": "B3LYP/aug-cc-pVDZ"}