{"error": "", "driver": "energy", "modelchem": "B3LYP/aug-cc-pVDZ", "args": "B3LYP/aug-cc-pVDZ", "success": true, "return_value": -319.9811695691502, "variables": {"CURRENT DIPOLE X": 1.1659233989132933, "TWO-ELECTRON ENERGY": 371.5767314601661, "SCF DIPOLE X": 1.1659233989132933, "SCF DIPOLE Y": -1.5268327930368548, "ONE-ELECTRON ENERGY": -883.6673275186605, "DFT FUNCTIONAL TOTAL ENERGY": -319.9811695691502, "CURRENT DIPOLE Y": -1.5268327930368548, "NUCLEAR REPULSION ENERGY": 226.67727516667523, "SCF DIPOLE Z": 0.0, "CURRENT REFERENCE ENERGY": -319.9811695691502, "DFT XC ENERGY": -34.56784867733106, "CURRENT ENERGY": -319.9811695691502, "DFT TOTAL ENERGY": -319.9811695691502, "SCF ITERATION ENERGY": -319.9811695691502, "CURRENT DIPOLE Z": 0.0, "SCF TOTAL ENERGY": -319.9811695691502, "SCF N ITERS": 9.0}, "molecule_hash": "f39e9a7115681ba2199d0be5dffede72460d46a1", "molecule": "\n  0  1\n      C       -2.07299095         0.12047764         0.00000000\n      H       -3.18330109         0.18128485         0.00000000\n      O       -1.38900859         1.15844919         0.00000000\n      N       -1.56461787        -1.13434964         0.00000000\n      H       -0.53656198        -1.26288353         0.00000000\n      H       -2.19324500        -1.92734321         0.00000000\n      C        2.12072533        -0.10919529         0.00000000\n      H        3.22240596        -0.16952990         0.00000000\n      N        1.38733366        -1.19254323         0.00000000\n      H        2.00342544        -2.01034739         0.00000000\n      N        1.57620126         1.13760159         0.00000000\n      H        0.55501008         1.24096826         0.00000000\n      H        2.17143215         1.95251421         0.00000000\n", "output": ""}