{"variables": {"CURRENT DIPOLE Y": -1.4984207663837756, "DFT XC ENERGY": -18.836174472170367, "SCF ITERATION ENERGY": -189.7951065369073, "CURRENT DIPOLE X": -0.41501969737840505, "SCF TOTAL ENERGY": -189.7951065369073, "SCF DIPOLE Y": -1.4984207663837756, "SCF N ITERS": 8.0, "DFT FUNCTIONAL TOTAL ENERGY": -189.7951065369073, "SCF DIPOLE Z": 0.0, "SCF DIPOLE X": -0.41501969737840505, "ONE-ELECTRON ENERGY": -396.5961730829536, "NUCLEAR REPULSION ENERGY": 69.43156827282269, "CURRENT DIPOLE Z": 0.0, "DFT TOTAL ENERGY": -189.7951065369073, "TWO-ELECTRON ENERGY": 156.205672745394, "CURRENT ENERGY": -189.7951065369073, "CURRENT REFERENCE ENERGY": -189.7951065369073}, "success": true, "return_value": -189.7951065369073, "driver": "energy", "output": "", "modelchem": "B3LYP/aug-cc-pVDZ", "molecule": "\n  0  1\n  GH(C)        3.19458871        -0.18602798         0.00000000\n  GH(H)        4.29867458        -0.25032135         0.00000000\n  GH(O)        2.43545364        -1.13545523         0.00000000\n  GH(O)        2.81355286         1.11890079         0.00000000\n  GH(H)        1.83855220         1.13009890         0.00000000\n      C       -3.19458871         0.18602798         0.00000000\n      H       -4.29867458         0.25032135         0.00000000\n      O       -2.43545364         1.13545523         0.00000000\n      O       -2.81355286        -1.11890079         0.00000000\n      H       -1.83855220        -1.13009890         0.00000000\n", "error": "", "molecule_hash": "f93542d1d51544a5c575d100ea289d6640902b66", "args": "B3LYP/aug-cc-pVDZ"}