{"molecule": "\n  0  1\n      C        2.49138346        -0.20738986         0.00000000\n      H        3.59280864        -0.29907564         0.00000000\n      O        1.71273443        -1.14581025         0.00000000\n      O        2.12758466         1.09795049         0.00000000\n      H        1.14991023         1.12938889         0.00000000\n  GH(C)       -2.49138346         0.20738986         0.00000000\n  GH(H)       -3.59280864         0.29907564         0.00000000\n  GH(O)       -1.71273443         1.14581025         0.00000000\n  GH(O)       -2.12758466        -1.09795049         0.00000000\n  GH(H)       -1.14991023        -1.12938889         0.00000000\n", "variables": {"SCF ITERATION ENERGY": -189.79508863261285, "CURRENT DIPOLE X": 0.4518582341114957, "SCF DIPOLE Y": 1.5308777415946553, "SCF DIPOLE Z": 0.0, "NUCLEAR REPULSION ENERGY": 69.43198524787482, "SCF N ITERS": 8.0, "CURRENT ENERGY": -189.79508863261285, "CURRENT DIPOLE Z": 0.0, "SCF DIPOLE X": 0.4518582341114957, "ONE-ELECTRON ENERGY": -396.6072276570394, "TWO-ELECTRON ENERGY": 156.2147735397136, "SCF TOTAL ENERGY": -189.79508863261285, "DFT XC ENERGY": -18.83461976316188, "DFT FUNCTIONAL TOTAL ENERGY": -189.79508863261285, "DFT TOTAL ENERGY": -189.79508863261285, "CURRENT DIPOLE Y": 1.5308777415946553, "CURRENT REFERENCE ENERGY": -189.79508863261285}, "modelchem": "B3LYP/aug-cc-pVDZ", "driver": "energy", "output": "", "molecule_hash": "feb8ff4d754a15326cf333eae6158dc248d6b0d0", "args": "B3LYP/aug-cc-pVDZ", "return_value": -189.79508863261285, "success": true, "error": ""}