{"output": "", "molecule_hash": "ffb44129d97d05b40cc7a1242f49432b345fc8ed", "driver": "energy", "args": "B3LYP/aug-cc-pVDZ", "modelchem": "B3LYP/aug-cc-pVDZ", "success": true, "molecule": "\n  0  1\n      C       -1.92586862         0.12572004         0.00000000\n      H       -3.03796709         0.19311602         0.00000000\n      O       -1.25948828         1.17632094         0.00000000\n      N       -1.46411088        -1.13741671         0.00000000\n      H       -0.43144516        -1.30889080         0.00000000\n      H       -2.14076353        -1.89029703         0.00000000\n      C        1.96699000        -0.11019704         0.00000000\n      H        3.07015648        -0.17705172         0.00000000\n      N        1.27163617        -1.21778291         0.00000000\n      H        1.91584742        -2.01186499         0.00000000\n      N        1.45874144         1.14162823         0.00000000\n      H        0.43630966         1.27622061         0.00000000\n      H        2.09327641         1.92665702         0.00000000\n", "variables": {"SCF DIPOLE Y": -1.5031268623652365, "DFT TOTAL ENERGY": -319.9789250219006, "SCF DIPOLE Z": 0.0, "SCF TOTAL ENERGY": -319.9789250219006, "CURRENT DIPOLE X": 1.1903730755312008, "CURRENT DIPOLE Y": -1.5031268623652365, "DFT FUNCTIONAL TOTAL ENERGY": -319.9789250219006, "SCF DIPOLE X": 1.1903730755312008, "CURRENT ENERGY": -319.9789250219006, "TWO-ELECTRON ENERGY": 377.35383203768436, "CURRENT REFERENCE ENERGY": -319.9789250219006, "SCF ITERATION ENERGY": -319.9789250219006, "SCF N ITERS": 9.0, "NUCLEAR REPULSION ENERGY": 232.43751990682134, "ONE-ELECTRON ENERGY": -895.1730710332299, "DFT XC ENERGY": -34.59720593317634, "CURRENT DIPOLE Z": 0.0}, "error": "", "return_value": -319.9789250219006}