{
    "real": [
        false,
        false,
        false,
        false,
        false,
        true,
        true,
        true,
        true,
        true
    ],
    "fragment_charges": [
        0.0,
        0.0
    ],
    "multiplicity": 1,
    "provenance": {
        "tag": "HBC Research"
    },
    "fragments": [
        [
            0,
            1,
            2,
            3,
            4
        ],
        [
            5,
            6,
            7,
            8,
            9
        ]
    ],
    "fragment_multiplicities": [
        1,
        1
    ],
    "geometry": [
        [
            2.29051747,
            -0.20864205999999993,
            0.0
        ],
        [
            3.3906352800000006,
            -0.30885121999999987,
            0.0
        ],
        [
            1.51085984,
            -1.1502933199999998,
            0.0
        ],
        [
            1.9209525099999998,
            1.0911309299999998,
            0.0
        ],
        [
            0.94036724,
            1.1213554,
            0.0
        ],
        [
            -2.29051747,
            0.20864205999999993,
            0.0
        ],
        [
            -3.3906352800000006,
            0.30885121999999987,
            0.0
        ],
        [
            -1.51085984,
            1.1502933199999998,
            0.0
        ],
        [
            -1.9209525099999998,
            -1.0911309299999998,
            0.0
        ],
        [
            -0.94036724,
            -1.1213554,
            0.0
        ]
    ],
    "comment": "Formic Acid Dimer ",
    "symbols": [
        "C",
        "H",
        "O",
        "O",
        "H",
        "C",
        "H",
        "O",
        "O",
        "H"
    ],
    "name": "FaOOFaOO",
    "masses": [
        12,
        1.00782503207,
        15.99491461956,
        15.99491461956,
        1.00782503207,
        12,
        1.00782503207,
        15.99491461956,
        15.99491461956,
        1.00782503207
    ],
    "charge": 0.0
}