{
    "real": [
        true,
        true,
        true,
        true,
        true,
        false,
        false,
        false,
        false,
        false,
        false,
        false
    ],
    "fragment_charges": [
        0.0,
        0.0
    ],
    "multiplicity": 1,
    "provenance": {
        "tag": "HBC Research"
    },
    "fragments": [
        [
            0,
            1,
            2,
            3,
            4
        ],
        [
            5,
            6,
            7,
            8,
            9,
            10,
            11
        ]
    ],
    "fragment_multiplicities": [
        1,
        1
    ],
    "geometry": [
        [
            -3.9121319403340813,
            0.1601863694536885,
            0.0
        ],
        [
            -5.01752318033408,
            0.2010516794536885,
            0.0
        ],
        [
            -3.178688400334081,
            1.1288155194536886,
            0.0
        ],
        [
            -3.4973677603340807,
            -1.1350249605463114,
            0.0
        ],
        [
            -2.5226147503340814,
            -1.1161590005463113,
            0.0
        ],
        [
            4.082408149665918,
            -0.13536451054631146,
            0.0
        ],
        [
            5.18661438966592,
            -0.1761860105463115,
            0.0
        ],
        [
            3.300825359665919,
            -1.1697447605463114,
            0.0
        ],
        [
            3.8716710796659184,
            -2.0215835305463115,
            0.0
        ],
        [
            3.5822439696659187,
            1.1468461394536884,
            0.0
        ],
        [
            2.5789250896659186,
            1.2849345994536887,
            0.0
        ],
        [
            4.193557499665919,
            1.9491024394536884,
            0.0
        ]
    ],
    "comment": "Formic Acid-Formamidine Complex ",
    "symbols": [
        "C",
        "H",
        "O",
        "O",
        "H",
        "C",
        "H",
        "N",
        "H",
        "N",
        "H",
        "H"
    ],
    "name": "FaOOFaNN",
    "masses": [
        12,
        1.00782503207,
        15.99491461956,
        15.99491461956,
        1.00782503207,
        12,
        1.00782503207,
        14.00307400478,
        1.00782503207,
        14.00307400478,
        1.00782503207,
        1.00782503207
    ],
    "charge": 0.0
}