{
    "real": [
        true,
        true,
        true,
        true,
        true,
        true,
        true,
        true,
        true,
        true,
        true,
        true
    ],
    "fragment_charges": [
        0.0,
        0.0
    ],
    "multiplicity": 1,
    "provenance": {
        "tag": "HBC Research"
    },
    "fragments": [
        [
            0,
            1,
            2,
            3,
            4,
            5
        ],
        [
            6,
            7,
            8,
            9,
            10,
            11
        ]
    ],
    "fragment_multiplicities": [
        1,
        1
    ],
    "geometry": [
        [
            2.89633015,
            -0.1458578299999999,
            0.0
        ],
        [
            4.00779084,
            -0.20183045999999988,
            0.0
        ],
        [
            2.18702642,
            -1.15195636,
            0.0
        ],
        [
            2.41611039,
            1.13579344,
            0.0
        ],
        [
            1.41208234,
            1.2910900900000002,
            0.0
        ],
        [
            3.04382363,
            1.9288189400000004,
            0.0
        ],
        [
            -2.89633015,
            0.1458578299999999,
            0.0
        ],
        [
            -4.00779084,
            0.20183045999999982,
            0.0
        ],
        [
            -2.18702642,
            1.15195636,
            0.0
        ],
        [
            -2.41611039,
            -1.13579344,
            0.0
        ],
        [
            -1.41208234,
            -1.2910900900000002,
            0.0
        ],
        [
            -3.04382363,
            -1.9288189400000004,
            0.0
        ]
    ],
    "comment": "Formamide Dimer ",
    "symbols": [
        "C",
        "H",
        "O",
        "N",
        "H",
        "H",
        "C",
        "H",
        "O",
        "N",
        "H",
        "H"
    ],
    "name": "FaONFaON",
    "masses": [
        12,
        1.00782503207,
        15.99491461956,
        14.00307400478,
        1.00782503207,
        1.00782503207,
        12,
        1.00782503207,
        15.99491461956,
        14.00307400478,
        1.00782503207,
        1.00782503207
    ],
    "charge": 0.0
}