{
    "real": [
        true,
        true,
        true,
        true,
        true,
        false,
        false,
        false,
        false,
        false,
        false
    ],
    "fragment_charges": [
        0.0,
        0.0
    ],
    "multiplicity": 1,
    "provenance": {
        "tag": "HBC Research"
    },
    "fragments": [
        [
            0,
            1,
            2,
            3,
            4
        ],
        [
            5,
            6,
            7,
            8,
            9,
            10
        ]
    ],
    "fragment_multiplicities": [
        1,
        1
    ],
    "geometry": [
        [
            -2.4696573999914846,
            0.1853290011000309,
            0.0
        ],
        [
            -3.5721547199914845,
            0.26340833110003087,
            0.0
        ],
        [
            -1.7142585399914845,
            1.1436513011000309,
            0.0
        ],
        [
            -2.0755223799914844,
            -1.1091328688999689,
            0.0
        ],
        [
            -1.0960978399914845,
            -1.118928038899969,
            0.0
        ],
        [
            2.5178515800085153,
            -0.16788848889996907,
            0.0
        ],
        [
            3.6268566200085153,
            -0.24642869889996907,
            0.0
        ],
        [
            1.7827415400085154,
            -1.158907838899969,
            0.0
        ],
        [
            2.056459860008515,
            1.119122371100031,
            0.0
        ],
        [
            1.0523665900085155,
            1.2862733411000309,
            0.0
        ],
        [
            2.6951873300085154,
            1.9034114911000308,
            0.0
        ]
    ],
    "comment": "Formic Acid-Formamide Complex ",
    "symbols": [
        "C",
        "H",
        "O",
        "O",
        "H",
        "C",
        "H",
        "O",
        "N",
        "H",
        "H"
    ],
    "name": "FaOOFaON",
    "masses": [
        12,
        1.00782503207,
        15.99491461956,
        15.99491461956,
        1.00782503207,
        12,
        1.00782503207,
        15.99491461956,
        14.00307400478,
        1.00782503207,
        1.00782503207
    ],
    "charge": 0.0
}