{
    "real": [
        true,
        true,
        true,
        true,
        true,
        true,
        true,
        true,
        true,
        true,
        true
    ],
    "fragment_charges": [
        0.0,
        0.0
    ],
    "multiplicity": 1,
    "provenance": {
        "tag": "HBC Research"
    },
    "fragments": [
        [
            0,
            1,
            2,
            3,
            4
        ],
        [
            5,
            6,
            7,
            8,
            9,
            10
        ]
    ],
    "fragment_multiplicities": [
        1,
        1
    ],
    "geometry": [
        [
            -2.2718086512290214,
            0.17975089911286157,
            0.0
        ],
        [
            -3.373339861229022,
            0.26380019911286157,
            0.0
        ],
        [
            -1.5266044112290218,
            1.1499879391128613,
            0.0
        ],
        [
            -1.859328301229022,
            -1.1044309808871386,
            0.0
        ],
        [
            -0.8759763812290218,
            -1.1046898208871383,
            0.0
        ],
        [
            2.314859628770978,
            -0.17022217088713842,
            0.0
        ],
        [
            3.4225904987709774,
            -0.2547445108871384,
            0.0
        ],
        [
            1.571384288770978,
            -1.1593281608871382,
            0.0
        ],
        [
            1.854657068770978,
            1.1142663191128614,
            0.0
        ],
        [
            0.8479924187709781,
            1.2793062591128617,
            0.0
        ],
        [
            2.495078038770978,
            1.8972216391128613,
            0.0
        ]
    ],
    "comment": "Formic Acid-Formamide Complex ",
    "symbols": [
        "C",
        "H",
        "O",
        "O",
        "H",
        "C",
        "H",
        "O",
        "N",
        "H",
        "H"
    ],
    "name": "FaOOFaON",
    "masses": [
        12,
        1.00782503207,
        15.99491461956,
        15.99491461956,
        1.00782503207,
        12,
        1.00782503207,
        15.99491461956,
        14.00307400478,
        1.00782503207,
        1.00782503207
    ],
    "charge": 0.0
}