{
    "real": [
        false,
        false,
        false,
        false,
        false,
        true,
        true,
        true,
        true,
        true
    ],
    "fragment_charges": [
        0.0,
        0.0
    ],
    "multiplicity": 1,
    "provenance": {
        "tag": "HBC Research"
    },
    "fragments": [
        [
            0,
            1,
            2,
            3,
            4
        ],
        [
            5,
            6,
            7,
            8,
            9
        ]
    ],
    "fragment_multiplicities": [
        1,
        1
    ],
    "geometry": [
        [
            1.74073379,
            -0.17985246999999996,
            0.0
        ],
        [
            2.84248921,
            -0.2936857399999998,
            0.0
        ],
        [
            1.04839226,
            -1.20544675,
            0.0
        ],
        [
            1.40587723,
            1.0830348099999996,
            0.0
        ],
        [
            0.38948927,
            1.1673382900000002,
            0.0
        ],
        [
            -1.74073379,
            0.17985246999999996,
            0.0
        ],
        [
            -2.84248921,
            0.2936857399999998,
            0.0
        ],
        [
            -1.04839226,
            1.20544675,
            0.0
        ],
        [
            -1.40587723,
            -1.0830348099999996,
            0.0
        ],
        [
            -0.38948926999999994,
            -1.1673382900000002,
            0.0
        ]
    ],
    "comment": "Formic Acid Dimer ",
    "symbols": [
        "C",
        "H",
        "O",
        "O",
        "H",
        "C",
        "H",
        "O",
        "O",
        "H"
    ],
    "name": "FaOOFaOO",
    "masses": [
        12,
        1.00782503207,
        15.99491461956,
        15.99491461956,
        1.00782503207,
        12,
        1.00782503207,
        15.99491461956,
        15.99491461956,
        1.00782503207
    ],
    "charge": 0.0
}