{
    "real": [
        true,
        true,
        true,
        true,
        true,
        true,
        true,
        true,
        true,
        true,
        true,
        true,
        true
    ],
    "fragment_charges": [
        0.0,
        0.0
    ],
    "multiplicity": 1,
    "provenance": {
        "tag": "HBC Research"
    },
    "fragments": [
        [
            0,
            1,
            2,
            3,
            4,
            5
        ],
        [
            6,
            7,
            8,
            9,
            10,
            11,
            12
        ]
    ],
    "fragment_multiplicities": [
        1,
        1
    ],
    "geometry": [
        [
            -1.7802286993187484,
            0.1498729801631871,
            0.0
        ],
        [
            -2.8954536393187484,
            0.2383673601631871,
            0.0
        ],
        [
            -1.1388182493187484,
            1.214610910163187,
            0.0
        ],
        [
            -1.4102719093187486,
            -1.1346055198368128,
            0.0
        ],
        [
            -0.38077494931874867,
            -1.384539579836813,
            0.0
        ],
        [
            -2.1642619293187484,
            -1.8103404198368127,
            0.0
        ],
        [
            1.8084912606812515,
            -0.13489608983681287,
            0.0
        ],
        [
            2.9139776106812514,
            -0.22261769983681287,
            0.0
        ],
        [
            1.1549692106812515,
            -1.265994069836813,
            0.0
        ],
        [
            1.8322896106812514,
            -2.0297822498368125,
            0.0
        ],
        [
            1.4012434506812514,
            1.1438841501631867,
            0.0
        ],
        [
            0.3907448106812513,
            1.3609724001631869,
            0.0
        ],
        [
            2.1187308506812514,
            1.8541008601631872,
            0.0
        ]
    ],
    "comment": "Formamide-Formamidine Complex ",
    "symbols": [
        "C",
        "H",
        "O",
        "N",
        "H",
        "H",
        "C",
        "H",
        "N",
        "H",
        "N",
        "H",
        "H"
    ],
    "name": "FaONFaNN",
    "masses": [
        12,
        1.00782503207,
        15.99491461956,
        14.00307400478,
        1.00782503207,
        1.00782503207,
        12,
        1.00782503207,
        14.00307400478,
        1.00782503207,
        14.00307400478,
        1.00782503207,
        1.00782503207
    ],
    "charge": 0.0
}