{
    "real": [
        true,
        true,
        true,
        true,
        true,
        false,
        false,
        false,
        false,
        false,
        false
    ],
    "fragment_charges": [
        0.0,
        0.0
    ],
    "multiplicity": 1,
    "provenance": {
        "tag": "HBC Research"
    },
    "fragments": [
        [
            0,
            1,
            2,
            3,
            4
        ],
        [
            5,
            6,
            7,
            8,
            9,
            10
        ]
    ],
    "fragment_multiplicities": [
        1,
        1
    ],
    "geometry": [
        [
            -1.7821782414015317,
            0.1706746287109932,
            0.0
        ],
        [
            -2.8858623514015314,
            0.28192475871099315,
            0.0
        ],
        [
            -1.119594191401532,
            1.2108711987109928,
            0.0
        ],
        [
            -1.4011639514015317,
            -1.0836924512890067,
            0.0
        ],
        [
            -0.3804375914015318,
            -1.1324129412890067,
            0.0
        ],
        [
            1.799671808598468,
            -0.1903718712890068,
            0.0
        ],
        [
            2.9066248785984676,
            -0.30195151128900677,
            0.0
        ],
        [
            1.0805405185984682,
            -1.2075188412890066,
            0.0
        ],
        [
            1.462964858598468,
            1.1065664587109931,
            0.0
        ],
        [
            0.46794113859846814,
            1.373170958710993,
            0.0
        ],
        [
            2.213793678598468,
            1.784559728710993,
            0.0
        ]
    ],
    "comment": "Formic Acid-Formamide Complex ",
    "symbols": [
        "C",
        "H",
        "O",
        "O",
        "H",
        "C",
        "H",
        "O",
        "N",
        "H",
        "H"
    ],
    "name": "FaOOFaON",
    "masses": [
        12,
        1.00782503207,
        15.99491461956,
        15.99491461956,
        1.00782503207,
        12,
        1.00782503207,
        15.99491461956,
        14.00307400478,
        1.00782503207,
        1.00782503207
    ],
    "charge": 0.0
}