{
    "real": [
        true,
        true,
        true,
        true,
        true,
        true,
        true,
        true,
        true,
        true,
        true,
        true
    ],
    "fragment_charges": [
        0.0,
        0.0
    ],
    "multiplicity": 1,
    "provenance": {
        "tag": "HBC Research"
    },
    "fragments": [
        [
            0,
            1,
            2,
            3,
            4
        ],
        [
            5,
            6,
            7,
            8,
            9,
            10,
            11
        ]
    ],
    "fragment_multiplicities": [
        1,
        1
    ],
    "geometry": [
        [
            -2.6383318108233462,
            0.17421222927201807,
            0.0
        ],
        [
            -3.741827320823346,
            0.24259468927201805,
            0.0
        ],
        [
            -1.8981396008233464,
            1.142360179272018,
            0.0
        ],
        [
            -2.2258771508233464,
            -1.116301440727982,
            0.0
        ],
        [
            -1.2467415708233465,
            -1.1061358107279817,
            0.0
        ],
        [
            2.751330459176654,
            -0.15977949072798192,
            0.0
        ],
        [
            3.8533880091766535,
            -0.22807284072798192,
            0.0
        ],
        [
            1.9407964091766532,
            -1.1762415007279818,
            0.0
        ],
        [
            2.4882861391766538,
            -2.0431833507279817,
            0.0
        ],
        [
            2.2751782891766528,
            1.128930179272018,
            0.0
        ],
        [
            1.2726188091766535,
            1.287242409272018,
            0.0
        ],
        [
            2.9017297791766525,
            1.919495739272018,
            0.0
        ]
    ],
    "comment": "Formic Acid-Formamidine Complex ",
    "symbols": [
        "C",
        "H",
        "O",
        "O",
        "H",
        "C",
        "H",
        "N",
        "H",
        "N",
        "H",
        "H"
    ],
    "name": "FaOOFaNN",
    "masses": [
        12,
        1.00782503207,
        15.99491461956,
        15.99491461956,
        1.00782503207,
        12,
        1.00782503207,
        14.00307400478,
        1.00782503207,
        14.00307400478,
        1.00782503207,
        1.00782503207
    ],
    "charge": 0.0
}