{
    "real": [
        true,
        true,
        true,
        true,
        true,
        false,
        false,
        false,
        false,
        false,
        false,
        false
    ],
    "fragment_charges": [
        0.0,
        0.0
    ],
    "multiplicity": 1,
    "provenance": {
        "tag": "HBC Research"
    },
    "fragments": [
        [
            0,
            1,
            2,
            3,
            4
        ],
        [
            5,
            6,
            7,
            8,
            9,
            10,
            11
        ]
    ],
    "fragment_multiplicities": [
        1,
        1
    ],
    "geometry": [
        [
            -2.1003324983967673,
            0.15939802953048282,
            0.0
        ],
        [
            -3.2023124883967675,
            0.2440425595304828,
            0.0
        ],
        [
            -1.3897217983967676,
            1.161598559530483,
            0.0
        ],
        [
            -1.6481009983967676,
            -1.101309430469517,
            0.0
        ],
        [
            -0.6487038483967676,
            -1.083835870469517,
            0.0
        ],
        [
            2.1870391216032323,
            -0.1699206104695172,
            0.0
        ],
        [
            3.286681541603232,
            -0.25438558046951715,
            0.0
        ],
        [
            1.3541650516032324,
            -1.177258150469517,
            0.0
        ],
        [
            1.8742123616032325,
            -2.059114580469517,
            0.0
        ],
        [
            1.7252225516032322,
            1.115722399530483,
            0.0
        ],
        [
            0.7177596016032323,
            1.281821439530483,
            0.0
        ],
        [
            2.366324231603232,
            1.8949296495304828,
            0.0
        ]
    ],
    "comment": "Formic Acid-Formamidine Complex ",
    "symbols": [
        "C",
        "H",
        "O",
        "O",
        "H",
        "C",
        "H",
        "N",
        "H",
        "N",
        "H",
        "H"
    ],
    "name": "FaOOFaNN",
    "masses": [
        12,
        1.00782503207,
        15.99491461956,
        15.99491461956,
        1.00782503207,
        12,
        1.00782503207,
        14.00307400478,
        1.00782503207,
        14.00307400478,
        1.00782503207,
        1.00782503207
    ],
    "charge": 0.0
}