{
    "real": [
        true,
        true,
        true,
        true,
        true,
        true,
        false,
        false,
        false,
        false,
        false,
        false,
        false
    ],
    "fragment_charges": [
        0.0,
        0.0
    ],
    "multiplicity": 1,
    "provenance": {
        "tag": "HBC Research"
    },
    "fragments": [
        [
            0,
            1,
            2,
            3,
            4,
            5
        ],
        [
            6,
            7,
            8,
            9,
            10,
            11,
            12
        ]
    ],
    "fragment_multiplicities": [
        1,
        1
    ],
    "geometry": [
        [
            -2.023760440461432,
            0.12137130115808685,
            0.0
        ],
        [
            -3.1344912904614315,
            0.18360767115808688,
            0.0
        ],
        [
            -1.343610350461432,
            1.1625422911580867,
            0.0
        ],
        [
            -1.527378850461432,
            -1.1352833188419131,
            0.0
        ],
        [
            -0.497585910461432,
            -1.275147218841913,
            0.0
        ],
        [
            -2.1690590304614314,
            -1.9179014788419129,
            0.0
        ],
        [
            2.0698192295385676,
            -0.10799977884191315,
            0.0
        ],
        [
            3.171838089538568,
            -0.16974798884191314,
            0.0
        ],
        [
            1.3478737295385677,
            -1.199066288841913,
            0.0
        ],
        [
            1.9724404995385676,
            -2.009913168841913,
            0.0
        ],
        [
            1.5316770595385678,
            1.138508511158087,
            0.0
        ],
        [
            0.5094514095385679,
            1.247756241158087,
            0.0
        ],
        [
            2.135512879538568,
            1.947178781158087,
            0.0
        ]
    ],
    "comment": "Formamide-Formamidine Complex ",
    "symbols": [
        "C",
        "H",
        "O",
        "N",
        "H",
        "H",
        "C",
        "H",
        "N",
        "H",
        "N",
        "H",
        "H"
    ],
    "name": "FaONFaNN",
    "masses": [
        12,
        1.00782503207,
        15.99491461956,
        14.00307400478,
        1.00782503207,
        1.00782503207,
        12,
        1.00782503207,
        14.00307400478,
        1.00782503207,
        14.00307400478,
        1.00782503207,
        1.00782503207
    ],
    "charge": 0.0
}