{
    "real": [
        true,
        true,
        true,
        true,
        true,
        true,
        true,
        true,
        true,
        true,
        true,
        true
    ],
    "fragment_charges": [
        0.0,
        0.0
    ],
    "multiplicity": 1,
    "provenance": {
        "tag": "HBC Research"
    },
    "fragments": [
        [
            0,
            1,
            2,
            3,
            4
        ],
        [
            5,
            6,
            7,
            8,
            9,
            10,
            11
        ]
    ],
    "fragment_multiplicities": [
        1,
        1
    ],
    "geometry": [
        [
            -3.422321270384602,
            0.1665352673361186,
            0.0
        ],
        [
            -4.527342650384602,
            0.2154535173361186,
            0.0
        ],
        [
            -2.6839472503846022,
            1.1319862573361186,
            0.0
        ],
        [
            -3.014249280384602,
            -1.1299373826638812,
            0.0
        ],
        [
            -2.0389216603846023,
            -1.1178431126638813,
            0.0
        ],
        [
            3.5708308496153975,
            -0.14304496266388136,
            0.0
        ],
        [
            4.674617429615397,
            -0.19190855266388138,
            0.0
        ],
        [
            2.7816167896153976,
            -1.172250212663881,
            0.0
        ],
        [
            3.3467578696153977,
            -2.027915432663881,
            0.0
        ],
        [
            3.0795646096153972,
            1.1421511373361186,
            0.0
        ],
        [
            2.0771394796153975,
            1.2882228073361186,
            0.0
        ],
        [
            3.6966780896153977,
            1.9399857073361186,
            0.0
        ]
    ],
    "comment": "Formic Acid-Formamidine Complex ",
    "symbols": [
        "C",
        "H",
        "O",
        "O",
        "H",
        "C",
        "H",
        "N",
        "H",
        "N",
        "H",
        "H"
    ],
    "name": "FaOOFaNN",
    "masses": [
        12,
        1.00782503207,
        15.99491461956,
        15.99491461956,
        1.00782503207,
        12,
        1.00782503207,
        14.00307400478,
        1.00782503207,
        14.00307400478,
        1.00782503207,
        1.00782503207
    ],
    "charge": 0.0
}