{
    "real": [
        false,
        false,
        false,
        false,
        false,
        true,
        true,
        true,
        true,
        true,
        true
    ],
    "fragment_charges": [
        0.0,
        0.0
    ],
    "multiplicity": 1,
    "provenance": {
        "tag": "HBC Research"
    },
    "fragments": [
        [
            0,
            1,
            2,
            3,
            4
        ],
        [
            5,
            6,
            7,
            8,
            9,
            10
        ]
    ],
    "fragment_multiplicities": [
        1,
        1
    ],
    "geometry": [
        [
            -4.948991989595821,
            0.15261986124515695,
            0.0
        ],
        [
            -6.054666969595821,
            0.1839855212451569,
            0.0
        ],
        [
            -4.22139967959582,
            1.1252994312451567,
            0.0
        ],
        [
            -4.52579680959582,
            -1.140456258754843,
            0.0
        ],
        [
            -3.5515637195958205,
            -1.114183228754843,
            0.0
        ],
        [
            5.04698843040418,
            -0.13094493875484303,
            0.0
        ],
        [
            6.160165610404181,
            -0.16252341875484305,
            0.0
        ],
        [
            4.35243631040418,
            -1.1433296287548431,
            0.0
        ],
        [
            4.555654010404179,
            1.149849571245157,
            0.0
        ],
        [
            3.5523949804041783,
            1.2963940912451568,
            0.0
        ],
        [
            5.177023980404179,
            1.947855501245157,
            0.0
        ]
    ],
    "comment": "Formic Acid-Formamide Complex ",
    "symbols": [
        "C",
        "H",
        "O",
        "O",
        "H",
        "C",
        "H",
        "O",
        "N",
        "H",
        "H"
    ],
    "name": "FaOOFaON",
    "masses": [
        12,
        1.00782503207,
        15.99491461956,
        15.99491461956,
        1.00782503207,
        12,
        1.00782503207,
        15.99491461956,
        14.00307400478,
        1.00782503207,
        1.00782503207
    ],
    "charge": 0.0
}