{
    "real": [
        true,
        true,
        true,
        true,
        true,
        true,
        true,
        false,
        false,
        false,
        false,
        false,
        false,
        false
    ],
    "fragment_charges": [
        0.0,
        0.0
    ],
    "multiplicity": 1,
    "provenance": {
        "tag": "HBC Research"
    },
    "fragments": [
        [
            0,
            1,
            2,
            3,
            4,
            5,
            6
        ],
        [
            7,
            8,
            9,
            10,
            11,
            12,
            13
        ]
    ],
    "fragment_multiplicities": [
        1,
        1
    ],
    "geometry": [
        [
            2.4973513299999994,
            -0.11505841999999988,
            0.0
        ],
        [
            3.59972532,
            -0.1658471899999999,
            0.0
        ],
        [
            1.73648339,
            -1.1746947,
            0.0
        ],
        [
            2.33188443,
            -2.00962361,
            0.0
        ],
        [
            1.9497303399999997,
            1.14125016,
            0.0
        ],
        [
            0.9337715899999999,
            1.23689923,
            0.0
        ],
        [
            2.53164153,
            1.9651445,
            0.0
        ],
        [
            -2.4973513299999994,
            0.11505841999999988,
            0.0
        ],
        [
            -3.59972532,
            0.1658471899999999,
            0.0
        ],
        [
            -1.73648339,
            1.1746947,
            0.0
        ],
        [
            -2.33188443,
            2.00962361,
            0.0
        ],
        [
            -1.9497303399999997,
            -1.14125016,
            0.0
        ],
        [
            -0.93377159,
            -1.23689923,
            0.0
        ],
        [
            -2.53164153,
            -1.9651445,
            0.0
        ]
    ],
    "comment": "Formamidine Dimer ",
    "symbols": [
        "C",
        "H",
        "N",
        "H",
        "N",
        "H",
        "H",
        "C",
        "H",
        "N",
        "H",
        "N",
        "H",
        "H"
    ],
    "name": "FaNNFaNN",
    "masses": [
        12,
        1.00782503207,
        14.00307400478,
        1.00782503207,
        14.00307400478,
        1.00782503207,
        1.00782503207,
        12,
        1.00782503207,
        14.00307400478,
        1.00782503207,
        14.00307400478,
        1.00782503207,
        1.00782503207
    ],
    "charge": 0.0
}