{
    "real": [
        false,
        false,
        false,
        false,
        false,
        true,
        true,
        true,
        true,
        true,
        true,
        true
    ],
    "fragment_charges": [
        0.0,
        0.0
    ],
    "multiplicity": 1,
    "provenance": {
        "tag": "HBC Research"
    },
    "fragments": [
        [
            0,
            1,
            2,
            3,
            4
        ],
        [
            5,
            6,
            7,
            8,
            9,
            10,
            11
        ]
    ],
    "fragment_multiplicities": [
        1,
        1
    ],
    "geometry": [
        [
            -1.764949241326146,
            0.1523577907153133,
            0.0
        ],
        [
            -2.873278711326146,
            0.25118115071531333,
            0.0
        ],
        [
            -1.116083321326146,
            1.2086256407153133,
            0.0
        ],
        [
            -1.3864668313261461,
            -1.0912782292846868,
            0.0
        ],
        [
            -0.29340506132614624,
            -1.1784405592846867,
            0.0
        ],
        [
            1.8208256586738538,
            -0.1673650992846867,
            0.0
        ],
        [
            2.921916268673854,
            -0.26554300928468666,
            0.0
        ],
        [
            1.0714477886738536,
            -1.2358092992846865,
            0.0
        ],
        [
            1.6317135486738539,
            -2.0865090192846867,
            0.0
        ],
        [
            1.4504641086738537,
            1.1218103207153132,
            0.0
        ],
        [
            0.4443363586738538,
            1.359823410715313,
            0.0
        ],
        [
            2.1803663986738537,
            1.819730640715313,
            0.0
        ]
    ],
    "comment": "Formic Acid-Formamidine Complex ",
    "symbols": [
        "C",
        "H",
        "O",
        "O",
        "H",
        "C",
        "H",
        "N",
        "H",
        "N",
        "H",
        "H"
    ],
    "name": "FaOOFaNN",
    "masses": [
        12,
        1.00782503207,
        15.99491461956,
        15.99491461956,
        1.00782503207,
        12,
        1.00782503207,
        14.00307400478,
        1.00782503207,
        14.00307400478,
        1.00782503207,
        1.00782503207
    ],
    "charge": 0.0
}