{
    "real": [
        true,
        true,
        true,
        true,
        true,
        true,
        true,
        true,
        true,
        true,
        true,
        true
    ],
    "fragment_charges": [
        0.0,
        0.0
    ],
    "multiplicity": 1,
    "provenance": {
        "tag": "HBC Research"
    },
    "fragments": [
        [
            0,
            1,
            2,
            3,
            4,
            5
        ],
        [
            6,
            7,
            8,
            9,
            10,
            11
        ]
    ],
    "fragment_multiplicities": [
        1,
        1
    ],
    "geometry": [
        [
            1.94550597,
            -0.13231697999999995,
            0.0
        ],
        [
            3.0550610799999998,
            -0.20777960999999984,
            0.0
        ],
        [
            1.2744469599999995,
            -1.1798409099999994,
            0.0
        ],
        [
            1.4667104,
            1.12708677,
            0.0
        ],
        [
            0.44465998999999995,
            1.2773196,
            0.0
        ],
        [
            2.11884877,
            1.90053586,
            0.0
        ],
        [
            -1.94550597,
            0.13231697999999995,
            0.0
        ],
        [
            -3.0550610799999998,
            0.20777960999999984,
            0.0
        ],
        [
            -1.2744469599999995,
            1.1798409099999994,
            0.0
        ],
        [
            -1.4667104,
            -1.12708677,
            0.0
        ],
        [
            -0.44465999,
            -1.2773196,
            0.0
        ],
        [
            -2.11884877,
            -1.90053586,
            0.0
        ]
    ],
    "comment": "Formamide Dimer ",
    "symbols": [
        "C",
        "H",
        "O",
        "N",
        "H",
        "H",
        "C",
        "H",
        "O",
        "N",
        "H",
        "H"
    ],
    "name": "FaONFaON",
    "masses": [
        12,
        1.00782503207,
        15.99491461956,
        14.00307400478,
        1.00782503207,
        1.00782503207,
        12,
        1.00782503207,
        15.99491461956,
        14.00307400478,
        1.00782503207,
        1.00782503207
    ],
    "charge": 0.0
}