{
    "real": [
        true,
        true,
        true,
        true,
        true,
        false,
        false,
        false,
        false,
        false,
        false,
        false
    ],
    "fragment_charges": [
        0.0,
        0.0
    ],
    "multiplicity": 1,
    "provenance": {
        "tag": "HBC Research"
    },
    "fragments": [
        [
            0,
            1,
            2,
            3,
            4
        ],
        [
            5,
            6,
            7,
            8,
            9,
            10,
            11
        ]
    ],
    "fragment_multiplicities": [
        1,
        1
    ],
    "geometry": [
        [
            -2.3445272588591375,
            0.16814176048040252,
            0.0
        ],
        [
            -3.446936298859138,
            0.2447757204804025,
            0.0
        ],
        [
            -1.6151098588591382,
            1.1496201204804026,
            0.0
        ],
        [
            -1.909078768859138,
            -1.1094169195195975,
            0.0
        ],
        [
            -0.9239409388591382,
            -1.0885028795195972,
            0.0
        ],
        [
            2.443917811140862,
            -0.1647269795195975,
            0.0
        ],
        [
            3.5446613311408615,
            -0.24124516951959749,
            0.0
        ],
        [
            1.6197671911408618,
            -1.1747837395195975,
            0.0
        ],
        [
            2.1528899411408613,
            -2.0501116695195973,
            0.0
        ],
        [
            1.9688582511408617,
            1.1219566504804026,
            0.0
        ],
        [
            0.9633892211408618,
            1.2784540004804026,
            0.0
        ],
        [
            2.596322551140862,
            1.9119148904804024,
            0.0
        ]
    ],
    "comment": "Formic Acid-Formamidine Complex ",
    "symbols": [
        "C",
        "H",
        "O",
        "O",
        "H",
        "C",
        "H",
        "N",
        "H",
        "N",
        "H",
        "H"
    ],
    "name": "FaOOFaNN",
    "masses": [
        12,
        1.00782503207,
        15.99491461956,
        15.99491461956,
        1.00782503207,
        12,
        1.00782503207,
        14.00307400478,
        1.00782503207,
        14.00307400478,
        1.00782503207,
        1.00782503207
    ],
    "charge": 0.0
}