{
    "real": [
        true,
        true,
        true,
        true,
        true,
        false,
        false,
        false,
        false,
        false
    ],
    "fragment_charges": [
        0.0,
        0.0
    ],
    "multiplicity": 1,
    "provenance": {
        "tag": "HBC Research"
    },
    "fragments": [
        [
            0,
            1,
            2,
            3,
            4
        ],
        [
            5,
            6,
            7,
            8,
            9
        ]
    ],
    "fragment_multiplicities": [
        1,
        1
    ],
    "geometry": [
        [
            2.3909236499999995,
            -0.2085330699999999,
            0.0
        ],
        [
            3.4917114,
            -0.30454225999999995,
            0.0
        ],
        [
            1.61118653,
            -1.1478564599999999,
            0.0
        ],
        [
            2.02488292,
            1.0945284900000003,
            0.0
        ],
        [
            1.0459475899999997,
            1.12557184,
            0.0
        ],
        [
            -2.3909236499999995,
            0.2085330699999999,
            0.0
        ],
        [
            -3.4917114,
            0.30454225999999995,
            0.0
        ],
        [
            -1.61118653,
            1.1478564599999999,
            0.0
        ],
        [
            -2.02488292,
            -1.0945284900000003,
            0.0
        ],
        [
            -1.04594759,
            -1.12557184,
            0.0
        ]
    ],
    "comment": "Formic Acid Dimer ",
    "symbols": [
        "C",
        "H",
        "O",
        "O",
        "H",
        "C",
        "H",
        "O",
        "O",
        "H"
    ],
    "name": "FaOOFaOO",
    "masses": [
        12,
        1.00782503207,
        15.99491461956,
        15.99491461956,
        1.00782503207,
        12,
        1.00782503207,
        15.99491461956,
        15.99491461956,
        1.00782503207
    ],
    "charge": 0.0
}