{
    "real": [
        false,
        false,
        false,
        false,
        false,
        false,
        false,
        true,
        true,
        true,
        true,
        true,
        true,
        true
    ],
    "fragment_charges": [
        0.0,
        0.0
    ],
    "multiplicity": 1,
    "provenance": {
        "tag": "HBC Research"
    },
    "fragments": [
        [
            0,
            1,
            2,
            3,
            4,
            5,
            6
        ],
        [
            7,
            8,
            9,
            10,
            11,
            12,
            13
        ]
    ],
    "fragment_multiplicities": [
        1,
        1
    ],
    "geometry": [
        [
            1.9471395399999998,
            -0.10558827999999995,
            0.0
        ],
        [
            3.05254284,
            -0.1655314099999999,
            0.0
        ],
        [
            1.2570015199999998,
            -1.21627302,
            0.0
        ],
        [
            1.9067373599999997,
            -2.00565055,
            0.0
        ],
        [
            1.46072682,
            1.15251669,
            0.0
        ],
        [
            0.42859973999999995,
            1.3129446499999997,
            0.0
        ],
        [
            2.1228688,
            1.91531762,
            0.0
        ],
        [
            -1.94713954,
            0.10558827999999995,
            0.0
        ],
        [
            -3.05254284,
            0.1655314099999999,
            0.0
        ],
        [
            -1.2570015199999998,
            1.21627302,
            0.0
        ],
        [
            -1.9067373600000002,
            2.00565055,
            0.0
        ],
        [
            -1.4607268199999999,
            -1.15251669,
            0.0
        ],
        [
            -0.42859974,
            -1.3129446499999997,
            0.0
        ],
        [
            -2.1228688,
            -1.91531762,
            0.0
        ]
    ],
    "comment": "Formamidine Dimer ",
    "symbols": [
        "C",
        "H",
        "N",
        "H",
        "N",
        "H",
        "H",
        "C",
        "H",
        "N",
        "H",
        "N",
        "H",
        "H"
    ],
    "name": "FaNNFaNN",
    "masses": [
        12,
        1.00782503207,
        14.00307400478,
        1.00782503207,
        14.00307400478,
        1.00782503207,
        1.00782503207,
        12,
        1.00782503207,
        14.00307400478,
        1.00782503207,
        14.00307400478,
        1.00782503207,
        1.00782503207
    ],
    "charge": 0.0
}