{
    "real": [
        false,
        false,
        false,
        false,
        false,
        true,
        true,
        true,
        true,
        true,
        true,
        true
    ],
    "fragment_charges": [
        0.0,
        0.0
    ],
    "multiplicity": 1,
    "provenance": {
        "tag": "HBC Research"
    },
    "fragments": [
        [
            0,
            1,
            2,
            3,
            4
        ],
        [
            5,
            6,
            7,
            8,
            9,
            10,
            11
        ]
    ],
    "fragment_multiplicities": [
        1,
        1
    ],
    "geometry": [
        [
            -2.051555119252341,
            0.15829849693881834,
            0.0
        ],
        [
            -3.1536932092523404,
            0.24486621693881833,
            0.0
        ],
        [
            -1.345366669252341,
            1.1652381869388182,
            0.0
        ],
        [
            -1.601350339252341,
            -1.0994154830611815,
            0.0
        ],
        [
            -0.596659039252341,
            -1.0881969330611816,
            0.0
        ],
        [
            2.1355495807476594,
            -0.17057869306118162,
            0.0
        ],
        [
            3.2350710307476596,
            -0.2569408830611816,
            0.0
        ],
        [
            1.304988190747659,
            -1.1802852530611816,
            0.0
        ],
        [
            1.825004690747659,
            -2.0617011130611815,
            0.0
        ],
        [
            1.6789446507476589,
            1.1147334669388185,
            0.0
        ],
        [
            0.671155310747659,
            1.285026246938818,
            0.0
        ],
        [
            2.3257427807476594,
            1.8893100569388184,
            0.0
        ]
    ],
    "comment": "Formic Acid-Formamidine Complex ",
    "symbols": [
        "C",
        "H",
        "O",
        "O",
        "H",
        "C",
        "H",
        "N",
        "H",
        "N",
        "H",
        "H"
    ],
    "name": "FaOOFaNN",
    "masses": [
        12,
        1.00782503207,
        15.99491461956,
        15.99491461956,
        1.00782503207,
        12,
        1.00782503207,
        14.00307400478,
        1.00782503207,
        14.00307400478,
        1.00782503207,
        1.00782503207
    ],
    "charge": 0.0
}