{
    "real": [
        true,
        true,
        true,
        true,
        true,
        true,
        true,
        false,
        false,
        false,
        false,
        false,
        false,
        false
    ],
    "fragment_charges": [
        0.0,
        0.0
    ],
    "multiplicity": 1,
    "provenance": {
        "tag": "HBC Research"
    },
    "fragments": [
        [
            0,
            1,
            2,
            3,
            4,
            5,
            6
        ],
        [
            7,
            8,
            9,
            10,
            11,
            12,
            13
        ]
    ],
    "fragment_multiplicities": [
        1,
        1
    ],
    "geometry": [
        [
            1.8969382,
            -0.10782699999999995,
            0.0
        ],
        [
            3.0033999,
            -0.17072120999999993,
            0.0
        ],
        [
            1.2235493599999996,
            -1.2283183799999997,
            0.0
        ],
        [
            1.8859428600000003,
            -2.0063606,
            0.0
        ],
        [
            1.43499889,
            1.15607525,
            0.0
        ],
        [
            0.40250444,
            1.33793562,
            0.0
        ],
        [
            2.11977084,
            1.8988869200000003,
            0.0
        ],
        [
            -1.8969382,
            0.10782699999999995,
            0.0
        ],
        [
            -3.0033999,
            0.17072120999999993,
            0.0
        ],
        [
            -1.2235493599999996,
            1.2283183799999997,
            0.0
        ],
        [
            -1.8859428600000003,
            2.0063606,
            0.0
        ],
        [
            -1.43499889,
            -1.15607525,
            0.0
        ],
        [
            -0.40250444,
            -1.33793562,
            0.0
        ],
        [
            -2.11977084,
            -1.8988869200000003,
            0.0
        ]
    ],
    "comment": "Formamidine Dimer ",
    "symbols": [
        "C",
        "H",
        "N",
        "H",
        "N",
        "H",
        "H",
        "C",
        "H",
        "N",
        "H",
        "N",
        "H",
        "H"
    ],
    "name": "FaNNFaNN",
    "masses": [
        12,
        1.00782503207,
        14.00307400478,
        1.00782503207,
        14.00307400478,
        1.00782503207,
        1.00782503207,
        12,
        1.00782503207,
        14.00307400478,
        1.00782503207,
        14.00307400478,
        1.00782503207,
        1.00782503207
    ],
    "charge": 0.0
}