{
    "real": [
        false,
        false,
        false,
        false,
        false,
        true,
        true,
        true,
        true,
        true
    ],
    "fragment_charges": [
        0.0,
        0.0
    ],
    "multiplicity": 1,
    "provenance": {
        "tag": "HBC Research"
    },
    "fragments": [
        [
            0,
            1,
            2,
            3,
            4
        ],
        [
            5,
            6,
            7,
            8,
            9
        ]
    ],
    "fragment_multiplicities": [
        1,
        1
    ],
    "geometry": [
        [
            2.08997101,
            -0.20499427999999995,
            0.0
        ],
        [
            3.18887965,
            -0.31278044999999993,
            0.0
        ],
        [
            1.31635032,
            -1.15775239,
            0.0
        ],
        [
            1.71259791,
            1.08444718,
            0.0
        ],
        [
            0.72653811,
            1.1153370500000002,
            0.0
        ],
        [
            -2.08997101,
            0.20499427999999995,
            0.0
        ],
        [
            -3.18887965,
            0.31278044999999993,
            0.0
        ],
        [
            -1.31635032,
            1.15775239,
            0.0
        ],
        [
            -1.71259791,
            -1.08444718,
            0.0
        ],
        [
            -0.72653811,
            -1.1153370500000002,
            0.0
        ]
    ],
    "comment": "Formic Acid Dimer ",
    "symbols": [
        "C",
        "H",
        "O",
        "O",
        "H",
        "C",
        "H",
        "O",
        "O",
        "H"
    ],
    "name": "FaOOFaOO",
    "masses": [
        12,
        1.00782503207,
        15.99491461956,
        15.99491461956,
        1.00782503207,
        12,
        1.00782503207,
        15.99491461956,
        15.99491461956,
        1.00782503207
    ],
    "charge": 0.0
}