{
    "real": [
        true,
        true,
        true,
        true,
        true,
        true,
        true,
        true,
        true,
        true,
        true,
        true
    ],
    "fragment_charges": [
        0.0,
        0.0
    ],
    "multiplicity": 1,
    "provenance": {
        "tag": "HBC Research"
    },
    "fragments": [
        [
            0,
            1,
            2,
            3,
            4,
            5
        ],
        [
            6,
            7,
            8,
            9,
            10,
            11
        ]
    ],
    "fragment_multiplicities": [
        1,
        1
    ],
    "geometry": [
        [
            1.8439620599999997,
            -0.14934876999999994,
            0.0
        ],
        [
            2.95481237,
            -0.2393203299999999,
            0.0
        ],
        [
            1.18668392,
            -1.2047944899999998,
            0.0
        ],
        [
            1.42230702,
            1.12368101,
            0.0
        ],
        [
            0.40573498,
            1.32114549,
            0.0
        ],
        [
            2.12347975,
            1.8528520600000002,
            0.0
        ],
        [
            -1.8439620599999997,
            0.14934876999999994,
            0.0
        ],
        [
            -2.95481237,
            0.2393203299999999,
            0.0
        ],
        [
            -1.18668392,
            1.2047944899999998,
            0.0
        ],
        [
            -1.42230702,
            -1.12368101,
            0.0
        ],
        [
            -0.40573498,
            -1.32114549,
            0.0
        ],
        [
            -2.12347975,
            -1.8528520600000002,
            0.0
        ]
    ],
    "comment": "Formamide Dimer ",
    "symbols": [
        "C",
        "H",
        "O",
        "N",
        "H",
        "H",
        "C",
        "H",
        "O",
        "N",
        "H",
        "H"
    ],
    "name": "FaONFaON",
    "masses": [
        12,
        1.00782503207,
        15.99491461956,
        14.00307400478,
        1.00782503207,
        1.00782503207,
        12,
        1.00782503207,
        15.99491461956,
        14.00307400478,
        1.00782503207,
        1.00782503207
    ],
    "charge": 0.0
}