{
    "real": [
        true,
        true,
        true,
        true,
        true,
        false,
        false,
        false,
        false,
        false,
        false,
        false
    ],
    "fragment_charges": [
        0.0,
        0.0
    ],
    "multiplicity": 1,
    "provenance": {
        "tag": "HBC Research"
    },
    "fragments": [
        [
            0,
            1,
            2,
            3,
            4
        ],
        [
            5,
            6,
            7,
            8,
            9,
            10,
            11
        ]
    ],
    "fragment_multiplicities": [
        1,
        1
    ],
    "geometry": [
        [
            -2.00288568164245,
            0.15766228969545085,
            0.0
        ],
        [
            -3.1053340816424493,
            0.24633211969545077,
            0.0
        ],
        [
            -1.3016167416424498,
            1.1696355096954507,
            0.0
        ],
        [
            -1.5579198416424496,
            -1.097494650304549,
            0.0
        ],
        [
            -0.5466821416424497,
            -1.095295050304549,
            0.0
        ],
        [
            2.08391760835755,
            -0.17103897030454918,
            0.0
        ],
        [
            3.18340264835755,
            -0.2594704703045492,
            0.0
        ],
        [
            1.25831079835755,
            -1.1849246803045492,
            0.0
        ],
        [
            1.7800898883575502,
            -2.064741770304549,
            0.0
        ],
        [
            1.6343443683575498,
            1.1140413496954507,
            0.0
        ],
        [
            0.6263583983575504,
            1.2900457196954507,
            0.0
        ],
        [
            2.2886886183575497,
            1.8823533296954507,
            0.0
        ]
    ],
    "comment": "Formic Acid-Formamidine Complex ",
    "symbols": [
        "C",
        "H",
        "O",
        "O",
        "H",
        "C",
        "H",
        "N",
        "H",
        "N",
        "H",
        "H"
    ],
    "name": "FaOOFaNN",
    "masses": [
        12,
        1.00782503207,
        15.99491461956,
        15.99491461956,
        1.00782503207,
        12,
        1.00782503207,
        14.00307400478,
        1.00782503207,
        14.00307400478,
        1.00782503207,
        1.00782503207
    ],
    "charge": 0.0
}