{
    "real": [
        true,
        true,
        true,
        true,
        true,
        true,
        true,
        true,
        true,
        true,
        true,
        true,
        true,
        true
    ],
    "fragment_charges": [
        0.0,
        0.0
    ],
    "multiplicity": 1,
    "provenance": {
        "tag": "HBC Research"
    },
    "fragments": [
        [
            0,
            1,
            2,
            3,
            4,
            5,
            6
        ],
        [
            7,
            8,
            9,
            10,
            11,
            12,
            13
        ]
    ],
    "fragment_multiplicities": [
        1,
        1
    ],
    "geometry": [
        [
            2.6972464299999994,
            -0.12191869999999994,
            0.0
        ],
        [
            3.80009014,
            -0.1717685199999999,
            0.0
        ],
        [
            1.9313979899999998,
            -1.17474481,
            0.0
        ],
        [
            2.52207952,
            -2.01322139,
            0.0
        ],
        [
            2.16339519,
            1.14223517,
            0.0
        ],
        [
            1.15164366,
            1.2494313800000003,
            0.0
        ],
        [
            2.7527004899999996,
            1.96073403,
            0.0
        ],
        [
            -2.6972464299999994,
            0.12191869999999992,
            0.0
        ],
        [
            -3.80009014,
            0.1717685199999999,
            0.0
        ],
        [
            -1.9313979899999998,
            1.17474481,
            0.0
        ],
        [
            -2.52207952,
            2.01322139,
            0.0
        ],
        [
            -2.16339519,
            -1.14223517,
            0.0
        ],
        [
            -1.15164366,
            -1.2494313800000003,
            0.0
        ],
        [
            -2.7527004899999996,
            -1.96073403,
            0.0
        ]
    ],
    "comment": "Formamidine Dimer ",
    "symbols": [
        "C",
        "H",
        "N",
        "H",
        "N",
        "H",
        "H",
        "C",
        "H",
        "N",
        "H",
        "N",
        "H",
        "H"
    ],
    "name": "FaNNFaNN",
    "masses": [
        12,
        1.00782503207,
        14.00307400478,
        1.00782503207,
        14.00307400478,
        1.00782503207,
        1.00782503207,
        12,
        1.00782503207,
        14.00307400478,
        1.00782503207,
        14.00307400478,
        1.00782503207,
        1.00782503207
    ],
    "charge": 0.0
}