{
    "real": [
        true,
        true,
        true,
        true,
        true,
        true,
        true,
        true,
        true,
        true,
        true,
        true
    ],
    "fragment_charges": [
        0.0,
        0.0
    ],
    "multiplicity": 1,
    "provenance": {
        "tag": "HBC Research"
    },
    "fragments": [
        [
            0,
            1,
            2,
            3,
            4,
            5
        ],
        [
            6,
            7,
            8,
            9,
            10,
            11
        ]
    ],
    "fragment_multiplicities": [
        1,
        1
    ],
    "geometry": [
        [
            1.9958116599999998,
            -0.12937221999999995,
            0.0
        ],
        [
            3.10488983,
            -0.20126472999999986,
            0.0
        ],
        [
            1.31722472,
            -1.1717643199999999,
            0.0
        ],
        [
            1.50061758,
            1.1271630600000002,
            0.0
        ],
        [
            0.4784263899999999,
            1.2636988,
            0.0
        ],
        [
            2.1364922699999997,
            1.9140352000000003,
            0.0
        ],
        [
            -1.9958116599999998,
            0.12937221999999995,
            0.0
        ],
        [
            -3.10488983,
            0.20126472999999986,
            0.0
        ],
        [
            -1.31722472,
            1.1717643199999999,
            0.0
        ],
        [
            -1.50061758,
            -1.1271630600000002,
            0.0
        ],
        [
            -0.4784263899999999,
            -1.2636988,
            0.0
        ],
        [
            -2.1364922699999997,
            -1.9140352000000003,
            0.0
        ]
    ],
    "comment": "Formamide Dimer ",
    "symbols": [
        "C",
        "H",
        "O",
        "N",
        "H",
        "H",
        "C",
        "H",
        "O",
        "N",
        "H",
        "H"
    ],
    "name": "FaONFaON",
    "masses": [
        12,
        1.00782503207,
        15.99491461956,
        14.00307400478,
        1.00782503207,
        1.00782503207,
        12,
        1.00782503207,
        15.99491461956,
        14.00307400478,
        1.00782503207,
        1.00782503207
    ],
    "charge": 0.0
}