{
    "real": [
        false,
        false,
        false,
        false,
        false,
        false,
        true,
        true,
        true,
        true,
        true,
        true
    ],
    "fragment_charges": [
        0.0,
        0.0
    ],
    "multiplicity": 1,
    "provenance": {
        "tag": "HBC Research"
    },
    "fragments": [
        [
            0,
            1,
            2,
            3,
            4,
            5
        ],
        [
            6,
            7,
            8,
            9,
            10,
            11
        ]
    ],
    "fragment_multiplicities": [
        1,
        1
    ],
    "geometry": [
        [
            1.8949522499999998,
            -0.13840941999999995,
            0.0
        ],
        [
            3.0051268199999996,
            -0.21949779999999988,
            0.0
        ],
        [
            1.23153916,
            -1.1906430699999997,
            0.0
        ],
        [
            1.43998729,
            1.1262933100000003,
            0.0
        ],
        [
            0.41948595999999994,
            1.2962975,
            0.0
        ],
        [
            2.11367741,
            1.8810099800000002,
            0.0
        ],
        [
            -1.8949522499999998,
            0.13840941999999995,
            0.0
        ],
        [
            -3.0051268199999996,
            0.21949779999999988,
            0.0
        ],
        [
            -1.23153916,
            1.1906430699999997,
            0.0
        ],
        [
            -1.43998729,
            -1.1262933100000003,
            0.0
        ],
        [
            -0.41948596,
            -1.2962975,
            0.0
        ],
        [
            -2.11367741,
            -1.8810099800000002,
            0.0
        ]
    ],
    "comment": "Formamide Dimer ",
    "symbols": [
        "C",
        "H",
        "O",
        "N",
        "H",
        "H",
        "C",
        "H",
        "O",
        "N",
        "H",
        "H"
    ],
    "name": "FaONFaON",
    "masses": [
        12,
        1.00782503207,
        15.99491461956,
        14.00307400478,
        1.00782503207,
        1.00782503207,
        12,
        1.00782503207,
        15.99491461956,
        14.00307400478,
        1.00782503207,
        1.00782503207
    ],
    "charge": 0.0
}