{
    "real": [
        true,
        true,
        true,
        true,
        true,
        false,
        false,
        false,
        false,
        false
    ],
    "fragment_charges": [
        0.0,
        0.0
    ],
    "multiplicity": 1,
    "provenance": {
        "tag": "HBC Research"
    },
    "fragments": [
        [
            0,
            1,
            2,
            3,
            4
        ],
        [
            5,
            6,
            7,
            8,
            9
        ]
    ],
    "fragment_multiplicities": [
        1,
        1
    ],
    "geometry": [
        [
            2.19018321,
            -0.20760326999999992,
            0.0
        ],
        [
            3.28964362,
            -0.31181901999999984,
            0.0
        ],
        [
            1.4121894299999997,
            -1.1534175799999995,
            0.0
        ],
        [
            1.8165256499999998,
            1.0877318600000003,
            0.0
        ],
        [
            0.8337187899999999,
            1.11760094,
            0.0
        ],
        [
            -2.19018321,
            0.20760326999999992,
            0.0
        ],
        [
            -3.28964362,
            0.31181901999999984,
            0.0
        ],
        [
            -1.4121894299999997,
            1.1534175799999995,
            0.0
        ],
        [
            -1.8165256499999998,
            -1.0877318600000003,
            0.0
        ],
        [
            -0.8337187899999999,
            -1.11760094,
            0.0
        ]
    ],
    "comment": "Formic Acid Dimer ",
    "symbols": [
        "C",
        "H",
        "O",
        "O",
        "H",
        "C",
        "H",
        "O",
        "O",
        "H"
    ],
    "name": "FaOOFaOO",
    "masses": [
        12,
        1.00782503207,
        15.99491461956,
        15.99491461956,
        1.00782503207,
        12,
        1.00782503207,
        15.99491461956,
        15.99491461956,
        1.00782503207
    ],
    "charge": 0.0
}