{
    "real": [
        true,
        true,
        true,
        true,
        true,
        true,
        true,
        true,
        true,
        true,
        true,
        true,
        true,
        true
    ],
    "fragment_charges": [
        0.0,
        0.0
    ],
    "multiplicity": 1,
    "provenance": {
        "tag": "HBC Research"
    },
    "fragments": [
        [
            0,
            1,
            2,
            3,
            4,
            5,
            6
        ],
        [
            7,
            8,
            9,
            10,
            11,
            12,
            13
        ]
    ],
    "fragment_multiplicities": [
        1,
        1
    ],
    "geometry": [
        [
            2.8972477599999995,
            -0.1263258699999999,
            0.0
        ],
        [
            4.00054647,
            -0.1744319299999999,
            0.0
        ],
        [
            2.12821587,
            -1.1745144599999995,
            0.0
        ],
        [
            2.7152932999999995,
            -2.0155354599999997,
            0.0
        ],
        [
            2.37424699,
            1.14355972,
            0.0
        ],
        [
            1.36542121,
            1.26070273,
            0.0
        ],
        [
            2.97042339,
            1.9570323799999998,
            0.0
        ],
        [
            -2.8972477599999995,
            0.1263258699999999,
            0.0
        ],
        [
            -4.00054647,
            0.1744319299999999,
            0.0
        ],
        [
            -2.12821587,
            1.1745144599999995,
            0.0
        ],
        [
            -2.7152932999999995,
            2.0155354599999997,
            0.0
        ],
        [
            -2.37424699,
            -1.14355972,
            0.0
        ],
        [
            -1.36542121,
            -1.26070273,
            0.0
        ],
        [
            -2.97042339,
            -1.9570323799999998,
            0.0
        ]
    ],
    "comment": "Formamidine Dimer ",
    "symbols": [
        "C",
        "H",
        "N",
        "H",
        "N",
        "H",
        "H",
        "C",
        "H",
        "N",
        "H",
        "N",
        "H",
        "H"
    ],
    "name": "FaNNFaNN",
    "masses": [
        12,
        1.00782503207,
        14.00307400478,
        1.00782503207,
        14.00307400478,
        1.00782503207,
        1.00782503207,
        12,
        1.00782503207,
        14.00307400478,
        1.00782503207,
        14.00307400478,
        1.00782503207,
        1.00782503207
    ],
    "charge": 0.0
}