{
    "real": [
        true,
        true,
        true,
        true,
        true,
        true,
        true,
        true,
        true,
        true,
        true,
        true
    ],
    "fragment_charges": [
        0.0,
        0.0
    ],
    "multiplicity": 1,
    "provenance": {
        "tag": "HBC Research"
    },
    "fragments": [
        [
            0,
            1,
            2,
            3,
            4,
            5
        ],
        [
            6,
            7,
            8,
            9,
            10,
            11
        ]
    ],
    "fragment_multiplicities": [
        1,
        1
    ],
    "geometry": [
        [
            2.29604573,
            -0.1348175299999999,
            0.0
        ],
        [
            3.4050131199999996,
            -0.19993306999999988,
            0.0
        ],
        [
            1.5933701199999997,
            -1.1548464399999998,
            0.0
        ],
        [
            1.78457816,
            1.12819246,
            0.0
        ],
        [
            0.76947608,
            1.2511081499999999,
            0.0
        ],
        [
            2.3927365299999996,
            1.93641581,
            0.0
        ],
        [
            -2.29604573,
            0.1348175299999999,
            0.0
        ],
        [
            -3.4050131199999996,
            0.1999330699999999,
            0.0
        ],
        [
            -1.5933701199999997,
            1.1548464399999998,
            0.0
        ],
        [
            -1.78457816,
            -1.12819246,
            0.0
        ],
        [
            -0.76947608,
            -1.2511081499999999,
            0.0
        ],
        [
            -2.3927365299999996,
            -1.93641581,
            0.0
        ]
    ],
    "comment": "Formamide Dimer ",
    "symbols": [
        "C",
        "H",
        "O",
        "N",
        "H",
        "H",
        "C",
        "H",
        "O",
        "N",
        "H",
        "H"
    ],
    "name": "FaONFaON",
    "masses": [
        12,
        1.00782503207,
        15.99491461956,
        14.00307400478,
        1.00782503207,
        1.00782503207,
        12,
        1.00782503207,
        15.99491461956,
        14.00307400478,
        1.00782503207,
        1.00782503207
    ],
    "charge": 0.0
}