{
    "real": [
        false,
        false,
        false,
        false,
        false,
        true,
        true,
        true,
        true,
        true,
        true,
        true
    ],
    "fragment_charges": [
        0.0,
        0.0
    ],
    "multiplicity": 1,
    "provenance": {
        "tag": "HBC Research"
    },
    "fragments": [
        [
            0,
            1,
            2,
            3,
            4
        ],
        [
            5,
            6,
            7,
            8,
            9,
            10,
            11
        ]
    ],
    "fragment_multiplicities": [
        1,
        1
    ],
    "geometry": [
        [
            -1.8113126011290501,
            0.1583270594251932,
            0.0
        ],
        [
            -2.91739607112905,
            0.2577984894251932,
            0.0
        ],
        [
            -1.1436716711290504,
            1.199400559425193,
            0.0
        ],
        [
            -1.4197756611290502,
            -1.0900093705748068,
            0.0
        ],
        [
            -0.35849776112905024,
            -1.1541316405748065,
            0.0
        ],
        [
            1.8738160588709498,
            -0.1730810105748068,
            0.0
        ],
        [
            2.9742734688709493,
            -0.27204647057480674,
            0.0
        ],
        [
            1.0984436788709497,
            -1.2231659305748068,
            0.0
        ],
        [
            1.6464998088709495,
            -2.083316500574807,
            0.0
        ],
        [
            1.4863554488709496,
            1.116476989425193,
            0.0
        ],
        [
            0.48139282887094964,
            1.3421424694251929,
            0.0
        ],
        [
            2.199174718870949,
            1.831482389425193,
            0.0
        ]
    ],
    "comment": "Formic Acid-Formamidine Complex ",
    "symbols": [
        "C",
        "H",
        "O",
        "O",
        "H",
        "C",
        "H",
        "N",
        "H",
        "N",
        "H",
        "H"
    ],
    "name": "FaOOFaNN",
    "masses": [
        12,
        1.00782503207,
        15.99491461956,
        15.99491461956,
        1.00782503207,
        12,
        1.00782503207,
        14.00307400478,
        1.00782503207,
        14.00307400478,
        1.00782503207,
        1.00782503207
    ],
    "charge": 0.0
}