{
    "real": [
        true,
        true,
        true,
        true,
        true,
        true,
        true,
        true,
        true,
        true,
        true,
        true,
        true,
        true
    ],
    "fragment_charges": [
        0.0,
        0.0
    ],
    "multiplicity": 1,
    "provenance": {
        "tag": "HBC Research"
    },
    "fragments": [
        [
            0,
            1,
            2,
            3,
            4,
            5,
            6
        ],
        [
            7,
            8,
            9,
            10,
            11,
            12,
            13
        ]
    ],
    "fragment_multiplicities": [
        1,
        1
    ],
    "geometry": [
        [
            2.29747604,
            -0.10772947999999993,
            0.0
        ],
        [
            3.3996845599999994,
            -0.15941243999999988,
            0.0
        ],
        [
            1.5460415,
            -1.17743388,
            0.0
        ],
        [
            2.1495103799999997,
            -2.00594097,
            0.0
        ],
        [
            1.74263302,
            1.1412983500000002,
            0.0
        ],
        [
            0.7213766599999999,
            1.23384217,
            0.0
        ],
        [
            2.3259956999999996,
            1.9645157299999998,
            0.0
        ],
        [
            -2.29747604,
            0.10772947999999993,
            0.0
        ],
        [
            -3.3996845599999994,
            0.15941243999999985,
            0.0
        ],
        [
            -1.5460415,
            1.17743388,
            0.0
        ],
        [
            -2.1495103799999997,
            2.00594097,
            0.0
        ],
        [
            -1.74263302,
            -1.1412983500000002,
            0.0
        ],
        [
            -0.7213766599999999,
            -1.23384217,
            0.0
        ],
        [
            -2.3259956999999996,
            -1.9645157299999998,
            0.0
        ]
    ],
    "comment": "Formamidine Dimer ",
    "symbols": [
        "C",
        "H",
        "N",
        "H",
        "N",
        "H",
        "H",
        "C",
        "H",
        "N",
        "H",
        "N",
        "H",
        "H"
    ],
    "name": "FaNNFaNN",
    "masses": [
        12,
        1.00782503207,
        14.00307400478,
        1.00782503207,
        14.00307400478,
        1.00782503207,
        1.00782503207,
        12,
        1.00782503207,
        14.00307400478,
        1.00782503207,
        14.00307400478,
        1.00782503207,
        1.00782503207
    ],
    "charge": 0.0
}