{
    "real": [
        true,
        true,
        true,
        true,
        true,
        false,
        false,
        false,
        false,
        false,
        false,
        false
    ],
    "fragment_charges": [
        0.0,
        0.0
    ],
    "multiplicity": 1,
    "provenance": {
        "tag": "HBC Research"
    },
    "fragments": [
        [
            0,
            1,
            2,
            3,
            4
        ],
        [
            5,
            6,
            7,
            8,
            9,
            10,
            11
        ]
    ],
    "fragment_multiplicities": [
        1,
        1
    ],
    "geometry": [
        [
            -2.834300259172416,
            0.17412587986287417,
            0.0
        ],
        [
            -3.938366279172415,
            0.23696683986287412,
            0.0
        ],
        [
            -2.091967159172415,
            1.138776069862874,
            0.0
        ],
        [
            -2.4284058291724158,
            -1.120389690137126,
            0.0
        ],
        [
            -1.451070509172415,
            -1.113328140137126,
            0.0
        ],
        [
            2.956328550827585,
            -0.15546371013712582,
            0.0
        ],
        [
            4.059022830827584,
            -0.21822659013712584,
            0.0
        ],
        [
            2.1529505908275848,
            -1.175869110137126,
            0.0
        ],
        [
            2.7069006508275844,
            -2.038786870137126,
            0.0
        ],
        [
            2.477313630827585,
            1.133035229862874,
            0.0
        ],
        [
            1.4754083508275846,
            1.289661799862874,
            0.0
        ],
        [
            3.1022217408275843,
            1.9248494498628739,
            0.0
        ]
    ],
    "comment": "Formic Acid-Formamidine Complex ",
    "symbols": [
        "C",
        "H",
        "O",
        "O",
        "H",
        "C",
        "H",
        "N",
        "H",
        "N",
        "H",
        "H"
    ],
    "name": "FaOOFaNN",
    "masses": [
        12,
        1.00782503207,
        15.99491461956,
        15.99491461956,
        1.00782503207,
        12,
        1.00782503207,
        14.00307400478,
        1.00782503207,
        14.00307400478,
        1.00782503207,
        1.00782503207
    ],
    "charge": 0.0
}