{
    "comment": "Formic Acid from Formic Acid Dimer", 
    "real": [
        true, 
        true, 
        true, 
        true, 
        true
    ], 
    "name": "S22-3-monoA-unCP", 
    "geometry": [
        [
            -0.7443558354960896, 
            -0.2250795649838634, 
            0.0
        ], 
        [
            0.003250058291596967, 
            2.143467265178477, 
            0.0
        ], 
        [
            0.6133386916630624, 
            -2.0900465060764386, 
            0.0
        ], 
        [
            -2.8052760382121087, 
            -0.3746268219620345, 
            0.0
        ], 
        [
            1.8824825419613263, 
            2.206784428986943, 
            0.0
        ]
    ], 
    "multiplicity": 1, 
    "masses": [
        12, 
        15.99491461956, 
        15.99491461956, 
        1.00782503207, 
        1.00782503207
    ], 
    "symbols": [
        "C", 
        "O", 
        "O", 
        "H", 
        "H"
    ], 
    "charge": 0, 
    "fragment_multiplicities": [
        1
    ], 
    "fragments": [
        [
            0, 
            1, 
            2, 
            3, 
            4
        ]
    ], 
    "fragment_charges": [
        0
    ]
}