{
    "comment": "Benzene from Benzene-Water Complex", 
    "real": [
        true, 
        true, 
        true, 
        true, 
        true, 
        true, 
        true, 
        true, 
        true, 
        true, 
        true, 
        true
    ], 
    "name": "S22-17-monoA-unCP", 
    "geometry": [
        [
            0.2855109069574724, 
            -1.2860997507971372, 
            -2.281924807792675
        ], 
        [
            -0.2855790702644055, 
            1.2856816447512684, 
            -2.2826077548171
        ], 
        [
            -0.5704452692484119, 
            2.5722387544462335, 
            0.0
        ], 
        [
            -0.2855790702644055, 
            1.2856816447512684, 
            2.2826077548171
        ], 
        [
            0.2855109069574724, 
            -1.2860997507971372, 
            2.281924807792675
        ], 
        [
            0.5718786823266697, 
            -2.5712531719205947, 
            0.0
        ], 
        [
            0.5048270417343947, 
            -2.2833414903008302, 
            -4.051852886319713
        ], 
        [
            -0.5142631443998817, 
            2.2818857356353934, 
            -4.051676007953675
        ], 
        [
            -1.0160425024102333, 
            4.566435373026646, 
            0.0
        ], 
        [
            -0.5142631443998817, 
            2.2818857356353934, 
            4.051676007953675
        ], 
        [
            0.5048270417343947, 
            -2.2833414903008302, 
            4.051852886319713
        ], 
        [
            1.0194705214217519, 
            -4.565302391862643, 
            0.0
        ]
    ], 
    "multiplicity": 1, 
    "masses": [
        12, 
        12, 
        12, 
        12, 
        12, 
        12, 
        1.00782503207, 
        1.00782503207, 
        1.00782503207, 
        1.00782503207, 
        1.00782503207, 
        1.00782503207
    ], 
    "symbols": [
        "C", 
        "C", 
        "C", 
        "C", 
        "C", 
        "C", 
        "H", 
        "H", 
        "H", 
        "H", 
        "H", 
        "H"
    ], 
    "charge": 0, 
    "fragment_multiplicities": [
        1
    ], 
    "fragments": [
        [
            0, 
            1, 
            2, 
            3, 
            4, 
            5, 
            6, 
            7, 
            8, 
            9, 
            10, 
            11
        ]
    ], 
    "fragment_charges": [
        0
    ]
}