{
    "comment": "Methane from Methane Dimer", 
    "real": [
        true, 
        true, 
        true, 
        true, 
        true
    ], 
    "name": "S22-8-monoA-unCP", 
    "geometry": [
        [
            5.108386173626375e-05, 
            -0.0004896922745976064, 
            0.0
        ], 
        [
            -0.9697563675351757, 
            0.68827012973503, 
            -1.6791180451016712
        ], 
        [
            -0.9697563675351757, 
            0.68827012973503, 
            1.6791180451016712
        ], 
        [
            1.9392861517028503, 
            0.687924309852712, 
            0.0
        ], 
        [
            -0.0003816634226945485, 
            -2.058633887301408, 
            0.0
        ]
    ], 
    "multiplicity": 1, 
    "masses": [
        12, 
        1.00782503207, 
        1.00782503207, 
        1.00782503207, 
        1.00782503207
    ], 
    "symbols": [
        "C", 
        "H", 
        "H", 
        "H", 
        "H"
    ], 
    "charge": 0, 
    "fragment_multiplicities": [
        1
    ], 
    "fragments": [
        [
            0, 
            1, 
            2, 
            3, 
            4
        ]
    ], 
    "fragment_charges": [
        0
    ]
}