{
    "comment": "Benzene from Benzene-HCN Complex", 
    "real": [
        true, 
        true, 
        true, 
        true, 
        true, 
        true, 
        true, 
        true, 
        true, 
        true, 
        true, 
        true
    ], 
    "name": "S22-19-monoA-unCP", 
    "geometry": [
        [
            -1.3169851086139457, 
            0.04700752101353712, 
            2.2822256521930298
        ], 
        [
            -2.6336704999907328, 
            0.09438314413759348, 
            0.0
        ], 
        [
            -1.3169851086139457, 
            0.04700752101353712, 
            -2.2822256521930298
        ], 
        [
            1.3168002800531846, 
            -0.047644136667372536, 
            -2.282534433443144
        ], 
        [
            2.633963583168979, 
            -0.09496609156925492, 
            0.0
        ], 
        [
            1.3168002800531846, 
            -0.047644136667372536, 
            2.282534433443144
        ], 
        [
            -2.3377662216919277, 
            0.08819410207977972, 
            4.051668638021757
        ], 
        [
            -4.675303590876682, 
            0.17308437942126859, 
            0.0
        ], 
        [
            -2.3377662216919277, 
            0.08819410207977972, 
            -4.051668638021757
        ], 
        [
            2.337862962324967, 
            -0.08083679824628227, 
            -4.052057165714677
        ], 
        [
            4.676021862434826, 
            -0.1656977848327114, 
            0.0
        ], 
        [
            2.337862962324967, 
            -0.08083679824628227, 
            4.052057165714677
        ]
    ], 
    "multiplicity": 1, 
    "masses": [
        12, 
        12, 
        12, 
        12, 
        12, 
        12, 
        1.00782503207, 
        1.00782503207, 
        1.00782503207, 
        1.00782503207, 
        1.00782503207, 
        1.00782503207
    ], 
    "symbols": [
        "C", 
        "C", 
        "C", 
        "C", 
        "C", 
        "C", 
        "H", 
        "H", 
        "H", 
        "H", 
        "H", 
        "H"
    ], 
    "charge": 0, 
    "fragment_multiplicities": [
        1
    ], 
    "fragments": [
        [
            0, 
            1, 
            2, 
            3, 
            4, 
            5, 
            6, 
            7, 
            8, 
            9, 
            10, 
            11
        ]
    ], 
    "fragment_charges": [
        0
    ]
}