{
    "comment": "Ammonia from Ammonia Dimer", 
    "real": [
        true, 
        true, 
        true, 
        true
    ], 
    "name": "S22-1-monoB-unCP", 
    "geometry": [
        [
            -0.04816039570186625, 
            0.11977689144735337, 
            0.0
        ], 
        [
            1.0476974579369167, 
            -0.2260562189536495, 
            -1.5298561367695658
        ], 
        [
            -1.4262375089303228, 
            -1.2121096459149796, 
            0.0
        ], 
        [
            1.0476974579369167, 
            -0.2260562189536495, 
            1.5298561367695658
        ]
    ], 
    "multiplicity": 1, 
    "masses": [
        14.00307400478, 
        1.00782503207, 
        1.00782503207, 
        1.00782503207
    ], 
    "symbols": [
        "N", 
        "H", 
        "H", 
        "H"
    ], 
    "charge": 0, 
    "fragment_multiplicities": [
        1
    ], 
    "fragments": [
        [
            0, 
            1, 
            2, 
            3
        ]
    ], 
    "fragment_charges": [
        0
    ]
}