{
    "comment": "Ammonia from Ammonia Dimer", 
    "real": [
        true, 
        true, 
        true, 
        true, 
        false, 
        false, 
        false, 
        false
    ], 
    "name": "S22-1-monoA-CP", 
    "geometry": [
        [
            -2.983344661056957, 
            -0.08808202477993271, 
            0.0
        ], 
        [
            -4.079202514695739, 
            0.2577510856210702, 
            -1.5298561367695658
        ], 
        [
            -4.079202514695739, 
            0.2577510856210702, 
            1.5298561367695658
        ], 
        [
            -1.6052675478285003, 
            1.2438045125824002, 
            0.0
        ], 
        [
            2.983344661056957, 
            0.08808202477993271, 
            0.0
        ], 
        [
            4.079202514695739, 
            -0.2577510856210702, 
            -1.5298561367695658
        ], 
        [
            1.6052675478284997, 
            -1.2438045125824002, 
            0.0
        ], 
        [
            4.079202514695739, 
            -0.2577510856210702, 
            1.5298561367695658
        ]
    ], 
    "multiplicity": 1, 
    "masses": [
        14.00307400478, 
        1.00782503207, 
        1.00782503207, 
        1.00782503207, 
        14.00307400478, 
        1.00782503207, 
        1.00782503207, 
        1.00782503207
    ], 
    "symbols": [
        "N", 
        "H", 
        "H", 
        "H", 
        "N", 
        "H", 
        "H", 
        "H"
    ], 
    "charge": 0, 
    "fragment_multiplicities": [
        1, 
        1
    ], 
    "fragments": [
        [
            0, 
            1, 
            2, 
            3
        ], 
        [
            4, 
            5, 
            6, 
            7
        ]
    ], 
    "fragment_charges": [
        0, 
        0
    ]
}