{
    "comment": "Pyrazine from Pyrazine Dimer", 
    "real": [
        true, 
        true, 
        true, 
        true, 
        true, 
        true, 
        true, 
        true, 
        true, 
        true
    ], 
    "name": "S22-12-monoB-unCP", 
    "geometry": [
        [
            -1.1266518738053244, 
            0.679958215318823, 
            2.1354759457819834
        ], 
        [
            1.1259555337891496, 
            -0.6819932978998806, 
            2.1365825694054013
        ], 
        [
            2.290316526662877, 
            -1.378522350959641, 
            0.0
        ], 
        [
            1.1259555337891496, 
            -0.6819932978998806, 
            -2.1365825694054013
        ], 
        [
            -1.1266518738053244, 
            0.679958215318823, 
            -2.1354759457819834
        ], 
        [
            -2.287515928470147, 
            1.3844912034144203, 
            0.0
        ], 
        [
            -2.0193069094570744, 
            1.2170986956455703, 
            3.8963588501739634
        ], 
        [
            2.00814186460994, 
            -1.234333979349107, 
            3.897368530846764
        ], 
        [
            2.00814186460994, 
            -1.234333979349107, 
            -3.897368530846764
        ], 
        [
            -2.0193069094570744, 
            1.2170986956455703, 
            -3.8963588501739634
        ]
    ], 
    "multiplicity": 1, 
    "masses": [
        12, 
        12, 
        14.00307400478, 
        12, 
        12, 
        14.00307400478, 
        1.00782503207, 
        1.00782503207, 
        1.00782503207, 
        1.00782503207
    ], 
    "symbols": [
        "C", 
        "C", 
        "N", 
        "C", 
        "C", 
        "N", 
        "H", 
        "H", 
        "H", 
        "H"
    ], 
    "charge": 0, 
    "fragment_multiplicities": [
        1
    ], 
    "fragments": [
        [
            0, 
            1, 
            2, 
            3, 
            4, 
            5, 
            6, 
            7, 
            8, 
            9
        ]
    ], 
    "fragment_charges": [
        0
    ]
}