{
    "comment": "Methane from Benzene-Methane Complex", 
    "real": [
        true, 
        true, 
        true, 
        true, 
        true
    ], 
    "name": "S22-10-monoB-unCP", 
    "geometry": [
        [
            1.3850692279993793e-17, 
            0.0, 
            -0.0006324063283273728
        ], 
        [
            1.1090379375252073, 
            1.5839196896505177, 
            0.6867700254000485
        ], 
        [
            -1.9262335630742478, 
            0.16849516296738892, 
            0.6867700254000485
        ], 
        [
            1.3850692279993793e-17, 
            0.0, 
            -2.052780122390265
        ], 
        [
            0.8171956255490402, 
            -1.7524148526179066, 
            0.6867700254000485
        ]
    ], 
    "multiplicity": 1, 
    "masses": [
        12, 
        1.00782503207, 
        1.00782503207, 
        1.00782503207, 
        1.00782503207
    ], 
    "symbols": [
        "C", 
        "H", 
        "H", 
        "H", 
        "H"
    ], 
    "charge": 0, 
    "fragment_multiplicities": [
        1
    ], 
    "fragments": [
        [
            0, 
            1, 
            2, 
            3, 
            4
        ]
    ], 
    "fragment_charges": [
        0
    ]
}