{
    "comment": "Water from Benzene-Water Complex", 
    "real": [
        true, 
        true, 
        true
    ], 
    "name": "S22-17-monoB-unCP", 
    "geometry": [
        [
            -0.11130979239524569, 
            0.06050698606843975, 
            0.0
        ], 
        [
            0.20165833493828977, 
            -1.7245239726852333, 
            0.0
        ], 
        [
            1.564908845900739, 
            0.7642341949409748, 
            0.0
        ]
    ], 
    "multiplicity": 1, 
    "masses": [
        15.99491461956, 
        1.00782503207, 
        1.00782503207
    ], 
    "symbols": [
        "O", 
        "H", 
        "H"
    ], 
    "charge": 0, 
    "fragment_multiplicities": [
        1
    ], 
    "fragments": [
        [
            0, 
            1, 
            2
        ]
    ], 
    "fragment_charges": [
        0
    ]
}