{
    "comment": "Ethene Dimer", 
    "real": [
        true, 
        true, 
        true, 
        true, 
        true, 
        true, 
        true, 
        true, 
        true, 
        true, 
        true, 
        true
    ], 
    "name": "S22-9-dimer", 
    "geometry": [
        [
            -1.2612083902882056, 
            -3.861337045560592e-17, 
            -3.513210640635161
        ], 
        [
            1.2612083902882056, 
            3.861337045560592e-17, 
            -3.513210640635161
        ], 
        [
            -2.3315271415419665, 
            -7.138243127536368e-17, 
            -1.7690198761475724
        ], 
        [
            2.3315271415419665, 
            7.138243127536368e-17, 
            -1.7690198761475724
        ], 
        [
            -2.326294432895315, 
            -7.122222577798887e-17, 
            -5.259689863469673
        ], 
        [
            2.326294432895315, 
            7.122222577798887e-17, 
            -5.259689863469673
        ], 
        [
            -3.861337045560592e-17, 
            1.2612083902882056, 
            3.513210640635161
        ], 
        [
            3.861337045560592e-17, 
            -1.2612083902882056, 
            3.513210640635161
        ], 
        [
            -7.138243127536368e-17, 
            2.3315271415419665, 
            1.7690198761475724
        ], 
        [
            7.138243127536368e-17, 
            -2.3315271415419665, 
            1.7690198761475724
        ], 
        [
            -7.122222577798887e-17, 
            2.326294432895315, 
            5.259689863469673
        ], 
        [
            7.122222577798887e-17, 
            -2.326294432895315, 
            5.259689863469673
        ]
    ], 
    "multiplicity": 1, 
    "masses": [
        12, 
        12, 
        1.00782503207, 
        1.00782503207, 
        1.00782503207, 
        1.00782503207, 
        12, 
        12, 
        1.00782503207, 
        1.00782503207, 
        1.00782503207, 
        1.00782503207
    ], 
    "symbols": [
        "C", 
        "C", 
        "H", 
        "H", 
        "H", 
        "H", 
        "C", 
        "C", 
        "H", 
        "H", 
        "H", 
        "H"
    ], 
    "charge": 0, 
    "fragment_multiplicities": [
        1, 
        1
    ], 
    "fragments": [
        [
            0, 
            1, 
            2, 
            3, 
            4, 
            5
        ], 
        [
            6, 
            7, 
            8, 
            9, 
            10, 
            11
        ]
    ], 
    "fragment_charges": [
        0, 
        0
    ]
}