{
    "comment": "Benzene from Indole-Benzene Complex T-Shape", 
    "real": [
        true, 
        true, 
        true, 
        true, 
        true, 
        true, 
        true, 
        true, 
        true, 
        true, 
        true, 
        true
    ], 
    "name": "S22-21-monoA-unCP", 
    "geometry": [
        [
            -0.7629723529225012, 
            2.5217921210308867, 
            0.0
        ], 
        [
            -0.3829300972557093, 
            1.261040355516155, 
            -2.283340590611433
        ], 
        [
            0.3819794518129712, 
            -1.2609830391724657, 
            -2.2834783516465205
        ], 
        [
            0.7667327947290469, 
            -2.5214059923400756, 
            0.0
        ], 
        [
            0.3819794518129712, 
            -1.2609830391724657, 
            2.2834783516465205
        ], 
        [
            -0.3829300972557093, 
            1.261040355516155, 
            2.283340590611433
        ], 
        [
            -1.3478348431734628, 
            4.4797770515624915, 
            0.0
        ], 
        [
            -0.6887509024094448, 
            2.2358312036980994, 
            -4.052687767325222
        ], 
        [
            0.6701963242031971, 
            -2.240611397281984, 
            -4.053156230433564
        ], 
        [
            1.362807408071646, 
            -4.4761791443362275, 
            0.0
        ], 
        [
            0.6701963242031971, 
            -2.240611397281984, 
            4.053156230433564
        ], 
        [
            -0.6887509024094448, 
            2.2358312036980994, 
            4.052687767325222
        ]
    ], 
    "multiplicity": 1, 
    "masses": [
        12, 
        12, 
        12, 
        12, 
        12, 
        12, 
        1.00782503207, 
        1.00782503207, 
        1.00782503207, 
        1.00782503207, 
        1.00782503207, 
        1.00782503207
    ], 
    "symbols": [
        "C", 
        "C", 
        "C", 
        "C", 
        "C", 
        "C", 
        "H", 
        "H", 
        "H", 
        "H", 
        "H", 
        "H"
    ], 
    "charge": 0, 
    "fragment_multiplicities": [
        1
    ], 
    "fragments": [
        [
            0, 
            1, 
            2, 
            3, 
            4, 
            5, 
            6, 
            7, 
            8, 
            9, 
            10, 
            11
        ]
    ], 
    "fragment_charges": [
        0
    ]
}