{
    "comment": "Benzene from Benzene Dimer PD", 
    "real": [
        true, 
        true, 
        true, 
        true, 
        true, 
        true, 
        true, 
        true, 
        true, 
        true, 
        true, 
        true
    ], 
    "name": "S22-11-monoA-unCP", 
    "geometry": [
        [
            1.5348961600578386, 
            -2.1410070708639433, 
            0.0
        ], 
        [
            0.7663857378429443, 
            -1.0709917890102107, 
            2.279396732172101
        ], 
        [
            0.7663857378429443, 
            -1.0709917890102107, 
            -2.279396732172101
        ], 
        [
            -0.7686267056528131, 
            1.0693250682063853, 
            2.2808123260182454
        ], 
        [
            -1.5333631558077214, 
            2.1424251389994398, 
            0.0
        ], 
        [
            -0.7686267056528131, 
            1.0693250682063853, 
            -2.2808123260182454
        ], 
        [
            1.3723264223527258, 
            -1.8960715409582631, 
            -4.048388640372907
        ], 
        [
            -1.3652081435442518, 
            1.8991899846681304, 
            -4.051190537310136
        ], 
        [
            -2.7268463401701233, 
            3.8020750365075098, 
            0.0
        ], 
        [
            -1.3652081435442518, 
            1.8991899846681304, 
            4.051190537310136
        ], 
        [
            1.3723264223527258, 
            -1.8960715409582631, 
            4.048388640372907
        ], 
        [
            2.747722203171231, 
            -3.7855059001289892, 
            0.0
        ]
    ], 
    "multiplicity": 1, 
    "masses": [
        12, 
        12, 
        12, 
        12, 
        12, 
        12, 
        1.00782503207, 
        1.00782503207, 
        1.00782503207, 
        1.00782503207, 
        1.00782503207, 
        1.00782503207
    ], 
    "symbols": [
        "C", 
        "C", 
        "C", 
        "C", 
        "C", 
        "C", 
        "H", 
        "H", 
        "H", 
        "H", 
        "H", 
        "H"
    ], 
    "charge": 0, 
    "fragment_multiplicities": [
        1
    ], 
    "fragments": [
        [
            0, 
            1, 
            2, 
            3, 
            4, 
            5, 
            6, 
            7, 
            8, 
            9, 
            10, 
            11
        ]
    ], 
    "fragment_charges": [
        0
    ]
}