{
    "comment": "HCN from Benzene-HCN Complex", 
    "real": [
        true, 
        true, 
        true
    ], 
    "name": "S22-19-monoB-unCP", 
    "geometry": [
        [
            -0.07664437721473641, 
            1.1350447804182597, 
            0.0
        ], 
        [
            0.0719034036117515, 
            -1.0658977036757338, 
            0.0
        ], 
        [
            0.20878231454028384, 
            -3.0792483973664626, 
            0.0
        ]
    ], 
    "multiplicity": 1, 
    "masses": [
        14.00307400478, 
        12, 
        1.00782503207
    ], 
    "symbols": [
        "N", 
        "C", 
        "H"
    ], 
    "charge": 0, 
    "fragment_multiplicities": [
        1
    ], 
    "fragments": [
        [
            0, 
            1, 
            2
        ]
    ], 
    "fragment_charges": [
        0
    ]
}