{
    "comment": "Methane Dimer", 
    "real": [
        true, 
        true, 
        true, 
        true, 
        true, 
        true, 
        true, 
        true, 
        true, 
        true
    ], 
    "name": "S22-8-dimer", 
    "geometry": [
        [
            0.0002645616586040976, 
            -3.5133051269418054, 
            0.0
        ], 
        [
            -0.969542889738308, 
            -2.824545304932178, 
            -1.6791180451016712
        ], 
        [
            -0.969542889738308, 
            -2.824545304932178, 
            1.6791180451016712
        ], 
        [
            1.939499629499718, 
            -2.8248911248144952, 
            0.0
        ], 
        [
            -0.00016818562582665163, 
            -5.571449321968615, 
            0.0
        ], 
        [
            -0.0002645616586040976, 
            3.5133051269418054, 
            0.0
        ], 
        [
            0.00016818562582665163, 
            5.571449321968615, 
            0.0
        ], 
        [
            0.969542889738308, 
            2.824545304932178, 
            -1.6791180451016712
        ], 
        [
            0.969542889738308, 
            2.824545304932178, 
            1.6791180451016712
        ], 
        [
            -1.939499629499718, 
            2.8248911248144952, 
            0.0
        ]
    ], 
    "multiplicity": 1, 
    "masses": [
        12, 
        1.00782503207, 
        1.00782503207, 
        1.00782503207, 
        1.00782503207, 
        12, 
        1.00782503207, 
        1.00782503207, 
        1.00782503207, 
        1.00782503207
    ], 
    "symbols": [
        "C", 
        "H", 
        "H", 
        "H", 
        "H", 
        "C", 
        "H", 
        "H", 
        "H", 
        "H"
    ], 
    "charge": 0, 
    "fragment_multiplicities": [
        1, 
        1
    ], 
    "fragments": [
        [
            0, 
            1, 
            2, 
            3, 
            4
        ], 
        [
            5, 
            6, 
            7, 
            8, 
            9
        ]
    ], 
    "fragment_charges": [
        0, 
        0
    ]
}