{
    "comment": "Water from Water Dimer", 
    "real": [
        true, 
        true, 
        true
    ], 
    "name": "S22-2-monoB-unCP", 
    "geometry": [
        [
            0.0, 
            0.0, 
            0.12407344617377553
        ], 
        [
            -4.388743910018664e-17, 
            1.4334725450878665, 
            -0.9845678143298356
        ], 
        [
            4.388743910018664e-17, 
            -1.4334725450878665, 
            -0.9845678143298356
        ]
    ], 
    "multiplicity": 1, 
    "masses": [
        15.99491461956, 
        1.00782503207, 
        1.00782503207
    ], 
    "symbols": [
        "O", 
        "H", 
        "H"
    ], 
    "charge": 0, 
    "fragment_multiplicities": [
        1
    ], 
    "fragments": [
        [
            0, 
            1, 
            2
        ]
    ], 
    "fragment_charges": [
        0
    ]
}