{
    "comment": "Pyrazine from Pyrazine Dimer", 
    "real": [
        true, 
        true, 
        true, 
        true, 
        true, 
        true, 
        true, 
        true, 
        true, 
        true
    ], 
    "name": "S22-12-monoA-unCP", 
    "geometry": [
        [
            -1.868927670571392, 
            1.0363667985777332, 
            -1.315511682475652
        ], 
        [
            -1.868927670571392, 
            1.0363667985777332, 
            1.315511682475652
        ], 
        [
            -0.0014277405702969748, 
            -0.006300744626104323, 
            2.672979064553631
        ], 
        [
            1.8703151915169665, 
            -1.0298614558729486, 
            1.3166266208940545
        ], 
        [
            1.8703151915169665, 
            -1.0298614558729486, 
            -1.3166266208940545
        ], 
        [
            -0.0014277405702969748, 
            -0.006300744626104323, 
            -2.672979064553631
        ], 
        [
            -3.4114107683882864, 
            1.8858011519538025, 
            -2.357017044107765
        ], 
        [
            -3.4114107683882864, 
            1.8858011519538025, 
            2.357017044107765
        ], 
        [
            3.4147273217703096, 
            -1.8757144002819728, 
            2.3575474902332663
        ], 
        [
            3.4147273217703096, 
            -1.8757144002819728, 
            -2.3575474902332663
        ]
    ], 
    "multiplicity": 1, 
    "masses": [
        12, 
        12, 
        14.00307400478, 
        12, 
        12, 
        14.00307400478, 
        1.00782503207, 
        1.00782503207, 
        1.00782503207, 
        1.00782503207
    ], 
    "symbols": [
        "C", 
        "C", 
        "N", 
        "C", 
        "C", 
        "N", 
        "H", 
        "H", 
        "H", 
        "H"
    ], 
    "charge": 0, 
    "fragment_multiplicities": [
        1
    ], 
    "fragments": [
        [
            0, 
            1, 
            2, 
            3, 
            4, 
            5, 
            6, 
            7, 
            8, 
            9
        ]
    ], 
    "fragment_charges": [
        0
    ]
}